<?xml version="1.0"?>
<iepd:FoiaAnnualReport xmlns:iepd="http://leisp.usdoj.gov/niem/FoiaAnnualReport/exchange/1.03" xmlns:foia="http://leisp.usdoj.gov/niem/FoiaAnnualReport/extension/1.03" xmlns:i="http://niem.gov/niem/appinfo/2.0" xmlns:j="http://niem.gov/niem/domains/jxdm/4.1" xmlns:nc="http://niem.gov/niem/niem-core/2.0" xmlns:s="http://niem.gov/niem/structures/2.0" xmlns:xsi="http://www.w3.org/2001/XMLSchema-instance" xsi:schemaLocation="http://leisp.usdoj.gov/niem/FoiaAnnualReport/exchange/1.03 ../schema/exchange/FoiaAnnualReport.xsd">
  <nc:DocumentApplicationName nc:applicationVersionText="1.1">FOIA Annual Report Workbook</nc:DocumentApplicationName>
  <nc:DocumentCreationDate>
    <nc:Date>2020-08-21</nc:Date>
  </nc:DocumentCreationDate>
  <nc:DocumentDescriptionText>FOIA Annual Report</nc:DocumentDescriptionText>
<nc:Organization s:id="ORG0"><nc:OrganizationAbbreviationText>OSTP</nc:OrganizationAbbreviationText><nc:OrganizationName>Office of Science and Technology Policy</nc:OrganizationName></nc:Organization><foia:DocumentFiscalYearDate>2016</foia:DocumentFiscalYearDate><foia:Exemption3StatuteSection><foia:ReliedUponStatute s:id="ES1"><j:StatuteDescriptionText>0</j:StatuteDescriptionText><foia:ReliedUponStatuteInformationWithheldText>0</foia:ReliedUponStatuteInformationWithheldText><nc:Case><nc:CaseTitleText>N/A</nc:CaseTitleText></nc:Case></foia:ReliedUponStatute><foia:ReliedUponStatuteOrganizationAssociation><foia:ComponentDataReference s:ref="ES1"/><nc:OrganizationReference s:ref="ORG0"/><foia:ReliedUponStatuteQuantity>0</foia:ReliedUponStatuteQuantity></foia:ReliedUponStatuteOrganizationAssociation><foia:ReliedUponStatuteOrganizationAssociation><foia:ComponentDataReference s:ref="ES1"/><nc:OrganizationReference s:ref="ORG0"/><foia:ReliedUponStatuteQuantity>0</foia:ReliedUponStatuteQuantity></foia:ReliedUponStatuteOrganizationAssociation></foia:Exemption3StatuteSection><foia:ProcessedRequestSection><foia:ProcessingStatistics s:id="PS1"><foia:ProcessingStatisticsPendingAtStartQuantity>10</foia:ProcessingStatisticsPendingAtStartQuantity><foia:ProcessingStatisticsReceivedQuantity>71</foia:ProcessingStatisticsReceivedQuantity><foia:ProcessingStatisticsProcessedQuantity>64</foia:ProcessingStatisticsProcessedQuantity><foia:ProcessingStatisticsPendingAtEndQuantity>17</foia:ProcessingStatisticsPendingAtEndQuantity></foia:ProcessingStatistics><foia:ProcessingStatisticsOrganizationAssociation><foia:ComponentDataReference s:ref="PS1"/><nc:OrganizationReference s:ref="ORG0"/></foia:ProcessingStatisticsOrganizationAssociation></foia:ProcessedRequestSection><foia:RequestDispositionSection><foia:RequestDisposition s:id="RD1"><foia:RequestDispositionFullGrantQuantity>15</foia:RequestDispositionFullGrantQuantity><foia:RequestDispositionPartialGrantQuantity>4</foia:RequestDispositionPartialGrantQuantity><foia:RequestDispositionFullExemptionDenialQuantity>2</foia:RequestDispositionFullExemptionDenialQuantity><foia:NonExemptionDenial><foia:NonExemptionDenialReasonCode>NoRecords</foia:NonExemptionDenialReasonCode><foia:NonExemptionDenialQuantity>38</foia:NonExemptionDenialQuantity></foia:NonExemptionDenial><foia:NonExemptionDenial><foia:NonExemptionDenialReasonCode>Withdrawn</foia:NonExemptionDenialReasonCode><foia:NonExemptionDenialQuantity>1</foia:NonExemptionDenialQuantity></foia:NonExemptionDenial><foia:NonExemptionDenial><foia:NonExemptionDenialReasonCode>NotDescribed</foia:NonExemptionDenialReasonCode><foia:NonExemptionDenialQuantity>4</foia:NonExemptionDenialQuantity></foia:NonExemptionDenial><foia:RequestDispositionTotalQuantity>64</foia:RequestDispositionTotalQuantity></foia:RequestDisposition><foia:RequestDispositionOrganizationAssociation><foia:ComponentDataReference s:ref="RD1"/><nc:OrganizationReference s:ref="ORG0"/></foia:RequestDispositionOrganizationAssociation></foia:RequestDispositionSection><foia:RequestDenialOtherReasonSection><foia:ComponentOtherDenialReason s:id="CODR1"><foia:OtherDenialReason><foia:OtherDenialReasonDescriptionText>N/A</foia:OtherDenialReasonDescriptionText><foia:OtherDenialReasonQuantity>0</foia:OtherDenialReasonQuantity></foia:OtherDenialReason><foia:OtherDenialReason><foia:OtherDenialReasonDescriptionText>N/A</foia:OtherDenialReasonDescriptionText><foia:OtherDenialReasonQuantity>0</foia:OtherDenialReasonQuantity></foia:OtherDenialReason><foia:ComponentOtherDenialReasonQuantity>0</foia:ComponentOtherDenialReasonQuantity></foia:ComponentOtherDenialReason><foia:OtherDenialReasonOrganizationAssociation><foia:ComponentDataReference s:ref="CODR1"/><nc:OrganizationReference s:ref="ORG0"/></foia:OtherDenialReasonOrganizationAssociation></foia:RequestDenialOtherReasonSection><foia:RequestDispositionAppliedExemptionsSection><foia:ComponentAppliedExemptions s:id="RDE1"><foia:AppliedExemption><foia:AppliedExemptionCode>Ex. 2</foia:AppliedExemptionCode><foia:AppliedExemptionQuantity>7</foia:AppliedExemptionQuantity></foia:AppliedExemption><foia:AppliedExemption><foia:AppliedExemptionCode>Ex. 5</foia:AppliedExemptionCode><foia:AppliedExemptionQuantity>2</foia:AppliedExemptionQuantity></foia:AppliedExemption><foia:AppliedExemption><foia:AppliedExemptionCode>Ex. 6</foia:AppliedExemptionCode><foia:AppliedExemptionQuantity>7</foia:AppliedExemptionQuantity></foia:AppliedExemption></foia:ComponentAppliedExemptions><foia:ComponentAppliedExemptionsOrganizationAssociation><foia:ComponentDataReference s:ref="RDE1"/><nc:OrganizationReference s:ref="ORG0"/></foia:ComponentAppliedExemptionsOrganizationAssociation></foia:RequestDispositionAppliedExemptionsSection><foia:ProcessedAppealSection><foia:ProcessingStatistics s:id="PA1"><foia:ProcessingStatisticsPendingAtStartQuantity>0</foia:ProcessingStatisticsPendingAtStartQuantity><foia:ProcessingStatisticsReceivedQuantity>3</foia:ProcessingStatisticsReceivedQuantity><foia:ProcessingStatisticsProcessedQuantity>3</foia:ProcessingStatisticsProcessedQuantity><foia:ProcessingStatisticsPendingAtEndQuantity>0</foia:ProcessingStatisticsPendingAtEndQuantity></foia:ProcessingStatistics><foia:ProcessingStatisticsOrganizationAssociation><foia:ComponentDataReference s:ref="PA1"/><nc:OrganizationReference s:ref="ORG0"/></foia:ProcessingStatisticsOrganizationAssociation></foia:ProcessedAppealSection><foia:AppealDispositionSection><foia:AppealDisposition s:id="AD1"><foia:AppealDispositionAffirmedQuantity>1</foia:AppealDispositionAffirmedQuantity><foia:AppealDispositionPartialQuantity>0</foia:AppealDispositionPartialQuantity><foia:AppealDispositionReversedQuantity>2</foia:AppealDispositionReversedQuantity><foia:AppealDispositionOtherQuantity>0</foia:AppealDispositionOtherQuantity><foia:AppealDispositionTotalQuantity>3</foia:AppealDispositionTotalQuantity></foia:AppealDisposition><foia:AppealDispositionOrganizationAssociation><foia:ComponentDataReference s:ref="AD1"/><nc:OrganizationReference s:ref="ORG0"/></foia:AppealDispositionOrganizationAssociation></foia:AppealDispositionSection><foia:AppealDispositionAppliedExemptionsSection><foia:ComponentAppliedExemptions s:id="ADE1"/><foia:ComponentAppliedExemptionsOrganizationAssociation><foia:ComponentDataReference s:ref="ADE1"/><nc:OrganizationReference s:ref="ORG0"/></foia:ComponentAppliedExemptionsOrganizationAssociation></foia:AppealDispositionAppliedExemptionsSection><foia:AppealNonExemptionDenialSection><foia:AppealNonExemptionDenial s:id="ANE1"><foia:NonExemptionDenial><foia:NonExemptionDenialReasonCode>NoRecords</foia:NonExemptionDenialReasonCode><foia:NonExemptionDenialQuantity>1</foia:NonExemptionDenialQuantity></foia:NonExemptionDenial></foia:AppealNonExemptionDenial><foia:AppealNonExemptionDenialOrganizationAssociation><foia:ComponentDataReference s:ref="ANE1"/><nc:OrganizationReference s:ref="ORG0"/></foia:AppealNonExemptionDenialOrganizationAssociation></foia:AppealNonExemptionDenialSection><foia:AppealDenialOtherReasonSection><foia:ComponentOtherDenialReason s:id="ADOR1"><foia:OtherDenialReason><foia:OtherDenialReasonDescriptionText>N/A</foia:OtherDenialReasonDescriptionText><foia:OtherDenialReasonQuantity>0</foia:OtherDenialReasonQuantity></foia:OtherDenialReason><foia:OtherDenialReason><foia:OtherDenialReasonDescriptionText>N/A</foia:OtherDenialReasonDescriptionText><foia:OtherDenialReasonQuantity>0</foia:OtherDenialReasonQuantity></foia:OtherDenialReason><foia:ComponentOtherDenialReasonQuantity>0</foia:ComponentOtherDenialReasonQuantity></foia:ComponentOtherDenialReason><foia:OtherDenialReasonOrganizationAssociation><foia:ComponentDataReference s:ref="ADOR1"/><nc:OrganizationReference s:ref="ORG0"/></foia:OtherDenialReasonOrganizationAssociation></foia:AppealDenialOtherReasonSection><foia:AppealResponseTimeSection><foia:ResponseTime s:id="ART1"><foia:ResponseTimeMedianDaysValue>295</foia:ResponseTimeMedianDaysValue><foia:ResponseTimeAverageDaysValue>207</foia:ResponseTimeAverageDaysValue><foia:ResponseTimeLowestDaysValue>1</foia:ResponseTimeLowestDaysValue><foia:ResponseTimeHighestDaysValue>325</foia:ResponseTimeHighestDaysValue></foia:ResponseTime><foia:ResponseTimeOrganizationAssociation><foia:ComponentDataReference s:ref="ART1"/><nc:OrganizationReference s:ref="ORG0"/></foia:ResponseTimeOrganizationAssociation></foia:AppealResponseTimeSection><foia:OldestPendingAppealSection><foia:OldestPendingItems s:id="OPA1"/><foia:OldestPendingItemsOrganizationAssociation><foia:ComponentDataReference s:ref="OPA1"/><nc:OrganizationReference s:ref="ORG0"/></foia:OldestPendingItemsOrganizationAssociation></foia:OldestPendingAppealSection><foia:ProcessedResponseTimeSection><foia:ProcessedResponseTime s:id="PRT1"><foia:SimpleResponseTime><foia:ResponseTimeMedianDaysValue>9</foia:ResponseTimeMedianDaysValue><foia:ResponseTimeAverageDaysValue>13.13208</foia:ResponseTimeAverageDaysValue><foia:ResponseTimeLowestDaysValue>1</foia:ResponseTimeLowestDaysValue><foia:ResponseTimeHighestDaysValue>112</foia:ResponseTimeHighestDaysValue></foia:SimpleResponseTime><foia:ComplexResponseTime><foia:ResponseTimeMedianDaysValue>141.5</foia:ResponseTimeMedianDaysValue><foia:ResponseTimeAverageDaysValue>165.875</foia:ResponseTimeAverageDaysValue><foia:ResponseTimeLowestDaysValue>19</foia:ResponseTimeLowestDaysValue><foia:ResponseTimeHighestDaysValue>322</foia:ResponseTimeHighestDaysValue></foia:ComplexResponseTime><foia:ExpeditedResponseTime><foia:ResponseTimeMedianDaysValue>114</foia:ResponseTimeMedianDaysValue><foia:ResponseTimeAverageDaysValue>78</foia:ResponseTimeAverageDaysValue><foia:ResponseTimeLowestDaysValue>1</foia:ResponseTimeLowestDaysValue><foia:ResponseTimeHighestDaysValue>119</foia:ResponseTimeHighestDaysValue></foia:ExpeditedResponseTime></foia:ProcessedResponseTime><foia:ProcessedResponseTimeOrganizationAssociation><foia:ComponentDataReference s:ref="PRT1"/><nc:OrganizationReference s:ref="ORG0"/></foia:ProcessedResponseTimeOrganizationAssociation></foia:ProcessedResponseTimeSection><foia:InformationGrantedResponseTimeSection><foia:ProcessedResponseTime s:id="IGR1"><foia:SimpleResponseTime><foia:ResponseTimeMedianDaysValue>14</foia:ResponseTimeMedianDaysValue><foia:ResponseTimeAverageDaysValue>22.85714</foia:ResponseTimeAverageDaysValue><foia:ResponseTimeLowestDaysValue>2</foia:ResponseTimeLowestDaysValue><foia:ResponseTimeHighestDaysValue>112</foia:ResponseTimeHighestDaysValue></foia:SimpleResponseTime><foia:ComplexResponseTime><foia:ResponseTimeMedianDaysValue>153</foia:ResponseTimeMedianDaysValue><foia:ResponseTimeAverageDaysValue>201.6667</foia:ResponseTimeAverageDaysValue><foia:ResponseTimeLowestDaysValue>130</foia:ResponseTimeLowestDaysValue><foia:ResponseTimeHighestDaysValue>322</foia:ResponseTimeHighestDaysValue></foia:ComplexResponseTime><foia:ExpeditedResponseTime><foia:ResponseTimeMedianDaysValue>116.5</foia:ResponseTimeMedianDaysValue><foia:ResponseTimeAverageDaysValue>116.5</foia:ResponseTimeAverageDaysValue><foia:ResponseTimeLowestDaysValue>114</foia:ResponseTimeLowestDaysValue><foia:ResponseTimeHighestDaysValue>119</foia:ResponseTimeHighestDaysValue></foia:ExpeditedResponseTime></foia:ProcessedResponseTime><foia:ProcessedResponseTimeOrganizationAssociation><foia:ComponentDataReference s:ref="IGR1"/><nc:OrganizationReference s:ref="ORG0"/></foia:ProcessedResponseTimeOrganizationAssociation></foia:InformationGrantedResponseTimeSection><foia:SimpleResponseTimeIncrementsSection><foia:ComponentResponseTimeIncrements s:id="SRT1"><foia:TimeIncrement><foia:TimeIncrementCode>1-20</foia:TimeIncrementCode><foia:TimeIncrementProcessedQuantity>45</foia:TimeIncrementProcessedQuantity></foia:TimeIncrement><foia:TimeIncrement><foia:TimeIncrementCode>21-40</foia:TimeIncrementCode><foia:TimeIncrementProcessedQuantity>4</foia:TimeIncrementProcessedQuantity></foia:TimeIncrement><foia:TimeIncrement><foia:TimeIncrementCode>41-60</foia:TimeIncrementCode><foia:TimeIncrementProcessedQuantity>1</foia:TimeIncrementProcessedQuantity></foia:TimeIncrement><foia:TimeIncrement><foia:TimeIncrementCode>61-80</foia:TimeIncrementCode><foia:TimeIncrementProcessedQuantity>0</foia:TimeIncrementProcessedQuantity></foia:TimeIncrement><foia:TimeIncrement><foia:TimeIncrementCode>81-100</foia:TimeIncrementCode><foia:TimeIncrementProcessedQuantity>0</foia:TimeIncrementProcessedQuantity></foia:TimeIncrement><foia:TimeIncrement><foia:TimeIncrementCode>101-120</foia:TimeIncrementCode><foia:TimeIncrementProcessedQuantity>2</foia:TimeIncrementProcessedQuantity></foia:TimeIncrement><foia:TimeIncrement><foia:TimeIncrementCode>121-140</foia:TimeIncrementCode><foia:TimeIncrementProcessedQuantity>0</foia:TimeIncrementProcessedQuantity></foia:TimeIncrement><foia:TimeIncrement><foia:TimeIncrementCode>141-160</foia:TimeIncrementCode><foia:TimeIncrementProcessedQuantity>0</foia:TimeIncrementProcessedQuantity></foia:TimeIncrement><foia:TimeIncrement><foia:TimeIncrementCode>161-180</foia:TimeIncrementCode><foia:TimeIncrementProcessedQuantity>0</foia:TimeIncrementProcessedQuantity></foia:TimeIncrement><foia:TimeIncrement><foia:TimeIncrementCode>181-200</foia:TimeIncrementCode><foia:TimeIncrementProcessedQuantity>0</foia:TimeIncrementProcessedQuantity></foia:TimeIncrement><foia:TimeIncrement><foia:TimeIncrementCode>201-300</foia:TimeIncrementCode><foia:TimeIncrementProcessedQuantity>0</foia:TimeIncrementProcessedQuantity></foia:TimeIncrement><foia:TimeIncrement><foia:TimeIncrementCode>301-400</foia:TimeIncrementCode><foia:TimeIncrementProcessedQuantity>0</foia:TimeIncrementProcessedQuantity></foia:TimeIncrement><foia:TimeIncrement><foia:TimeIncrementCode>401+</foia:TimeIncrementCode><foia:TimeIncrementProcessedQuantity>0</foia:TimeIncrementProcessedQuantity></foia:TimeIncrement><foia:TimeIncrementTotalQuantity>52</foia:TimeIncrementTotalQuantity></foia:ComponentResponseTimeIncrements><foia:ResponseTimeIncrementsOrganizationAssociation><foia:ComponentDataReference s:ref="SRT1"/><nc:OrganizationReference s:ref="ORG0"/></foia:ResponseTimeIncrementsOrganizationAssociation></foia:SimpleResponseTimeIncrementsSection><foia:ComplexResponseTimeIncrementsSection><foia:ComponentResponseTimeIncrements s:id="CRT1"><foia:TimeIncrement><foia:TimeIncrementCode>1-20</foia:TimeIncrementCode><foia:TimeIncrementProcessedQuantity>1</foia:TimeIncrementProcessedQuantity></foia:TimeIncrement><foia:TimeIncrement><foia:TimeIncrementCode>21-40</foia:TimeIncrementCode><foia:TimeIncrementProcessedQuantity>0</foia:TimeIncrementProcessedQuantity></foia:TimeIncrement><foia:TimeIncrement><foia:TimeIncrementCode>41-60</foia:TimeIncrementCode><foia:TimeIncrementProcessedQuantity>2</foia:TimeIncrementProcessedQuantity></foia:TimeIncrement><foia:TimeIncrement><foia:TimeIncrementCode>61-80</foia:TimeIncrementCode><foia:TimeIncrementProcessedQuantity>0</foia:TimeIncrementProcessedQuantity></foia:TimeIncrement><foia:TimeIncrement><foia:TimeIncrementCode>81-100</foia:TimeIncrementCode><foia:TimeIncrementProcessedQuantity>0</foia:TimeIncrementProcessedQuantity></foia:TimeIncrement><foia:TimeIncrement><foia:TimeIncrementCode>101-120</foia:TimeIncrementCode><foia:TimeIncrementProcessedQuantity>1</foia:TimeIncrementProcessedQuantity></foia:TimeIncrement><foia:TimeIncrement><foia:TimeIncrementCode>121-140</foia:TimeIncrementCode><foia:TimeIncrementProcessedQuantity>1</foia:TimeIncrementProcessedQuantity></foia:TimeIncrement><foia:TimeIncrement><foia:TimeIncrementCode>141-160</foia:TimeIncrementCode><foia:TimeIncrementProcessedQuantity>1</foia:TimeIncrementProcessedQuantity></foia:TimeIncrement><foia:TimeIncrement><foia:TimeIncrementCode>161-180</foia:TimeIncrementCode><foia:TimeIncrementProcessedQuantity>0</foia:TimeIncrementProcessedQuantity></foia:TimeIncrement><foia:TimeIncrement><foia:TimeIncrementCode>181-200</foia:TimeIncrementCode><foia:TimeIncrementProcessedQuantity>0</foia:TimeIncrementProcessedQuantity></foia:TimeIncrement><foia:TimeIncrement><foia:TimeIncrementCode>201-300</foia:TimeIncrementCode><foia:TimeIncrementProcessedQuantity>2</foia:TimeIncrementProcessedQuantity></foia:TimeIncrement><foia:TimeIncrement><foia:TimeIncrementCode>301-400</foia:TimeIncrementCode><foia:TimeIncrementProcessedQuantity>1</foia:TimeIncrementProcessedQuantity></foia:TimeIncrement><foia:TimeIncrement><foia:TimeIncrementCode>401+</foia:TimeIncrementCode><foia:TimeIncrementProcessedQuantity>0</foia:TimeIncrementProcessedQuantity></foia:TimeIncrement><foia:TimeIncrementTotalQuantity>9</foia:TimeIncrementTotalQuantity></foia:ComponentResponseTimeIncrements><foia:ResponseTimeIncrementsOrganizationAssociation><foia:ComponentDataReference s:ref="CRT1"/><nc:OrganizationReference s:ref="ORG0"/></foia:ResponseTimeIncrementsOrganizationAssociation></foia:ComplexResponseTimeIncrementsSection><foia:ExpeditedResponseTimeIncrementsSection><foia:ComponentResponseTimeIncrements s:id="ERT1"><foia:TimeIncrement><foia:TimeIncrementCode>1-20</foia:TimeIncrementCode><foia:TimeIncrementProcessedQuantity>1</foia:TimeIncrementProcessedQuantity></foia:TimeIncrement><foia:TimeIncrement><foia:TimeIncrementCode>21-40</foia:TimeIncrementCode><foia:TimeIncrementProcessedQuantity>0</foia:TimeIncrementProcessedQuantity></foia:TimeIncrement><foia:TimeIncrement><foia:TimeIncrementCode>41-60</foia:TimeIncrementCode><foia:TimeIncrementProcessedQuantity>0</foia:TimeIncrementProcessedQuantity></foia:TimeIncrement><foia:TimeIncrement><foia:TimeIncrementCode>61-80</foia:TimeIncrementCode><foia:TimeIncrementProcessedQuantity>0</foia:TimeIncrementProcessedQuantity></foia:TimeIncrement><foia:TimeIncrement><foia:TimeIncrementCode>81-100</foia:TimeIncrementCode><foia:TimeIncrementProcessedQuantity>0</foia:TimeIncrementProcessedQuantity></foia:TimeIncrement><foia:TimeIncrement><foia:TimeIncrementCode>101-120</foia:TimeIncrementCode><foia:TimeIncrementProcessedQuantity>2</foia:TimeIncrementProcessedQuantity></foia:TimeIncrement><foia:TimeIncrement><foia:TimeIncrementCode>121-140</foia:TimeIncrementCode><foia:TimeIncrementProcessedQuantity>0</foia:TimeIncrementProcessedQuantity></foia:TimeIncrement><foia:TimeIncrement><foia:TimeIncrementCode>141-160</foia:TimeIncrementCode><foia:TimeIncrementProcessedQuantity>0</foia:TimeIncrementProcessedQuantity></foia:TimeIncrement><foia:TimeIncrement><foia:TimeIncrementCode>161-180</foia:TimeIncrementCode><foia:TimeIncrementProcessedQuantity>0</foia:TimeIncrementProcessedQuantity></foia:TimeIncrement><foia:TimeIncrement><foia:TimeIncrementCode>181-200</foia:TimeIncrementCode><foia:TimeIncrementProcessedQuantity>0</foia:TimeIncrementProcessedQuantity></foia:TimeIncrement><foia:TimeIncrement><foia:TimeIncrementCode>201-300</foia:TimeIncrementCode><foia:TimeIncrementProcessedQuantity>0</foia:TimeIncrementProcessedQuantity></foia:TimeIncrement><foia:TimeIncrement><foia:TimeIncrementCode>301-400</foia:TimeIncrementCode><foia:TimeIncrementProcessedQuantity>0</foia:TimeIncrementProcessedQuantity></foia:TimeIncrement><foia:TimeIncrement><foia:TimeIncrementCode>401+</foia:TimeIncrementCode><foia:TimeIncrementProcessedQuantity>0</foia:TimeIncrementProcessedQuantity></foia:TimeIncrement><foia:TimeIncrementTotalQuantity>3</foia:TimeIncrementTotalQuantity></foia:ComponentResponseTimeIncrements><foia:ResponseTimeIncrementsOrganizationAssociation><foia:ComponentDataReference s:ref="ERT1"/><nc:OrganizationReference s:ref="ORG0"/></foia:ResponseTimeIncrementsOrganizationAssociation></foia:ExpeditedResponseTimeIncrementsSection><foia:PendingPerfectedRequestsSection><foia:PendingPerfectedRequests s:id="PPR1"><foia:SimplePendingRequestStatistics><foia:PendingRequestQuantity>4</foia:PendingRequestQuantity><foia:PendingRequestMedianDaysValue>70</foia:PendingRequestMedianDaysValue><foia:PendingRequestAverageDaysValue>64.25</foia:PendingRequestAverageDaysValue></foia:SimplePendingRequestStatistics><foia:ComplexPendingRequestStatistics><foia:PendingRequestQuantity>13</foia:PendingRequestQuantity><foia:PendingRequestMedianDaysValue>271</foia:PendingRequestMedianDaysValue><foia:PendingRequestAverageDaysValue>226.69</foia:PendingRequestAverageDaysValue></foia:ComplexPendingRequestStatistics><foia:ExpeditedPendingRequestStatistics><foia:PendingRequestQuantity>4</foia:PendingRequestQuantity><foia:PendingRequestMedianDaysValue>70</foia:PendingRequestMedianDaysValue><foia:PendingRequestAverageDaysValue>86.5</foia:PendingRequestAverageDaysValue></foia:ExpeditedPendingRequestStatistics></foia:PendingPerfectedRequests><foia:PendingPerfectedRequestsOrganizationAssociation><foia:ComponentDataReference s:ref="PPR1"/><nc:OrganizationReference s:ref="ORG0"/></foia:PendingPerfectedRequestsOrganizationAssociation></foia:PendingPerfectedRequestsSection><foia:OldestPendingRequestSection><foia:OldestPendingItems s:id="OPR1"><foia:OldItem><foia:OldItemReceiptDate>2015-07-08</foia:OldItemReceiptDate><foia:OldItemPendingDaysQuantity>510</foia:OldItemPendingDaysQuantity></foia:OldItem><foia:OldItem><foia:OldItemReceiptDate>2015-07-20</foia:OldItemReceiptDate><foia:OldItemPendingDaysQuantity>498</foia:OldItemPendingDaysQuantity></foia:OldItem><foia:OldItem><foia:OldItemReceiptDate>2015-09-01</foia:OldItemReceiptDate><foia:OldItemPendingDaysQuantity>455</foia:OldItemPendingDaysQuantity></foia:OldItem><foia:OldItem><foia:OldItemReceiptDate>2015-09-09</foia:OldItemReceiptDate><foia:OldItemPendingDaysQuantity>447</foia:OldItemPendingDaysQuantity></foia:OldItem><foia:OldItem><foia:OldItemReceiptDate>2015-09-18</foia:OldItemReceiptDate><foia:OldItemPendingDaysQuantity>438</foia:OldItemPendingDaysQuantity></foia:OldItem><foia:OldItem><foia:OldItemReceiptDate>2016-02-23</foia:OldItemReceiptDate><foia:OldItemPendingDaysQuantity>280</foia:OldItemPendingDaysQuantity></foia:OldItem><foia:OldItem><foia:OldItemReceiptDate>2016-02-23</foia:OldItemReceiptDate><foia:OldItemPendingDaysQuantity>280</foia:OldItemPendingDaysQuantity></foia:OldItem><foia:OldItem><foia:OldItemReceiptDate>2016-05-31</foia:OldItemReceiptDate><foia:OldItemPendingDaysQuantity>182</foia:OldItemPendingDaysQuantity></foia:OldItem><foia:OldItem><foia:OldItemReceiptDate>2016-05-31</foia:OldItemReceiptDate><foia:OldItemPendingDaysQuantity>182</foia:OldItemPendingDaysQuantity></foia:OldItem><foia:OldItem><foia:OldItemReceiptDate>2016-06-13</foia:OldItemReceiptDate><foia:OldItemPendingDaysQuantity>169</foia:OldItemPendingDaysQuantity></foia:OldItem></foia:OldestPendingItems><foia:OldestPendingItemsOrganizationAssociation><foia:ComponentDataReference s:ref="OPR1"/><nc:OrganizationReference s:ref="ORG0"/></foia:OldestPendingItemsOrganizationAssociation></foia:OldestPendingRequestSection><foia:ExpeditedProcessingSection><foia:ExpeditedProcessing s:id="EP1"><foia:RequestGrantedQuantity>7</foia:RequestGrantedQuantity><foia:RequestDeniedQuantity>1</foia:RequestDeniedQuantity><foia:AdjudicationMedianDaysValue>57</foia:AdjudicationMedianDaysValue><foia:AdjudicationAverageDaysValue>57.5</foia:AdjudicationAverageDaysValue><foia:AdjudicationWithinTenDaysQuantity>1</foia:AdjudicationWithinTenDaysQuantity></foia:ExpeditedProcessing><foia:ExpeditedProcessingOrganizationAssociation><foia:ComponentDataReference s:ref="EP1"/><nc:OrganizationReference s:ref="ORG0"/></foia:ExpeditedProcessingOrganizationAssociation></foia:ExpeditedProcessingSection><foia:FeeWaiverSection><foia:FeeWaiver s:id="FW1"><foia:RequestGrantedQuantity>3</foia:RequestGrantedQuantity><foia:RequestDeniedQuantity>0</foia:RequestDeniedQuantity><foia:AdjudicationMedianDaysValue>7</foia:AdjudicationMedianDaysValue><foia:AdjudicationAverageDaysValue>7.6</foia:AdjudicationAverageDaysValue></foia:FeeWaiver><foia:FeeWaiverOrganizationAssociation><foia:ComponentDataReference s:ref="FW1"/><nc:OrganizationReference s:ref="ORG0"/></foia:FeeWaiverOrganizationAssociation></foia:FeeWaiverSection><foia:PersonnelAndCostSection><foia:PersonnelAndCost s:id="PC1"><foia:FullTimeEmployeeQuantity>0</foia:FullTimeEmployeeQuantity><foia:EquivalentFullTimeEmployeeQuantity>0.60</foia:EquivalentFullTimeEmployeeQuantity><foia:TotalFullTimeStaffQuantity>0.60</foia:TotalFullTimeStaffQuantity><foia:ProcessingCostAmount>117600.00</foia:ProcessingCostAmount><foia:LitigationCostAmount>5000.00</foia:LitigationCostAmount><foia:TotalCostAmount>122600.00</foia:TotalCostAmount></foia:PersonnelAndCost><foia:PersonnelAndCostOrganizationAssociation><foia:ComponentDataReference s:ref="PC1"/><nc:OrganizationReference s:ref="ORG0"/></foia:PersonnelAndCostOrganizationAssociation></foia:PersonnelAndCostSection><foia:FeesCollectedSection><foia:FeesCollected s:id="FC1"><foia:FeesCollectedAmount>1143.20</foia:FeesCollectedAmount><foia:FeesCollectedCostPercent>0.9700</foia:FeesCollectedCostPercent></foia:FeesCollected><foia:FeesCollectedOrganizationAssociation><foia:ComponentDataReference s:ref="FC1"/><nc:OrganizationReference s:ref="ORG0"/></foia:FeesCollectedOrganizationAssociation></foia:FeesCollectedSection><foia:SubsectionUsedSection/><foia:SubsectionPostSection/><foia:BacklogSection><foia:Backlog s:id="BK1"><foia:BackloggedRequestQuantity>17</foia:BackloggedRequestQuantity><foia:BackloggedAppealQuantity>0</foia:BackloggedAppealQuantity></foia:Backlog><foia:BacklogOrganizationAssociation><foia:ComponentDataReference s:ref="BK1"/><nc:OrganizationReference s:ref="ORG0"/></foia:BacklogOrganizationAssociation></foia:BacklogSection><foia:ProcessedConsultationSection><foia:ProcessingStatistics s:id="PCN1"><foia:ProcessingStatisticsPendingAtStartQuantity>0</foia:ProcessingStatisticsPendingAtStartQuantity><foia:ProcessingStatisticsReceivedQuantity>10</foia:ProcessingStatisticsReceivedQuantity><foia:ProcessingStatisticsProcessedQuantity>10</foia:ProcessingStatisticsProcessedQuantity><foia:ProcessingStatisticsPendingAtEndQuantity>0</foia:ProcessingStatisticsPendingAtEndQuantity></foia:ProcessingStatistics><foia:ProcessingStatisticsOrganizationAssociation><foia:ComponentDataReference s:ref="PCN1"/><nc:OrganizationReference s:ref="ORG0"/></foia:ProcessingStatisticsOrganizationAssociation></foia:ProcessedConsultationSection><foia:OldestPendingConsultationSection><foia:OldestPendingItems s:id="OPC1"/><foia:OldestPendingItemsOrganizationAssociation><foia:ComponentDataReference s:ref="OPC1"/><nc:OrganizationReference s:ref="ORG0"/></foia:OldestPendingItemsOrganizationAssociation><foia:FootnoteText>N/A</foia:FootnoteText></foia:OldestPendingConsultationSection><foia:ProcessedRequestComparisonSection><foia:ProcessingComparison s:id="RPC1"><foia:ItemsReceivedLastYearQuantity>99</foia:ItemsReceivedLastYearQuantity><foia:ItemsReceivedCurrentYearQuantity>71</foia:ItemsReceivedCurrentYearQuantity><foia:ItemsProcessedLastYearQuantity>94</foia:ItemsProcessedLastYearQuantity><foia:ItemsProcessedCurrentYearQuantity>64</foia:ItemsProcessedCurrentYearQuantity></foia:ProcessingComparison><foia:ProcessingComparisonOrganizationAssociation><foia:ComponentDataReference s:ref="RPC1"/><nc:OrganizationReference s:ref="ORG0"/></foia:ProcessingComparisonOrganizationAssociation></foia:ProcessedRequestComparisonSection><foia:BackloggedRequestComparisonSection><foia:BacklogComparison s:id="RBC1"><foia:BacklogLastYearQuantity>7</foia:BacklogLastYearQuantity><foia:BacklogCurrentYearQuantity>17</foia:BacklogCurrentYearQuantity></foia:BacklogComparison><foia:BacklogComparisonOrganizationAssociation><foia:ComponentDataReference s:ref="RBC1"/><nc:OrganizationReference s:ref="ORG0"/></foia:BacklogComparisonOrganizationAssociation></foia:BackloggedRequestComparisonSection><foia:ProcessedAppealComparisonSection><foia:ProcessingComparison s:id="APC1"><foia:ItemsReceivedLastYearQuantity>6</foia:ItemsReceivedLastYearQuantity><foia:ItemsReceivedCurrentYearQuantity>3</foia:ItemsReceivedCurrentYearQuantity><foia:ItemsProcessedLastYearQuantity>6</foia:ItemsProcessedLastYearQuantity><foia:ItemsProcessedCurrentYearQuantity>3</foia:ItemsProcessedCurrentYearQuantity></foia:ProcessingComparison><foia:ProcessingComparisonOrganizationAssociation><foia:ComponentDataReference s:ref="APC1"/><nc:OrganizationReference s:ref="ORG0"/></foia:ProcessingComparisonOrganizationAssociation></foia:ProcessedAppealComparisonSection><foia:BackloggedAppealComparisonSection><foia:BacklogComparison s:id="ABC1"><foia:BacklogLastYearQuantity>0</foia:BacklogLastYearQuantity><foia:BacklogCurrentYearQuantity>0</foia:BacklogCurrentYearQuantity></foia:BacklogComparison><foia:BacklogComparisonOrganizationAssociation><foia:ComponentDataReference s:ref="ABC1"/><nc:OrganizationReference s:ref="ORG0"/></foia:BacklogComparisonOrganizationAssociation></foia:BackloggedAppealComparisonSection></iepd:FoiaAnnualReport>
