"Agency","Component","Fiscal Year","Number of Full Grants","Number of Partial Grants/Partial Denials","Number of Full Denials Based on Exemptions","No Records","All Records Referred to Another Component or Agency","Request Withdrawn","Fee-Related Reason","Records Not Reasonably Described","Improper FOIA Request for Other Reason","Not Agency Record","Duplicate Request","Other*","Total"
"Federal Financial Institutions Examination Council","Agency Overall","2019","0","5","1","4","1","0","0","0","0","0","0","0","11"
"Surface Transportation Board","Agency Overall","2019","18","3","1","9","0","2","1","0","0","0","0","0","34"
"Commodity Futures Trading Commission","Agency Overall","2019","35","39","20","30","0","13","9","5","3","2","1","7","164"
"Social Security Advisory Board","Agency Overall","2019","1","0","0","2","0","0","0","0","0","0","0","0","3"
"Federal Retirement Thrift Investment Board","Agency Overall","2019","13","6","4","5","0","2","0","1","0","0","1","0","32"
"Office of Management and Budget","Agency Overall","2019","34","34","14","193","0","1","0","15","0","2","0","0","293"
"Environmental Protection Agency","Agency Overall","2019","4665","1343","70","1738","8","1061","46","160","28","16","372","18","9525"
"Federal Housing Finance Agency","Agency Overall","2019","7","44","11","47","2","5","2","1","17","1","2","0","139"
"Consumer Product Safety Commission","Agency Overall","2019","46","121","28","35","27","21","0","0","8","1","6","23","316"
"U.S. Interagency Council on Homelessness","Agency Overall","2019","4","0","0","0","0","0","0","0","0","0","0","0","4"
"Office of National Drug Control Policy","Agency Overall","2019","7","40","0","20","0","3","0","0","0","0","0","0","70"
"Farm Credit System Insurance Corporation","Agency Overall","2019","2","0","0","2","0","0","0","0","0","0","0","0","4"
"National Endowment for the Arts","Agency Overall","2019","16","30","0","11","0","0","0","0","0","0","0","0","57"
"National Mediation Board","Agency Overall","2019","11","0","0","0","0","0","0","0","0","0","0","0","11"
"U.S. Agency for International Development","Agency Overall","2019","40","149","11","44","2","44","0","3","5","2","0","4","304"
"U.S. Election Assistance Commission","Agency Overall","2019","11","4","0","1","0","1","0","0","0","0","0","0","17"
"Occupational Safety and Health Review Commission","Agency Overall","2019","26","12","0","12","0","20","0","0","0","0","0","0","70"
"United States International Trade Commission","Agency Overall","2019","8","10","2","8","0","0","0","0","0","0","0","0","28"
"Social Security Administration","Agency Overall","2019","10004","2894","760","317","685","26","187","133","18","32","92","0","15148"
"Department of Labor","Agency Overall","2019","1612","6416","1629","3954","357","666","206","84","158","419","849","0","16350"
"Federal Mine Safety and Health Review Commission","Agency Overall","2019","43","1","0","11","0","4","0","1","2","2","1","0","65"
"Department of Defense","Agency Overall","2019","14907","18055","2846","6980","2314","2872","359","705","1091","1376","1945","1095","54545"
"Department of Justice","Agency Overall","2019","37770","10427","3211","17239","284","1075","845","662","11880","592","2408","2275","88668"
"Office of the Director of National Intelligence","Agency Overall","2019","40","236","20","123","0","13","0","2","0","0","6","24","464"
"Court Services and Offender Supervision Agency","Agency Overall","2019","13","235","6","13","0","2","0","0","2","0","0","0","271"
"Department of the Treasury","Agency Overall","2019","3474","2797","276","945","186","766","100","184","2304","203","671","15","11921"
"U.S. Commission on Civil Rights","Agency Overall","2019","13","0","1","31","0","0","0","4","0","0","0","0","49"
"United States Postal Service","Agency Overall","2019","477","566","553","360","354","87","60","99","198","164","41","1","2960"
"Department of the Interior","Agency Overall","2019","2082","1875","197","1269","51","360","134","138","91","37","143","405","6782"
"American Battle Monuments Commission","Agency Overall","2019","5","3","0","7","0","0","0","0","0","0","0","0","15"
"National Aeronautics and Space Administration","Agency Overall","2019","124","190","38","121","29","29","41","92","34","16","26","60","800"
"Office of Special Counsel","Agency Overall","2019","14","107","11","4","2","20","0","4","8","12","1","0","183"
"Federal Maritime Commission","Agency Overall","2019","8","4","5","6","0","0","0","0","0","0","0","0","23"
"Privacy and Civil Liberties Oversight Board","Agency Overall","2019","1","2","3","11","0","0","0","0","0","0","0","3","20"
"Department of Agriculture","Agency Overall","2019","20903","2863","364","765","285","305","57","18","26","63","138","307","26094"
"Farm Credit Administration","Agency Overall","2019","7","5","0","6","0","3","0","0","0","0","0","0","21"
"U.S. Department of State","Agency Overall","2019","138","2459","962","938","23","136","3","212","1240","393","41","0","6545"
"Pension Benefit Guaranty Corporation","Agency Overall","2019","1334","414","142","118","0","28","6","5","23","2","160","0","2232"
"Council on Environmental Quality","Agency Overall","2019","17","33","0","54","1","5","1","1","11","1","0","6","130"
"Peace Corps","Agency Overall","2019","42","30","0","13","4","5","2","1","2","0","2","0","101"
"General Services Administration","Agency Overall","2019","256","576","38","150","16","94","73","65","5","33","49","0","1355"
"Merit Systems Protection Board","Agency Overall","2019","33","40","2","26","0","3","0","5","3","0","2","1","115"
"Federal Communications Commission","Agency Overall","2019","81","299","18","91","2","87","66","13","2","24","17","3","703"
"Tennessee Valley Authority","Agency Overall","2019","67","88","14","11","0","8","6","0","0","3","0","0","197"
"Nuclear Regulatory Commission","Agency Overall","2019","106","111","24","78","3","48","56","51","19","6","8","0","510"
"Federal Energy Regulatory Commission","Agency Overall","2019","13","59","20","17","0","5","0","0","0","0","0","0","114"
"National Archives and Records Administration","Agency Overall","2019","48743","3115","782","3316","7731","141","16","178","801","42","1459","1738","68062"
"Gulf Coast Ecosystem Restoration Council","Agency Overall","2019","9","0","0","0","0","0","0","0","0","0","0","0","9"
"Department of Education","Agency Overall","2019","326","1276","80","232","4","136","17","32","0","212","39","14","2368"
"Department of Energy","Agency Overall","2019","483","368","47","324","222","230","35","33","17","43","81","0","1883"
"National Commission on Military, National, and Public Service","Agency Overall","2019","1","2","0","29","0","0","0","2","0","0","0","0","34"
"Morris K. Udall and Stewart L. Udall Foundation","Agency Overall","2019","4","0","0","0","0","0","0","0","0","0","0","0","4"
"United States Access Board","Agency Overall","2019","2","12","2","5","0","3","0","2","0","0","0","0","26"
"United States Trade and Development Agency","Agency Overall","2019","9","2","1","5","0","0","0","0","0","2","0","0","19"
"Federal Open Market Committee","Agency Overall","2019","6","2","1","1","6","0","0","4","2","4","0","0","26"
"Department of Homeland Security","Agency Overall","2019","32233","255653","6143","74166","2005","1698","16","3481","23436","4070","25861","1036","429798"
"Federal Mediation and Conciliation Service","Agency Overall","2019","18","4","0","17","0","13","0","0","0","1","1","0","54"
"Defense Nuclear Facilities Safety Board","Agency Overall","2019","4","7","0","3","0","0","0","1","1","0","0","0","16"
"Department of Commerce","Agency Overall","2019","437","412","91","291","6","189","77","31","53","78","102","250","2017"
"Inter-American Foundation","Agency Overall","2019","5","0","0","5","0","0","0","0","0","0","0","0","10"
"James Madison Memorial Fellowship Foundation","Agency Overall","2019","0","0","0","0","0","0","0","0","0","0","0","0","0"
"Presidio Trust","Agency Overall","2019","0","0","0","2","0","0","3","0","0","0","0","0","5"
"National Endowment for the Humanities","Agency Overall","2019","15","27","0","10","0","2","0","0","0","0","0","0","54"
"Consumer Financial Protection Bureau","Agency Overall","2019","82","175","35","67","1","34","3","3","5","9","21","0","435"
"Advisory Council on Historic Preservation","Agency Overall","2019","3","0","0","2","0","0","0","0","0","0","0","0","5"
"Federal Reserve System","Agency Overall","2019","318","72","16","54","7","23","1","22","10","25","4","9","561"
"Securities and Exchange Commission","Agency Overall","2019","4695","733","1132","4287","71","182","31","8","39","42","267","0","11487"
"Appraisal Subcommittee","Agency Overall","2019","2","0","0","0","0","0","0","0","0","0","0","0","2"
"Office of the United States Trade Representative","Agency Overall","2019","18","79","3","30","0","0","0","4","0","0","0","4","138"
"United States International Boundary and Water Commission","Agency Overall","2019","27","19","1","4","0","1","0","0","0","0","0","2","54"
"Harry S. Truman Scholarship Foundation","Agency Overall","2019","0","0","0","1","0","1","0","1","0","0","0","0","3"
"Federal Trade Commission","Agency Overall","2019","339","531","115","167","1","33","15","20","30","3","35","72","1361"
"National Science Foundation","Agency Overall","2019","32","162","6","32","0","25","1","5","2","2","0","0","267"
"Overseas Private Investment Corporation","Agency Overall","2019","8","37","0","15","0","3","1","0","0","0","1","0","65"
"U.S. Nuclear Waste Technical Review Board","Agency Overall","2019","8","0","0","0","0","0","0","0","0","1","0","0","9"
"Council of the Inspectors General on Integrity and Efficiency","Agency Overall","2019","6","7","3","11","1","0","0","3","0","0","0","10","41"
"United States African Development Foundation","Agency Overall","2019","5","1","0","1","0","0","0","0","0","0","0","0","7"
"Federal Labor Relations Authority","Agency Overall","2019","16","28","1","26","1","6","0","1","0","4","1","0","84"
"Equal Employment Opportunity Commission","Agency Overall","2019","763","13977","2044","1254","148","371","36","60","200","144","756","41","19794"
"Office of Personnel Management","Agency Overall","2019","7494","2704","43","95","20","27","19","27","22","36","6","0","10493"
"Office of the Special Inspector General for Afghanistan Reconstruction","Agency Overall","2019","1","5","2","3","2","0","0","1","1","0","0","0","15"
"Institute of Museum and Library Services","Agency Overall","2019","30","10","1","2","0","0","0","0","1","6","0","3","53"
"United States Institute of Peace","Agency Overall","2019","2","0","0","2","0","0","0","0","0","0","0","0","4"
"National Indian Gaming Commission","Agency Overall","2019","15","18","2","9","0","3","0","0","0","0","0","0","47"
"Federal Election Commission","Agency Overall","2019","32","33","6","26","3","6","0","1","1","1","0","18","127"
"Commission of Fine Arts","Agency Overall","2019","3","1","0","1","0","0","0","0","0","0","0","0","5"
"National Railroad Passenger Corporation","Agency Overall","2019","52","42","11","26","0","31","15","2","5","0","7","0","191"
"Office of Science and Technology Policy","Agency Overall","2019","2","24","0","36","0","1","0","0","0","0","0","0","63"
"Denali Commission","Agency Overall","2019","4","0","0","0","0","0","0","0","0","0","0","0","4"
"United States Copyright Office","Agency Overall","2019","5","2","0","9","21","0","0","5","0","0","0","0","42"
"Committee for Purchase from People Who Are Blind or Severely Disabled","Agency Overall","2019","4","2","1","0","0","0","0","0","0","0","0","1","8"
"National Transportation Safety Board","Agency Overall","2019","120","65","202","160","2","109","0","3","47","18","35","0","761"
"Selective Service System","Agency Overall","2019","29","3","0","14","10","0","0","6","0","0","0","0","62"
"Office of Government Ethics","Agency Overall","2019","20","57","7","27","2","6","0","6","0","0","0","0","125"
"Export-Import Bank of the U.S.","Agency Overall","2019","26","36","4","10","0","2","2","5","0","0","0","0","85"
"Armed Forces Retirement Home","Agency Overall","2019","3","1","3","0","0","0","0","0","0","0","0","0","7"
"Department of Housing and Urban Development","Agency Overall","2019","446","489","88","317","248","232","28","18","38","10","101","3","2018"
"Administrative Conference of the United States","Agency Overall","2019","4","2","0","0","0","0","0","0","0","18","0","0","24"
"Corporation for National and Community Service (operating as AmeriCorps)","Agency Overall","2019","19","20","4","6","0","1","0","1","0","0","0","0","51"
"Federal Deposit Insurance Corporation","Agency Overall","2019","66","46","24","20","3","18","14","45","36","59","10","0","341"
"Central Intelligence Agency","Agency Overall","2019","157","331","607","343","66","7","6","32","429","56","93","134","2261"
"Small Business Administration","Agency Overall","2019","421","195","17","126","2","63","10","23","10","16","40","0","923"
"Chemical Safety and Hazard Investigation Board","Agency Overall","2019","7","11","7","4","0","4","0","0","1","0","0","0","34"
"National Labor Relations Board","Agency Overall","2019","246","824","62","64","1","156","25","17","1","3","21","0","1420"
"National Credit Union Administration","Agency Overall","2019","50","66","9","10","0","5","0","2","2","4","0","0","148"
"Department of Health and Human Services","Agency Overall","2019","12409","4238","5773","3314","815","3336","746","477","1252","770","653","34","33817"
"Department of Veterans Affairs","Agency Overall","2019","5406","9500","5018","1262","371","300","64","78","332","23","193","1202","23749"
"Department of Transportation","Agency Overall","2019","7549","3386","155","2570","18","732","55","13","53","26","58","6","14621"
"National Council on Disability","Agency Overall","2019","0","0","1","8","0","0","0","2","0","0","0","0","11"
"U.S. Railroad Retirement Board","Agency Overall","2019","87","0","7","8","1","0","0","0","0","4","2","0","109"
"Office of Navajo and Hopi Indian Relocation","Agency Overall","2019","25","0","0","0","0","0","0","0","0","0","0","0","25"
"Millennium Challenge Corporation","Agency Overall","2019","2","4","7","11","1","0","0","1","1","1","0","0","28"
"Legal Services Corporation","Agency Overall","2019","10","6","0","6","3","0","0","1","0","0","0","0","26"
"U.S. Agency for Global Media","Agency Overall","2019","10","34","0","13","0","12","0","3","2","0","0","0","74"
"Neighborhood Reinvestment Corporation","Agency Overall","2019","0","0","0","1","0","0","0","0","0","0","0","0","1"
"Marine Mammal Commission","Agency Overall","2019","2","0","0","1","0","0","0","4","0","0","0","0","7"
"National Capital Planning Commission","Agency Overall","2019","3","0","0","4","0","0","0","1","0","0","0","0","8"
"Postal Regulatory Commission","Agency Overall","2019","6","0","0","8","0","1","0","0","0","0","0","0","15"
"All agencies","Agency Overall","2019","221912","351481","33866","128692","16429","15963","3496","7329","44008","9135","36829","8824","877964"