"Agency","Component","Fiscal Year","Simple - Median Number of Days","Simple - Average Number of Days","Simple - Lowest Number of Days","Simple - Highest Number of Days","Complex - Median Number of Days","Complex - Average Number of Days","Complex - Lowest Number of Days","Complex - Highest Number of Days","Expedited Processing - Median Number of Days","Expedited Processing - Average Number of Days","Expedited Processing - Lowest Number of Days","Expedited Processing - Highest Number of Days"
"Federal Financial Institutions Examination Council","Agency Overall","2019","13","19","13","35","21.5","21.5","13","30","N/A","N/A","N/A","N/A"
"Surface Transportation Board","Agency Overall","2019","3","6.83","1","20","N/A","N/A","N/A","N/A","N/A","N/A","N/A","N/A"
"Commodity Futures Trading Commission","Agency Overall","2019","54","84.46","<1","335","69.5","172.22","8","481","37","37","6","68"
"Social Security Advisory Board","Agency Overall","2019","10","10","N/A","20","0.0000","0.0000","0","0","0.0000","0.0000","0","0"
"Federal Retirement Thrift Investment Board","Agency Overall","2019","23","33","1","89","N/A","N/A","N/A","N/A","N/A","N/A","N/A","N/A"
"Office of Management and Budget","Agency Overall","2019","42","92.9","1","599","498","473.66","52","939","n/a","n/a","N/A","N/A"
"Environmental Protection Agency","Agency Overall","2019","14","45.93","<1","687","55.5","126.32","<1","1504","449","428.12","5","631"
"Federal Housing Finance Agency","Agency Overall","2019","15","16.81","4","74","78.5","107.07","14","354","N/A","N/A","N/A","N/A"
"Consumer Product Safety Commission","Agency Overall","2019","99","148.97","6","437","273","262.51","2","654","88.5","88.5","81","96"
"U.S. Interagency Council on Homelessness","Agency Overall","2019","22.5","20","15","30","N/A","N/A","N/A","N/A","N/A","N/A","N/A","N/A"
"Office of National Drug Control Policy","Agency Overall","2019","15","13","1","20","91","159","24","449","352","352","352","352"
"Farm Credit System Insurance Corporation","Agency Overall","2019","2","2","1","3","N/A","N/A","N/A","N/A","N/A","N/A","N/A","N/A"
"National Endowment for the Arts","Agency Overall","2019","30","23","3","58","48","32","20","77","21","22","14","34"
"National Mediation Board","Agency Overall","2019","2.5","1.7","1","4","N/A","N/A","N/A","N/A","N/A","N/A","N/A","N/A"
"U.S. Agency for International Development","Agency Overall","2019","10.5","10.5","9","12","231.5","343.92","6","1339","1270","1270","1270","1270"
"U.S. Election Assistance Commission","Agency Overall","2019","88","99.67","80","131","95","96","81","113","N/A","N/A","N/A","N/A"
"Occupational Safety and Health Review Commission","Agency Overall","2019","8","9.03","1","21","40","66.33","39","120","N/A","N/A","N/A","N/A"
"United States International Trade Commission","Agency Overall","2019","20","18.8","16","20","30","29.2","27","30","N/A","N/A","N/A","N/A"
"Social Security Administration","Agency Overall","2019","4","5","<1","286","97","143","4","563","N/A","N/A","N/A","N/A"
"Department of Labor","Agency Overall","2019","14","28.9","1","4554","18","43.2","1","4554","7","28.7","1","297"
"Federal Mine Safety and Health Review Commission","Agency Overall","2019","1","1.7","1","9","7.5","7.5","7","8","1","1","1","1"
"Department of Defense","Agency Overall","2019","9","28.64","1","1777","80","208.42","1","4426","4","44.63","1","975"
"Department of Justice","Agency Overall","2019","44","61.13","<1","1319","103","211.5","<1","1851","301","415.76","2","1511"
"Office of the Director of National Intelligence","Agency Overall","2019","3.00","12.71","1","284","49.00","179.42","1","1648","2.00","2.00","1","3"
"Court Services and Offender Supervision Agency","Agency Overall","2019","3","4.13","<1","19","7","8.33","<1","78","N/A","N/A","N/A","N/A"
"Department of the Treasury","Agency Overall","2019","5","11.4","<1","412","25","50.8","<1","1884","22","34.4","11","331"
"U.S. Commission on Civil Rights","Agency Overall","2019","16.5","15.2","3","32","N/A","N/A","N/A","N/A","N/A","N/A","N/A","N/A"
"United States Postal Service","Agency Overall","2019","14","15.59","1","449","36","67.09","5","859","8","75","4","213"
"Department of the Interior","Agency Overall","2019","5","17","<1","221","29","82","<1","1281","33","69","<1","334"
"American Battle Monuments Commission","Agency Overall","2019","4","7","1","16","10","10","5","14","N/A","N/A","N/A","N/A"
"National Aeronautics and Space Administration","Agency Overall","2019","10","16.28","<1","146","37","50.83","<1","240","N/A","N/A","N/A","N/A"
"Office of Special Counsel","Agency Overall","2019","55","76.52","1","206","388","465.9","17","1292","116.5","114.25","<1","272"
"Federal Maritime Commission","Agency Overall","2019","5","5","5","5","19","26.72","5","62","N/A","N/A","N/A","N/A"
"Privacy and Civil Liberties Oversight Board","Agency Overall","2019","9","9","3","15","20","20","20","20","N/A","N/A","0","0"
"Department of Agriculture","Agency Overall","2019","23","89.51","<1","2077","53","159.54","<1","1731","19","137.44","<1","556"
"Farm Credit Administration","Agency Overall","2019","10.5","11.83","<1","36","N/A","N/A","N/A","N/A","N/A","N/A","N/A","N/A"
"U.S. Department of State","Agency Overall","2019","27","80.42","1","1267","64","234.97","5","3136","459.50","484.25","427","591"
"Pension Benefit Guaranty Corporation","Agency Overall","2019","9","11.01","<1","115","26","36.51","<1","249","N/A","N/A","N/A","N/A"
"Council on Environmental Quality","Agency Overall","2019","24","59.33","3","376","128","195.22","1","874","N/A","N/A","N/A","N/A"
"Peace Corps","Agency Overall","2019","33","79.17","<1","538","205","306.8","148","757","N/A","N/A","N/A","N/A"
"General Services Administration","Agency Overall","2019","13","12.3","<1","35","58","97.47","2","548","49","106.64","<1","402"
"Merit Systems Protection Board","Agency Overall","2019","4.5","7.87","<1","23","187","352.59","9","805","N/A","N/A","N/A","N/A"
"Federal Communications Commission","Agency Overall","2019","14","15.56","<1","47","49.5","66.36","17","348","37","61.3","2","302"
"Tennessee Valley Authority","Agency Overall","2019","9","10","1","20","35","61","21","457","4","4","4","4"
"Nuclear Regulatory Commission","Agency Overall","2019","19","48.75","<1","539","133","174.08","2","480","161","124.8","<1","252"
"Federal Energy Regulatory Commission","Agency Overall","2019","29","66","5","679","41","94","15","364","N/A","N/A","N/A","N/A"
"National Archives and Records Administration","Agency Overall","2019","426.5","351.92","1","1511","1402.5","1496.25","1","6474","N/A","N/A","N/A","N/A"
"Gulf Coast Ecosystem Restoration Council","Agency Overall","2019","4","9.6","3","31","N/A","N/A","N/A","N/A","N/A","N/A","N/A","N/A"
"Department of Education","Agency Overall","2019","13","14.86","<1","580","108","185.43","<1","2137","6.5","29.5","<1","105"
"Department of Energy","Agency Overall","2019","46.5","101.85","<1","753","85","169.94","<1","1994","<1","<1","N/A","N/A"
"National Commission on Military, National, and Public Service","Agency Overall","2019","19","19","18","20","N/A","N/A","N/A","N/A","6","6","6","6"
"Morris K. Udall and Stewart L. Udall Foundation","Agency Overall","2019","7","7","5","10","N/A","N/A","N/A","N/A","N/A","N/A","N/A","N/A"
"United States Access Board","Agency Overall","2019","N/A","N/A","N/A","N/A","20","33","8","120","N/A","N/A","N/A","N/A"
"United States Trade and Development Agency","Agency Overall","2019","48","80.5","3","442","N/A","N/A","N/A","N/A","N/A","N/A","N/A","N/A"
"Federal Open Market Committee","Agency Overall","2019","3","7.2","1","17","57","47.6","27","59","N/A","N/A","N/A","N/A"
"Department of Homeland Security","Agency Overall","2019","9","28","<1","858","15","31","<1","1820","18","52","1","692"
"Federal Mediation and Conciliation Service","Agency Overall","2019","3.5","11.5","1","53","63","41.5","2","581","15","15","15","15"
"Defense Nuclear Facilities Safety Board","Agency Overall","2019","21","93","3","488","N/A","N/A","N/A","N/A","30","30","30","30"
"Department of Commerce","Agency Overall","2019","20","71.67","<1","1305","63","170.08","<1","1790","15","69.95","<1","490"
"Inter-American Foundation","Agency Overall","2019","2","3.6","1","8","N/A","N/A","N/A","N/A","N/A","N/A","N/A","N/A"
"James Madison Memorial Fellowship Foundation","Agency Overall","2019","N/A","N/A","N/A","N/A","N/A","N/A","N/A","N/A","N/A","N/A","N/A","N/A"
"Presidio Trust","Agency Overall","2019","N/A","N/A","N/A","N/A","N/A","N/A","N/A","N/A","N/A","N/A","N/A","N/A"
"National Endowment for the Humanities","Agency Overall","2019","20","18.75","1","49","25.5","25","19","30","N/A","N/A","N/A","N/A"
"Consumer Financial Protection Bureau","Agency Overall","2019","30","62.4","<1","345","75","108.9","1","349","N/A","N/A","N/A","N/A"
"Advisory Council on Historic Preservation","Agency Overall","2019","30.5","30.5","29","32","81","81","81","81","N/A","N/A","N/A","N/A"
"Federal Reserve System","Agency Overall","2019","8","14","1","206","35","51","1","261","N/A","N/A","0","0"
"Securities and Exchange Commission","Agency Overall","2019","8","18.84","<1","446","542","542","542","542","16","64.4","4","228"
"Appraisal Subcommittee","Agency Overall","2019","17","17","14","20","N/A","N/A","N/A","N/A","N/A","N/A","N/A","N/A"
"Office of the United States Trade Representative","Agency Overall","2019","20","29","1","128","111","197","26","1531","7","8","7","10"
"United States International Boundary and Water Commission","Agency Overall","2019","20","43","1","224","N/A","N/A","N/A","N/A","N/A","N/A","N/A","N/A"
"Harry S. Truman Scholarship Foundation","Agency Overall","2019","1","15","1","44","N/A","N/A","N/A","N/A","N/A","N/A","N/A","N/A"
"Federal Trade Commission","Agency Overall","2019","6.5","10.04","1","129","31","49.32","2","329","10.5","18.83","3","45"
"National Science Foundation","Agency Overall","2019","7","43","1","641","52","52","2","824","89","108","2","493"
"Overseas Private Investment Corporation","Agency Overall","2019","37","43.6","<1","150","102","123.1","59","272","N/A","N/A","N/A","N/A"
"U.S. Nuclear Waste Technical Review Board","Agency Overall","2019","8","10","6","30","N/A","N/A","N/A","N/A","N/A","N/A","N/A","N/A"
"Council of the Inspectors General on Integrity and Efficiency","Agency Overall","2019","N/A","N/A","N/A","N/A","206.5","215","167","289","N/A","N/A","N/A","N/A"
"United States African Development Foundation","Agency Overall","2019","6.5","7.75","1","17","51","51","51","51","N/A","N/A","N/A","N/A"
"Federal Labor Relations Authority","Agency Overall","2019","14","14.79","<1","51","N/A","N/A","N/A","N/A","14","14","14","14"
"Equal Employment Opportunity Commission","Agency Overall","2019","16","37.86","<1","609","36.5","76.96","<1","325","20","20","20","20"
"Office of Personnel Management","Agency Overall","2019","1","2.4","1","1549","28","36.6","1","3550","N/A","N/A","N/A","N/A"
"Office of the Special Inspector General for Afghanistan Reconstruction","Agency Overall","2019","9.5","8","1","12","15.5","15.5","4","27","N/A","N/A","N/A","N/A"
"Institute of Museum and Library Services","Agency Overall","2019","7","8.25","1","21","164","196.66","42","413","N/A","N/A","N/A","N/A"
"United States Institute of Peace","Agency Overall","2019","7","16.75","3","54","N/A","N/A","N/A","N/A","N/A","N/A","N/A","N/A"
"National Indian Gaming Commission","Agency Overall","2019","2","5","1","17","73","144","45","492","N/A","N/A","N/A","N/A"
"Federal Election Commission","Agency Overall","2019","13","45.8","2","430","216.5","476","6","1363","N/A","N/A","N/A","N/A"
"Commission of Fine Arts","Agency Overall","2019","12.6","12.6","8","19","N/A","N/A","N/A","N/A","N/A","N/A","N/A","N/A"
"National Railroad Passenger Corporation","Agency Overall","2019","8","8","8","8","33.5","108.89","<1","661","652","652","652","652"
"Office of Science and Technology Policy","Agency Overall","2019","21","53.42","1","410","21","192.3","5","927","12.5","58.7","1","174"
"Denali Commission","Agency Overall","2019","12","13","1","24","N/A","N/A","N/A","N/A","N/A","N/A","N/A","N/A"
"United States Copyright Office","Agency Overall","2019","18","15.4","5","20","N/A","N/A","N/A","N/A","N/A","N/A","N/A","N/A"
"Committee for Purchase from People Who Are Blind or Severely Disabled","Agency Overall","2019","49","49","49","49","N/A","N/A","N/A","N/A","N/A","N/A","N/A","N/A"
"National Transportation Safety Board","Agency Overall","2019","236","366.36","5","981","586","520.33","5","1180","N/A","N/A","N/A","N/A"
"Selective Service System","Agency Overall","2019","2","5","1","18","N/A","N/A","N/A","N/A","N/A","N/A","N/A","N/A"
"Office of Government Ethics","Agency Overall","2019","194","237.64","1","632","N/A","N/A","N/A","N/A","337","288","13","594"
"Export-Import Bank of the U.S.","Agency Overall","2019","6","13.47","<1","61","374","424.07","24","1273","15","15","15","15"
"Armed Forces Retirement Home","Agency Overall","2019","2","4","<1","4","2","2","2","2","N/A","N/A","N/A","N/A"
"Department of Housing and Urban Development","Agency Overall","2019","20","52.38","<1","860","137","215.63","<1","1148","2.5","6.25","<1","26"
"Administrative Conference of the United States","Agency Overall","2019","1","1","<1","1","N/A","N/A","N/A","N/A","N/A","N/A","N/A","N/A"
"Corporation for National and Community Service (operating as AmeriCorps)","Agency Overall","2019","15.5","16.4","<1","48","72.5","96.8","21","310","2","2","2","2"
"Federal Deposit Insurance Corporation","Agency Overall","2019","9","12.94","1","98","24","29.62","11","109","9","9.33","2","17"
"Central Intelligence Agency","Agency Overall","2019","15","24.09","3","97","341","525.4","5","2641","N/A","N/A","N/A","N/A"
"Small Business Administration","Agency Overall","2019","12","21.63","0","364","69","69","69","69","4","6","0","9"
"Chemical Safety and Hazard Investigation Board","Agency Overall","2019","18","20","2","66","796","627","2","1074","N/A","N/A","N/A","N/A"
"National Labor Relations Board","Agency Overall","2019","11","35.84","<1","653","N/A","N/A","N/A","N/A","7","19.87","<1","361"
"National Credit Union Administration","Agency Overall","2019","8.5","9.61","<1","30","47","69.95","4","333","2","25.25","<1","96"
"Department of Health and Human Services","Agency Overall","2019","9.64","16.68","<1","1194","33.77","103.29","<1","1880","79.93","62.16","10","1169"
"Department of Veterans Affairs","Agency Overall","2019","12","63.47","<1","1312","62","160.14","<1","1365","12","90.69","<1","621"
"Department of Transportation","Agency Overall","2019","16","19.58","<1","1646","40","74.02","<1","1839","12","10.33","<1","93"
"National Council on Disability","Agency Overall","2019","N/A","N/A","N/A","N/A","N/A","N/A","N/A","N/A","N/A","N/A","N/A","N/A"
"U.S. Railroad Retirement Board","Agency Overall","2019","23","250.75","1","1338","N/A","N/A","N/A","N/A","N/A","N/A","N/A","N/A"
"Office of Navajo and Hopi Indian Relocation","Agency Overall","2019","3","8.2","1","23","N/A","N/A","N/A","N/A","N/A","N/A","N/A","N/A"
"Millennium Challenge Corporation","Agency Overall","2019","76","93.7","1","226","N/A","N/A","N/A","N/A","N/A","N/A","N/A","N/A"
"Legal Services Corporation","Agency Overall","2019","15","15016","2","25","N/A","N/A","N/A","N/A","25","25","25","25"
"U.S. Agency for Global Media","Agency Overall","2019","48","79","2","338","N/A","N/A","N/A","N/A","N/A","N/A","N/A","N/A"
"Neighborhood Reinvestment Corporation","Agency Overall","2019","N/A","N/A","N/A","N/A","N/A","N/A","N/A","N/A","N/A","N/A","N/A","N/A"
"Marine Mammal Commission","Agency Overall","2019","12.5","12.5","10","15","N/A","N/A","N/A","N/A","N/A","N/A","N/A","N/A"
"National Capital Planning Commission","Agency Overall","2019","1","2","1","4","N/A","N/A","N/A","N/A","N/a","N/A","N/A","N/A"
"Postal Regulatory Commission","Agency Overall","2019","11","14","3","20","N/A","N/A","N/A","N/A","18","18","18","18"