"Agency","Component","Fiscal Year","Ex. 1","Ex. 2","Ex. 3","Ex. 4","Ex. 5","Ex. 6","Ex. 7(A)","Ex. 7(B)","Ex. 7(C)","Ex. 7(D)","Ex. 7(E)","Ex. 7(F)","Ex. 8","Ex. 9"
"Federal Financial Institutions Examination Council","Agency Overall","2019","0","0","0","1","2","4","0","0","0","0","0","0","1","0"
"Surface Transportation Board","Agency Overall","2019","0","0","0","0","4","1","0","0","0","0","0","0","0","0"
"Commodity Futures Trading Commission","Agency Overall","2019","0","1","12","21","18","31","13","0","7","1","0","0","0","0"
"Social Security Advisory Board","Agency Overall","2019","0","0","0","0","0","0","0","0","0","0","0","0","0","0"
"Federal Retirement Thrift Investment Board","Agency Overall","2019","0","0","1","0","1","4","0","0","0","0","1","0","0","0"
"Office of Management and Budget","Agency Overall","2019","0","0","0","0","39","31","0","0","0","0","0","0","0","0"
"Environmental Protection Agency","Agency Overall","2019","0","0","9","143","410","818","63","11","200","2","38","56","0","17"
"Federal Housing Finance Agency","Agency Overall","2019","0","1","1","16","16","36","6","0","22","3","17","0","3","0"
"Consumer Product Safety Commission","Agency Overall","2019","3","3","175","36","64","98","32","1","0","7","0","0","0","0"
"U.S. Interagency Council on Homelessness","Agency Overall","2019","0","0","0","0","0","0","0","0","0","0","0","0","0","0"
"Office of National Drug Control Policy","Agency Overall","2019","0","0","5","0","19","34","0","0","2","0","0","2","0","0"
"Farm Credit System Insurance Corporation","Agency Overall","2019","0","0","0","0","0","0","0","0","0","0","0","0","0","0"
"National Endowment for the Arts","Agency Overall","2019","0","0","0","17","4","23","0","0","0","0","0","0","0","0"
"National Mediation Board","Agency Overall","2019","0","0","0","0","0","0","0","0","0","0","0","0","0","0"
"U.S. Agency for International Development","Agency Overall","2019","0","3","18","63","25","147","8","2","28","14","17","1","0","0"
"U.S. Election Assistance Commission","Agency Overall","2019","0","0","0","2","1","0","0","0","0","0","0","0","0","0"
"Occupational Safety and Health Review Commission","Agency Overall","2019","0","0","0","3","0","11","0","0","0","0","0","0","0","0"
"United States International Trade Commission","Agency Overall","2019","0","0","1","1","10","11","0","0","0","0","2","0","0","0"
"Social Security Administration","Agency Overall","2019","0","41","16","25","35","3566","7","0","16","1","21","1","0","0"
"Department of Labor","Agency Overall","2019","0","30","12","3884","2601","2309","1805","37","5487","2543","1042","5","0","10"
"Federal Mine Safety and Health Review Commission","Agency Overall","2019","0","0","0","0","0","1","0","0","0","0","0","0","0","0"
"Department of Defense","Agency Overall","2019","1975","242","3710","3414","4188","12383","817","245","6074","263","2577","312","4","14"
"Department of Justice","Agency Overall","2019","768","437","2713","268","2207","10387","1901","531","9372","2483","5996","1857","2","1"
"Office of the Director of National Intelligence","Agency Overall","2019","15","0","246","1","7","16","0","0","1","0","0","0","0","0"
"Court Services and Offender Supervision Agency","Agency Overall","2019","0","0","10","14","5","234","1","0","224","2","20","1","0","0"
"Department of the Treasury","Agency Overall","2019","8","36","2034","128","581","858","473","3","979","26","1182","9","33","0"
"U.S. Commission on Civil Rights","Agency Overall","2019","0","0","0","0","1","0","0","0","0","0","0","0","0","0"
"United States Postal Service","Agency Overall","2019","0","23","599","76","91","881","57","0","265","37","54","5","0","0"
"Department of the Interior","Agency Overall","2019","1","35","89","137","637","1410","153","6","665","30","57","25","0","6"
"American Battle Monuments Commission","Agency Overall","2019","0","0","0","0","0","1","0","0","0","0","0","0","0","0"
"National Aeronautics and Space Administration","Agency Overall","2019","1","12","36","90","27","152","6","1","27","1","24","2","0","0"
"Office of Special Counsel","Agency Overall","2019","0","0","14","1","66","113","1","3","105","16","2","0","0","0"
"Federal Maritime Commission","Agency Overall","2019","0","0","6","4","5","4","1","0","1","1","0","0","0","0"
"Privacy and Civil Liberties Oversight Board","Agency Overall","2019","1","0","0","0","2","4","0","0","0","0","0","0","0","0"
"Department of Agriculture","Agency Overall","2019","11","14","317","479","937","2579","128","10","1406","116","492","55","2","8"
"Farm Credit Administration","Agency Overall","2019","0","0","0","0","3","0","0","0","0","0","0","0","2","0"
"U.S. Department of State","Agency Overall","2019","36","2","3934","7","29","195","7","0","109","4","17","2","0","0"
"Pension Benefit Guaranty Corporation","Agency Overall","2019","0","0","9","30","27","432","1","0","2","0","2","0","0","0"
"Council on Environmental Quality","Agency Overall","2019","0","3","0","0","24","32","0","0","0","0","5","1","0","0"
"Peace Corps","Agency Overall","2019","0","7","0","1","8","25","0","0","5","3","4","0","0","0"
"General Services Administration","Agency Overall","2019","0","1","28","382","188","468","10","3","33","3","24","121","0","0"
"Merit Systems Protection Board","Agency Overall","2019","0","1","0","0","1","41","3","0","5","0","6","1","0","0"
"Federal Communications Commission","Agency Overall","2019","0","0","0","47","69","217","14","0","25","0","29","0","0","0"
"Tennessee Valley Authority","Agency Overall","2019","0","3","7","29","47","44","1","0","10","2","4","12","0","0"
"Nuclear Regulatory Commission","Agency Overall","2019","1","3","2","17","25","36","5","0","36","0","10","15","0","0"
"Federal Energy Regulatory Commission","Agency Overall","2019","0","0","12","7","35","50","5","1","1","0","2","6","0","0"
"National Archives and Records Administration","Agency Overall","2019","318","25","326","24","24","498","5","0","233","431","104","20","2","0"
"Gulf Coast Ecosystem Restoration Council","Agency Overall","2019","0","0","0","0","0","0","0","0","0","0","0","0","0","0"
"Department of Education","Agency Overall","2019","1","3","10","183","256","1231","229","5","806","4","38","10","0","0"
"Department of Energy","Agency Overall","2019","4","6","43","78","130","317","4","0","57","0","23","7","0","1"
"National Commission on Military, National, and Public Service","Agency Overall","2019","0","0","0","0","3","1","0","0","0","0","0","0","0","0"
"Morris K. Udall and Stewart L. Udall Foundation","Agency Overall","2019","0","0","0","0","0","0","0","0","0","0","0","0","0","0"
"United States Access Board","Agency Overall","2019","0","0","1","1","7","12","1","0","0","0","0","0","0","0"
"United States Trade and Development Agency","Agency Overall","2019","0","0","0","0","0","3","0","0","0","0","0","0","0","0"
"Federal Open Market Committee","Agency Overall","2019","0","0","0","1","3","0","0","0","0","0","1","0","0","0"
"Department of Homeland Security","Agency Overall","2019","18","378","48743","493","44035","193263","604","107","226859","406","236033","326","8","2"
"Federal Mediation and Conciliation Service","Agency Overall","2019","0","0","0","1","2","3","0","0","0","0","0","0","0","0"
"Defense Nuclear Facilities Safety Board","Agency Overall","2019","0","3","0","0","2","7","0","0","0","0","0","0","0","0"
"Department of Commerce","Agency Overall","2019","2","8","53","108","79","248","9","1","48","1","15","0","0","0"
"Inter-American Foundation","Agency Overall","2019","0","0","0","0","0","0","0","0","0","0","0","0","0","0"
"James Madison Memorial Fellowship Foundation","Agency Overall","2019","0","0","0","0","0","0","0","0","0","0","0","0","0","0"
"Presidio Trust","Agency Overall","2019","0","0","0","0","0","0","0","0","0","0","0","0","0","0"
"National Endowment for the Humanities","Agency Overall","2019","0","0","0","15","5","25","0","0","0","0","0","0","0","0"
"Consumer Financial Protection Bureau","Agency Overall","2019","0","11","2","37","99","169","34","1","3","10","29","1","35","0"
"Advisory Council on Historic Preservation","Agency Overall","2019","0","0","0","0","0","0","0","0","0","0","0","0","0","0"
"Federal Reserve System","Agency Overall","2019","0","0","1","35","30","42","3","0","1","0","5","0","28","0"
"Securities and Exchange Commission","Agency Overall","2019","0","10","35","436","289","313","471","1","300","17","27","1","22","1"
"Appraisal Subcommittee","Agency Overall","2019","0","0","0","0","0","0","0","0","0","0","0","0","0","0"
"Office of the United States Trade Representative","Agency Overall","2019","10","0","15","17","40","74","1","0","0","0","0","0","0","0"
"United States International Boundary and Water Commission","Agency Overall","2019","0","3","3","0","9","20","1","0","0","0","0","0","0","0"
"Harry S. Truman Scholarship Foundation","Agency Overall","2019","0","0","0","0","0","0","0","0","0","0","0","0","0","0"
"Federal Trade Commission","Agency Overall","2019","0","18","111","76","136","476","166","1","0","0","0","0","0","0"
"National Science Foundation","Agency Overall","2019","0","2","2","146","8","150","1","0","3","0","0","0","0","0"
"Overseas Private Investment Corporation","Agency Overall","2019","0","0","1","15","11","37","0","0","0","0","0","0","0","0"
"U.S. Nuclear Waste Technical Review Board","Agency Overall","2019","0","0","0","0","1","0","0","0","0","0","0","0","0","0"
"Council of the Inspectors General on Integrity and Efficiency","Agency Overall","2019","0","0","0","0","0","10","0","0","9","0","0","0","0","0"
"United States African Development Foundation","Agency Overall","2019","0","2","0","1","0","1","0","0","0","0","0","0","0","0"
"Federal Labor Relations Authority","Agency Overall","2019","0","0","0","0","0","2","0","0","1","0","0","0","0","0"
"Equal Employment Opportunity Commission","Agency Overall","2019","0","0","1771","34","13609","4311","2402","0","5984","65","35","2","0","0"
"Office of Personnel Management","Agency Overall","2019","0","14","2223","12","10","2230","0","0","2148","88","463","3","0","0"
"Office of the Special Inspector General for Afghanistan Reconstruction","Agency Overall","2019","0","0","1","1","3","6","1","0","3","0","0","0","0","0"
"Institute of Museum and Library Services","Agency Overall","2019","0","0","0","0","3","8","1","1","1","1","0","0","0","0"
"United States Institute of Peace","Agency Overall","2019","0","0","0","0","0","0","0","0","0","0","0","0","0","0"
"National Indian Gaming Commission","Agency Overall","2019","0","0","0","14","7","10","0","0","5","0","1","0","0","0"
"Federal Election Commission","Agency Overall","2019","0","0","17","4","17","21","1","0","9","0","5","0","0","0"
"Commission of Fine Arts","Agency Overall","2019","0","0","0","0","0","0","0","0","0","0","0","0","0","0"
"National Railroad Passenger Corporation","Agency Overall","2019","0","0","0","7","11","28","4","0","11","0","2","0","0","0"
"Office of Science and Technology Policy","Agency Overall","2019","0","0","1","0","9","13","0","0","0","0","0","0","0","0"
"Denali Commission","Agency Overall","2019","0","0","0","0","0","0","0","0","0","0","0","0","0","0"
"United States Copyright Office","Agency Overall","2019","0","1","0","0","2","0","0","0","0","0","0","0","0","0"
"Committee for Purchase from People Who Are Blind or Severely Disabled","Agency Overall","2019","0","0","0","0","0","0","0","0","3","3","1","0","0","0"
"National Transportation Safety Board","Agency Overall","2019","0","0","10","17","231","54","182","0","0","0","0","0","0","0"
"Selective Service System","Agency Overall","2019","1","0","0","0","1","3","0","0","0","0","0","0","0","0"
"Office of Government Ethics","Agency Overall","2019","0","0","24","16","43","61","0","0","2","0","0","0","0","0"
"Export-Import Bank of the U.S.","Agency Overall","2019","0","0","0","25","19","29","6","0","7","0","5","0","0","0"
"Armed Forces Retirement Home","Agency Overall","2019","0","0","0","0","1","0","0","0","0","0","0","0","0","0"
"Department of Housing and Urban Development","Agency Overall","2019","0","2","20","67","62","378","26","1","55","3","5","1","1","0"
"Administrative Conference of the United States","Agency Overall","2019","0","0","0","0","0","0","0","0","0","0","0","0","0","0"
"Corporation for National and Community Service (operating as AmeriCorps)","Agency Overall","2019","0","1","1","2","7","15","1","0","1","0","0","1","0","0"
"Federal Deposit Insurance Corporation","Agency Overall","2019","0","5","2","25","18","53","2","0","5","0","7","0","17","0"
"Central Intelligence Agency","Agency Overall","2019","959","7","1028","12","34","212","4","0","15","16","19","0","0","0"
"Small Business Administration","Agency Overall","2019","0","4","8","33","40","99","2","1","20","1","1","1","2","1"
"Chemical Safety and Hazard Investigation Board","Agency Overall","2019","0","0","0","9","1","8","7","0","0","0","0","0","0","0"
"National Labor Relations Board","Agency Overall","2019","0","0","1","96","159","793","250","0","775","135","4","2","0","0"
"National Credit Union Administration","Agency Overall","2019","0","6","0","28","17","59","5","0","12","0","10","0","36","0"
"Department of Health and Human Services","Agency Overall","2019","0","13","297","1296","445","8199","523","30","1675","78","26","61","0","3"
"Department of Veterans Affairs","Agency Overall","2019","31","3","2647","287","793","13099","64","9","1934","10","36","12","2","6"
"Department of Transportation","Agency Overall","2019","0","15","320","227","517","2722","108","1","1043","204","22","27","0","0"
"National Council on Disability","Agency Overall","2019","0","0","0","0","1","0","0","0","0","0","0","0","0","0"
"U.S. Railroad Retirement Board","Agency Overall","2019","0","0","30","1","0","39","0","0","0","0","0","0","0","0"
"Office of Navajo and Hopi Indian Relocation","Agency Overall","2019","0","0","0","0","0","0","0","0","0","0","0","0","0","0"
"Millennium Challenge Corporation","Agency Overall","2019","1","1","2","2","1","3","0","0","0","0","0","0","0","0"
"Legal Services Corporation","Agency Overall","2019","0","0","0","1","2","5","0","0","0","0","0","0","0","0"
"U.S. Agency for Global Media","Agency Overall","2019","0","0","0","7","15","23","1","0","2","0","0","0","0","1"
"Neighborhood Reinvestment Corporation","Agency Overall","2019","0","0","0","0","0","0","0","0","0","0","0","0","0","0"
"Marine Mammal Commission","Agency Overall","2019","0","0","0","0","0","0","0","0","0","0","0","0","0","0"
"National Capital Planning Commission","Agency Overall","2019","0","0","0","0","0","0","0","0","0","0","0","0","0","0"
"Postal Regulatory Commission","Agency Overall","2019","0","0","0","0","0","1","0","0","0","0","0","0","0","0"
"All agencies","Agency Overall","2019","4165","1439","71765","13234","73706","267071","10637","1013","267137","7031","248562","2964","200","71"