"Agency","Component","Fiscal Year","Simple - Median Number of Days","Simple - Average Number of Days","Simple - Lowest Number of Days","Simple - Highest Number of Days","Complex - Median Number of Days","Complex - Average Number of Days","Complex - Lowest Number of Days","Complex - Highest Number of Days","Expedited Processing - Median Number of Days","Expedited Processing - Average Number of Days","Expedited Processing - Lowest Number of Days","Expedited Processing - Highest Number of Days"
"Federal Financial Institutions Examination Council","Agency Overall","2019","8","10.1","1","35","21.5","21.5","13","30","N/A","N/A","N/A","N/A"
"Surface Transportation Board","Agency Overall","2019","5.5","8.03","1","20","N/A","N/A","N/A","N/A","N/A","N/A","N/A","N/A"
"Commodity Futures Trading Commission","Agency Overall","2019","36","78.03","<1","377","64.5","138.44","<1","481","37","37","6","68"
"Social Security Advisory Board","Agency Overall","2019","10","10","<1","20","0.0000","0.0000","0","0","0.0000","0.0000","0","0"
"Federal Retirement Thrift Investment Board","Agency Overall","2019","22","32","1","89","N/A","N/A","N/A","N/A","N/A","N/A","N/A","N/A"
"Office of Management and Budget","Agency Overall","2019","35","67.74","1","608","457","428.99","1","939","n/a","n/a","N/A","N/A"
"Environmental Protection Agency","Agency Overall","2019","16","48.77","<1","903","44","117.95","<1","1615","493","541.77","5","1233"
"Federal Housing Finance Agency","Agency Overall","2019","7.5","9.57","<1","74","36","64.88","1","354","N/A","N/A","N/A","N/A"
"Consumer Product Safety Commission","Agency Overall","2019","36","89.68","1","437","169","198.49","1","654","44.5","47.75","6","96"
"U.S. Interagency Council on Homelessness","Agency Overall","2019","22.5","22.5","15","30","N/A","N/A","N/A","N/A","N/A","N/A","N/A","N/A"
"Office of National Drug Control Policy","Agency Overall","2019","14","12","1","20","81","154","24","449","352","352","352","352"
"Farm Credit System Insurance Corporation","Agency Overall","2019","1.5","1.75","1","3","N/A","N/A","N/A","N/A","N/A","N/A","N/A","N/A"
"National Endowment for the Arts","Agency Overall","2019","30","22","3","58","23","32","20","77","4","5","3","7"
"National Mediation Board","Agency Overall","2019","2.5","1.9","<1","4","N/A","N/A","N/A","N/A","20","20","20","20"
"U.S. Agency for International Development","Agency Overall","2019","6.5","6.25","<1","12","146","292","<1","1339","1270","1270","1270","1270"
"U.S. Election Assistance Commission","Agency Overall","2019","80","68.3","3","131","67.5","65.75","28","113","N/A","N/A","N/A","N/A"
"Occupational Safety and Health Review Commission","Agency Overall","2019","4","6.24","1","21","40","66.33","39","120","N/A","N/A","N/A","N/A"
"United States International Trade Commission","Agency Overall","2019","19","16.3","7","20","30","40.1","25","84","N/A","N/A","N/A","N/A"
"Social Security Administration","Agency Overall","2019","4","6","<1","361","54","91","<1","563","N/A","N/A","N/A","N/A"
"Department of Labor","Agency Overall","2019","9","29.6","1","4554","13","55.3","1","4554","8","44.5","1","561"
"Federal Mine Safety and Health Review Commission","Agency Overall","2019","1","1.5","<1","9","6","5.2","1","8","1","1","1","1"
"Department of Defense","Agency Overall","2019","6","26.48","1","1777","64","204.73","1","4426","7.5","57.55","1","975"
"Department of Justice","Agency Overall","2019","33","49.94","<1","1768","100","215.15","<1","1851","233","258.59","2","1511"
"Office of the Director of National Intelligence","Agency Overall","2019","3.00","11.91","1","284","46.00","185.59","1","1648","2.00","2.00","1","3"
"Court Services and Offender Supervision Agency","Agency Overall","2019","3","4.13","<1","19","8","9.25","<1","78","N/A","N/A","N/A","N/A"
"Department of the Treasury","Agency Overall","2019","3","11.1","<1","412","23","56.2","<1","1911","31","110.2","5","555"
"U.S. Commission on Civil Rights","Agency Overall","2019","14","17.4","1","171","N/A","N/A","N/A","N/A","N/A","N/A","N/A","N/A"
"United States Postal Service","Agency Overall","2019","5","9.02","1","449","30","60.57","1","859","3.5","38.17","1","213"
"Department of the Interior","Agency Overall","2019","4","15","<1","240","25","74","<1","1281","27","63","<1","334"
"American Battle Monuments Commission","Agency Overall","2019","4","7","1","16","9","7.6","1","14","N/A","N/A","N/A","N/A"
"National Aeronautics and Space Administration","Agency Overall","2019","7","13.19","<1","146","25","38.31","<1","240","N/A","N/A","N/A","N/A"
"Office of Special Counsel","Agency Overall","2019","46","69.62","<1","206","272","405.38","<1","1292","141","135.56","<1","306"
"Federal Maritime Commission","Agency Overall","2019","5","4.33","2","6","21","27.4","5","62","N/A","N/A","N/A","N/A"
"Privacy and Civil Liberties Oversight Board","Agency Overall","2019","8.5","10.5","3","19","17","17.6","12","20","10","10","10","10"
"Department of Agriculture","Agency Overall","2019","1","22","<1","2077","45","154.27","<1","1789","15","114.64","<1","556"
"Farm Credit Administration","Agency Overall","2019","5","8.7","<1","36","N/A","N/A","N/A","N/A","N/A","N/A","N/A","N/A"
"U.S. Department of State","Agency Overall","2019","30.50","74.51","1","2073","73.75","171.04","5","3136.06","454.91","479.41","427","591"
"Pension Benefit Guaranty Corporation","Agency Overall","2019","9","10.87","<1","115","26","35.97","<1","249","N/A","N/A","N/A","N/A"
"Council on Environmental Quality","Agency Overall","2019","7","36.47","1","376","123","215.06","1","874","N/A","N/A","N/A","N/A"
"Peace Corps","Agency Overall","2019","28","71.33","<1","601","217.5","268.3","21","757","1","1","1","1"
"General Services Administration","Agency Overall","2019","11","11.41","<1","267","60","102.44","2","548","38","102.06","<1","468"
"Merit Systems Protection Board","Agency Overall","2019","3","8.49","<1","138","169.5","318.23","1","805","N/A","N/A","N/A","N/A"
"Federal Communications Commission","Agency Overall","2019","10","12.5","<1","94","47","66.3","17","490","23.5","47.82","1","302"
"Tennessee Valley Authority","Agency Overall","2019","8","9.75","1","20","34","76","20","457","4","4","4","4"
"Nuclear Regulatory Commission","Agency Overall","2019","16","38.05","<1","539","82","149.54","<1","601","161","124.8","<1","252"
"Federal Energy Regulatory Commission","Agency Overall","2019","27","47","1","679","30","102","8","1349","N/A","N/A","N/A","N/A"
"National Archives and Records Administration","Agency Overall","2019","398","574.03","1","1608","795","1332.70","1","6474","N/A","N/A","N/A","N/A"
"Gulf Coast Ecosystem Restoration Council","Agency Overall","2019","3","8.8","1","31","N/A","N/A","N/A","N/A","N/A","N/A","N/A","N/A"
"Department of Education","Agency Overall","2019","9","11.64","<1","580","112","190.46","<1","2137","24.57","45.67","<1","118"
"Department of Energy","Agency Overall","2019","32","81.08","<1","1045","48","140.71","<1","1994","13","12.2","1","30"
"National Commission on Military, National, and Public Service","Agency Overall","2019","3","13.34","<1","70","N/A","N/A","N/A","N/A","4","4","2","6"
"Morris K. Udall and Stewart L. Udall Foundation","Agency Overall","2019","7","7","5","10","N/A","N/A","N/A","N/A","N/A","N/A","N/A","N/A"
"United States Access Board","Agency Overall","2019","0","0","N/A","N/A","19","24","1","120","N/A","N/A","N/A","N/A"
"United States Trade and Development Agency","Agency Overall","2019","72","76","3","442","N/A","N/A","N/A","N/A","10","203","8","591"
"Federal Open Market Committee","Agency Overall","2019","1","4.5","<1","17","47","45","27","59","N/A","N/A","N/A","N/A"
"Department of Homeland Security","Agency Overall","2019","17","33","<1","858","43","66","<1","1820","20","61","1","676"
"Federal Mediation and Conciliation Service","Agency Overall","2019","7.5","114","1","255","83","125","2","581","50.5","50.5","15","86"
"Defense Nuclear Facilities Safety Board","Agency Overall","2019","22","78","3","488","N/A","N/A","N/A","N/A","30","30","30","30"
"Department of Commerce","Agency Overall","2019","15","52.12","<1","1305","50","158.54","<1","1790","22.03","108.92","<1","522"
"Inter-American Foundation","Agency Overall","2019","2.5","8.4","1","49","N/A","N/A","N/A","N/A","N/A","N/A","N/A","N/A"
"James Madison Memorial Fellowship Foundation","Agency Overall","2019","N/A","N/A","N/A","N/A","N/A","N/A","N/A","N/A","N/A","N/A","N/A","N/A"
"Presidio Trust","Agency Overall","2019","1","1","1","1","N/A","N/A","N/A","N/A","N/A","N/A","N/A","N/A"
"National Endowment for the Humanities","Agency Overall","2019","20","18","1","49","25.5","25","19","30","N/A","N/A","N/A","N/A"
"Consumer Financial Protection Bureau","Agency Overall","2019","27","58.9","<1","345","75","109.4","1","352","N/A","N/A","N/A","N/A"
"Advisory Council on Historic Preservation","Agency Overall","2019","17","17.5","4","32","81","81","81","81","N/A","N/A","N/A","N/A"
"Federal Reserve System","Agency Overall","2019","8","13","1","206","29","48","1","261","N/A","N/A","0","0"
"Securities and Exchange Commission","Agency Overall","2019","8","16.89","<1","446","494","574","311","1261","14","47.41","4","228"
"Appraisal Subcommittee","Agency Overall","2019","17","17","14","20","N/A","N/A","N/A","N/A","N/A","N/A","N/A","N/A"
"Office of the United States Trade Representative","Agency Overall","2019","19","25","1","128","114","193","26","1531","7","7","6","9"
"United States International Boundary and Water Commission","Agency Overall","2019","37","40","1","224","N/A","N/A","N/A","N/A","N/A","N/A","N/A","N/A"
"Harry S. Truman Scholarship Foundation","Agency Overall","2019","1","0","1","44","N/A","N/A","N/A","N/A","N/A","N/A","N/A","N/A"
"Federal Trade Commission","Agency Overall","2019","6","9.7","1","129","20","36.06","1","329","11","19.73","3","45"
"National Science Foundation","Agency Overall","2019","8","32","1","641","50","87","1","1290","13","84","2","493"
"Overseas Private Investment Corporation","Agency Overall","2019","20","36.5","<1","150","96.5","103.3","1","272","N/A","N/A","N/A","N/A"
"U.S. Nuclear Waste Technical Review Board","Agency Overall","2019","8","10","6","30","N/A","N/A","N/A","N/A","N/A","N/A","N/A","N/A"
"Council of the Inspectors General on Integrity and Efficiency","Agency Overall","2019","34.5","72","4","200","224","249","31","857","N/A","N/A","N/A","N/A"
"United States African Development Foundation","Agency Overall","2019","11","8.6","1","17","51","51","51","51","20","20","20","20"
"Federal Labor Relations Authority","Agency Overall","2019","13","13.26","<1","51","<1","<1","<1","<1","14","14","<1","14"
"Equal Employment Opportunity Commission","Agency Overall","2019","12","32.82","<1","609","47","79.46","<1","325","20","20","20","20"
"Office of Personnel Management","Agency Overall","2019","1","3.5","1","1549","27","40.6","1","3550","N/A","N/A","N/A","N/A"
"Office of the Special Inspector General for Afghanistan Reconstruction","Agency Overall","2019","11","12","1","28","10","13.1","2","30","10","10","10","10"
"Institute of Museum and Library Services","Agency Overall","2019","7","7.89","1","26","172","196.66","42","413","N/A","N/A","N/A","N/A"
"United States Institute of Peace","Agency Overall","2019","7","16.75","3","54","N/A","N/A","N/A","N/A","N/A","N/A","N/A","N/A"
"National Indian Gaming Commission","Agency Overall","2019","2","4.5","1","17","96","218","45","526","N/A","N/A","N/A","N/A"
"Federal Election Commission","Agency Overall","2019","32","54.8","2","928","332","488.6","6","1876","N/A","N/A","N/A","N/A"
"Commission of Fine Arts","Agency Overall","2019","12.6","12.6","8","19","N/A","N/A","N/A","N/A","N/A","N/A","N/A","N/A"
"National Railroad Passenger Corporation","Agency Overall","2019","601","457.2","7","832","29","115.41","<1","719","652","652","652","652"
"Office of Science and Technology Policy","Agency Overall","2019","21","53.42","1","410","21","192.3","5","927","12.5","58.7","1","174"
"Denali Commission","Agency Overall","2019","12","13","1","24","N/A","N/A","N/A","N/A","N/A","N/A","N/A","N/A"
"United States Copyright Office","Agency Overall","2019","18","15.8","3","29","N/A","N/A","N/A","N/A","N/A","N/A","N/A","N/A"
"Committee for Purchase from People Who Are Blind or Severely Disabled","Agency Overall","2019","131","131","29","233","160","160","125","182","N/A","N/A","N/A","N/A"
"National Transportation Safety Board","Agency Overall","2019","42","280.13","1","1089","359","444.8","4","1180","43","43","43","43"
"Selective Service System","Agency Overall","2019","2","5","1","18","N/A","N/A","N/A","N/A","N/A","N/A","N/A","N/A"
"Office of Government Ethics","Agency Overall","2019","48","170","1","632","N/A","N/A","N/A","N/A","305.5","13.4","11","594"
"Export-Import Bank of the U.S.","Agency Overall","2019","6","15.76","<1","66","312.5","370.55","8","1273","15","15","15","15"
"Armed Forces Retirement Home","Agency Overall","2019","2","4","<1","4","2","2","2","2","N/A","N/A","N/A","N/A"
"Department of Housing and Urban Development","Agency Overall","2019","17","58.59","<1","860","115","205.21","<1","1148","3","29.08","<1","176"
"Administrative Conference of the United States","Agency Overall","2019","1","1","1","1","N/A","N/A","N/A","N/A","N/A","N/A","N/A","N/A"
"Corporation for National and Community Service (operating as AmeriCorps)","Agency Overall","2019","13","15.6","<1","61","71","150.7","21","310","2","2","2","2"
"Federal Deposit Insurance Corporation","Agency Overall","2019","7","10.55","<1","98","23","28.27","7","109","7","7.67","2","17"
"Central Intelligence Agency","Agency Overall","2019","14","20.11","<1","100","191.50","329.70","4","2641","88","88","31","145"
"Small Business Administration","Agency Overall","2019","13","22.05","<1","364","69","69","69","69","6","9","<1","26"
"Chemical Safety and Hazard Investigation Board","Agency Overall","2019","9","13","<1","66","387","509","2","1074","6","59","2","283"
"National Labor Relations Board","Agency Overall","2019","10","39.86","<1","653","N/A","N/A","N/A","N/A","6.5","20.21","<1","361"
"National Credit Union Administration","Agency Overall","2019","8","9.37","<1","30","43","66.46","4","333","2.5","19.83","<1","96"
"Department of Health and Human Services","Agency Overall","2019","8.47","18.54","<1","1434","39.43","101.96","<1","1880","85.51","57.88","10","1424"
"Department of Veterans Affairs","Agency Overall","2019","13","59.42","<1","1606","55","155.28","<1","1365","11","83.74","<1","621"
"Department of Transportation","Agency Overall","2019","15","18.52","<1","1646","70","210.83","<1","1839","12.5","14.5","<1","93"
"National Council on Disability","Agency Overall","2019","4","6","<1","20","N/A","N/A","N/A","N/A","N/A","N/A","N/A","N/A"
"U.S. Railroad Retirement Board","Agency Overall","2019","20","194.71","1","1338","N/A","N/A","N/A","N/A","N/A","N/A","N/A","N/A"
"Office of Navajo and Hopi Indian Relocation","Agency Overall","2019","3","8.2","1","23","N/A","N/A","N/A","N/A","N/A","N/A","N/A","N/A"
"Millennium Challenge Corporation","Agency Overall","2019","92","35","1","121","N/A","N/A","N/A","N/A","N/A","N/A","N/A","N/A"
"Legal Services Corporation","Agency Overall","2019","14","13.87","2","36","N/A","N/A","N/A","N/A","20","19","12","25"
"U.S. Agency for Global Media","Agency Overall","2019","48","79","2","338","N/A","N/A","N/A","N/A","N/A","N/A","N/A","N/A"
"Neighborhood Reinvestment Corporation","Agency Overall","2019","5","5","5","5","N/A","N/A","N/A","N/A","N/A","N/A","N/A","N/A"
"Marine Mammal Commission","Agency Overall","2019","12.5","11.67","10","15","N/A","N/A","N/A","N/A","N/A","N/A","N/A","N/A"
"National Capital Planning Commission","Agency Overall","2019","2","3.4","1","11","N/A","N/A","N/A","N/A","N/A","N/A","N/A","N/A"
"Postal Regulatory Commission","Agency Overall","2019","11","10","3","20","N/A","N/A","N/A","N/A","18","18","18","18"