<?xml version="1.0"?>
<iepd:FoiaAnnualReport xmlns:iepd="http://leisp.usdoj.gov/niem/FoiaAnnualReport/exchange/1.03" xsi:schemaLocation="http://leisp.usdoj.gov/niem/FoiaAnnualReport/exchange/1.03 ../schema/exchange/FoiaAnnualReport.xsd" xmlns:foia="http://leisp.usdoj.gov/niem/FoiaAnnualReport/extension/1.03" xmlns:i="http://niem.gov/niem/appinfo/2.0" xmlns:j="http://niem.gov/niem/domains/jxdm/4.1" xmlns:nc="http://niem.gov/niem/niem-core/2.0" xmlns:s="http://niem.gov/niem/structures/2.0" xmlns:xsi="http://www.w3.org/2001/XMLSchema-instance"><nc:DocumentApplicationName nc:applicationVersionText="1.1">FOIA Annual Report Workbook</nc:DocumentApplicationName><nc:DocumentCreationDate><nc:Date>2014-12-04</nc:Date></nc:DocumentCreationDate><nc:DocumentDescriptionText>FOIA Annual Report</nc:DocumentDescriptionText><nc:Organization s:id="ORG0"><nc:OrganizationAbbreviationText>FHFA</nc:OrganizationAbbreviationText><nc:OrganizationName>Federal Housing Finance Agency</nc:OrganizationName><nc:OrganizationSubUnit s:id="ORG1"><nc:OrganizationAbbreviationText>FHFA-HQ</nc:OrganizationAbbreviationText><nc:OrganizationName>FHFA Headquarters</nc:OrganizationName></nc:OrganizationSubUnit><nc:OrganizationSubUnit s:id="ORG2"><nc:OrganizationAbbreviationText>FHFA-OIG</nc:OrganizationAbbreviationText><nc:OrganizationName>FHFA Office of Inspector General</nc:OrganizationName></nc:OrganizationSubUnit></nc:Organization><foia:DocumentFiscalYearDate>2014</foia:DocumentFiscalYearDate><foia:Exemption3StatuteSection><foia:ReliedUponStatute s:id="ES8"><j:StatuteDescriptionText>N/A</j:StatuteDescriptionText><foia:ReliedUponStatuteInformationWithheldText>N/A</foia:ReliedUponStatuteInformationWithheldText><nc:Case><nc:CaseTitleText>N/A</nc:CaseTitleText></nc:Case></foia:ReliedUponStatute><foia:ReliedUponStatuteOrganizationAssociation><foia:ComponentDataReference s:ref="ES8"/><nc:OrganizationReference s:ref="ORG1"/><foia:ReliedUponStatuteQuantity>0</foia:ReliedUponStatuteQuantity></foia:ReliedUponStatuteOrganizationAssociation><foia:ReliedUponStatuteOrganizationAssociation><foia:ComponentDataReference s:ref="ES8"/><nc:OrganizationReference s:ref="ORG2"/><foia:ReliedUponStatuteQuantity>0</foia:ReliedUponStatuteQuantity></foia:ReliedUponStatuteOrganizationAssociation><foia:ReliedUponStatuteOrganizationAssociation><foia:ComponentDataReference s:ref="ES8"/><nc:OrganizationReference s:ref="ORG0"/><foia:ReliedUponStatuteQuantity>0</foia:ReliedUponStatuteQuantity></foia:ReliedUponStatuteOrganizationAssociation></foia:Exemption3StatuteSection><foia:ProcessedRequestSection><foia:ProcessingStatistics s:id="PS1"><foia:ProcessingStatisticsPendingAtStartQuantity>17</foia:ProcessingStatisticsPendingAtStartQuantity><foia:ProcessingStatisticsReceivedQuantity>123</foia:ProcessingStatisticsReceivedQuantity><foia:ProcessingStatisticsProcessedQuantity>130</foia:ProcessingStatisticsProcessedQuantity><foia:ProcessingStatisticsPendingAtEndQuantity>10</foia:ProcessingStatisticsPendingAtEndQuantity></foia:ProcessingStatistics><foia:ProcessingStatistics s:id="PS2"><foia:ProcessingStatisticsPendingAtStartQuantity>8</foia:ProcessingStatisticsPendingAtStartQuantity><foia:ProcessingStatisticsReceivedQuantity>37</foia:ProcessingStatisticsReceivedQuantity><foia:ProcessingStatisticsProcessedQuantity>41</foia:ProcessingStatisticsProcessedQuantity><foia:ProcessingStatisticsPendingAtEndQuantity>4</foia:ProcessingStatisticsPendingAtEndQuantity></foia:ProcessingStatistics><foia:ProcessingStatistics s:id="PS0"><foia:ProcessingStatisticsPendingAtStartQuantity>25</foia:ProcessingStatisticsPendingAtStartQuantity><foia:ProcessingStatisticsReceivedQuantity>160</foia:ProcessingStatisticsReceivedQuantity><foia:ProcessingStatisticsProcessedQuantity>171</foia:ProcessingStatisticsProcessedQuantity><foia:ProcessingStatisticsPendingAtEndQuantity>14</foia:ProcessingStatisticsPendingAtEndQuantity></foia:ProcessingStatistics><foia:ProcessingStatisticsOrganizationAssociation><foia:ComponentDataReference s:ref="PS1"/><nc:OrganizationReference s:ref="ORG1"/></foia:ProcessingStatisticsOrganizationAssociation><foia:ProcessingStatisticsOrganizationAssociation><foia:ComponentDataReference s:ref="PS2"/><nc:OrganizationReference s:ref="ORG2"/></foia:ProcessingStatisticsOrganizationAssociation><foia:ProcessingStatisticsOrganizationAssociation><foia:ComponentDataReference s:ref="PS0"/><nc:OrganizationReference s:ref="ORG0"/></foia:ProcessingStatisticsOrganizationAssociation></foia:ProcessedRequestSection><foia:RequestDispositionSection><foia:RequestDisposition s:id="RD1"><foia:RequestDispositionFullGrantQuantity>25</foia:RequestDispositionFullGrantQuantity><foia:RequestDispositionPartialGrantQuantity>30</foia:RequestDispositionPartialGrantQuantity><foia:RequestDispositionFullExemptionDenialQuantity>9</foia:RequestDispositionFullExemptionDenialQuantity><foia:NonExemptionDenial><foia:NonExemptionDenialReasonCode>NoRecords</foia:NonExemptionDenialReasonCode><foia:NonExemptionDenialQuantity>41</foia:NonExemptionDenialQuantity></foia:NonExemptionDenial><foia:NonExemptionDenial><foia:NonExemptionDenialReasonCode>Referred</foia:NonExemptionDenialReasonCode><foia:NonExemptionDenialQuantity>2</foia:NonExemptionDenialQuantity></foia:NonExemptionDenial><foia:NonExemptionDenial><foia:NonExemptionDenialReasonCode>Withdrawn</foia:NonExemptionDenialReasonCode><foia:NonExemptionDenialQuantity>14</foia:NonExemptionDenialQuantity></foia:NonExemptionDenial><foia:NonExemptionDenial><foia:NonExemptionDenialReasonCode>FeeRelated</foia:NonExemptionDenialReasonCode><foia:NonExemptionDenialQuantity>7</foia:NonExemptionDenialQuantity></foia:NonExemptionDenial><foia:NonExemptionDenial><foia:NonExemptionDenialReasonCode>ImproperRequest</foia:NonExemptionDenialReasonCode><foia:NonExemptionDenialQuantity>1</foia:NonExemptionDenialQuantity></foia:NonExemptionDenial><foia:NonExemptionDenial><foia:NonExemptionDenialReasonCode>Duplicate</foia:NonExemptionDenialReasonCode><foia:NonExemptionDenialQuantity>1</foia:NonExemptionDenialQuantity></foia:NonExemptionDenial><foia:RequestDispositionTotalQuantity>130</foia:RequestDispositionTotalQuantity></foia:RequestDisposition><foia:RequestDisposition s:id="RD2"><foia:RequestDispositionFullGrantQuantity>4</foia:RequestDispositionFullGrantQuantity><foia:RequestDispositionPartialGrantQuantity>24</foia:RequestDispositionPartialGrantQuantity><foia:RequestDispositionFullExemptionDenialQuantity>6</foia:RequestDispositionFullExemptionDenialQuantity><foia:NonExemptionDenial><foia:NonExemptionDenialReasonCode>NoRecords</foia:NonExemptionDenialReasonCode><foia:NonExemptionDenialQuantity>5</foia:NonExemptionDenialQuantity></foia:NonExemptionDenial><foia:NonExemptionDenial><foia:NonExemptionDenialReasonCode>Withdrawn</foia:NonExemptionDenialReasonCode><foia:NonExemptionDenialQuantity>2</foia:NonExemptionDenialQuantity></foia:NonExemptionDenial><foia:RequestDispositionTotalQuantity>41</foia:RequestDispositionTotalQuantity></foia:RequestDisposition><foia:RequestDisposition s:id="RD0"><foia:RequestDispositionFullGrantQuantity>29</foia:RequestDispositionFullGrantQuantity><foia:RequestDispositionPartialGrantQuantity>54</foia:RequestDispositionPartialGrantQuantity><foia:RequestDispositionFullExemptionDenialQuantity>15</foia:RequestDispositionFullExemptionDenialQuantity><foia:NonExemptionDenial><foia:NonExemptionDenialReasonCode>NoRecords</foia:NonExemptionDenialReasonCode><foia:NonExemptionDenialQuantity>46</foia:NonExemptionDenialQuantity></foia:NonExemptionDenial><foia:NonExemptionDenial><foia:NonExemptionDenialReasonCode>Referred</foia:NonExemptionDenialReasonCode><foia:NonExemptionDenialQuantity>2</foia:NonExemptionDenialQuantity></foia:NonExemptionDenial><foia:NonExemptionDenial><foia:NonExemptionDenialReasonCode>Withdrawn</foia:NonExemptionDenialReasonCode><foia:NonExemptionDenialQuantity>16</foia:NonExemptionDenialQuantity></foia:NonExemptionDenial><foia:NonExemptionDenial><foia:NonExemptionDenialReasonCode>FeeRelated</foia:NonExemptionDenialReasonCode><foia:NonExemptionDenialQuantity>7</foia:NonExemptionDenialQuantity></foia:NonExemptionDenial><foia:NonExemptionDenial><foia:NonExemptionDenialReasonCode>ImproperRequest</foia:NonExemptionDenialReasonCode><foia:NonExemptionDenialQuantity>1</foia:NonExemptionDenialQuantity></foia:NonExemptionDenial><foia:NonExemptionDenial><foia:NonExemptionDenialReasonCode>Duplicate</foia:NonExemptionDenialReasonCode><foia:NonExemptionDenialQuantity>1</foia:NonExemptionDenialQuantity></foia:NonExemptionDenial><foia:RequestDispositionTotalQuantity>171</foia:RequestDispositionTotalQuantity></foia:RequestDisposition><foia:RequestDispositionOrganizationAssociation><foia:ComponentDataReference s:ref="RD1"/><nc:OrganizationReference s:ref="ORG1"/></foia:RequestDispositionOrganizationAssociation><foia:RequestDispositionOrganizationAssociation><foia:ComponentDataReference s:ref="RD2"/><nc:OrganizationReference s:ref="ORG2"/></foia:RequestDispositionOrganizationAssociation><foia:RequestDispositionOrganizationAssociation><foia:ComponentDataReference s:ref="RD0"/><nc:OrganizationReference s:ref="ORG0"/></foia:RequestDispositionOrganizationAssociation></foia:RequestDispositionSection><foia:RequestDenialOtherReasonSection><foia:ComponentOtherDenialReason s:id="CODR8"><foia:OtherDenialReason><foia:OtherDenialReasonDescriptionText>N/A</foia:OtherDenialReasonDescriptionText><foia:OtherDenialReasonQuantity>0</foia:OtherDenialReasonQuantity></foia:OtherDenialReason><foia:ComponentOtherDenialReasonQuantity>0</foia:ComponentOtherDenialReasonQuantity></foia:ComponentOtherDenialReason><foia:ComponentOtherDenialReason s:id="CODR10"><foia:OtherDenialReason><foia:OtherDenialReasonDescriptionText>N/A</foia:OtherDenialReasonDescriptionText><foia:OtherDenialReasonQuantity>0</foia:OtherDenialReasonQuantity></foia:OtherDenialReason><foia:ComponentOtherDenialReasonQuantity>0</foia:ComponentOtherDenialReasonQuantity></foia:ComponentOtherDenialReason><foia:ComponentOtherDenialReason s:id="CODR12"><foia:ComponentOtherDenialReasonQuantity>0</foia:ComponentOtherDenialReasonQuantity></foia:ComponentOtherDenialReason><foia:OtherDenialReasonOrganizationAssociation><foia:ComponentDataReference s:ref="CODR8"/><nc:OrganizationReference s:ref="ORG1"/></foia:OtherDenialReasonOrganizationAssociation><foia:OtherDenialReasonOrganizationAssociation><foia:ComponentDataReference s:ref="CODR10"/><nc:OrganizationReference s:ref="ORG2"/></foia:OtherDenialReasonOrganizationAssociation><foia:OtherDenialReasonOrganizationAssociation><foia:ComponentDataReference s:ref="CODR12"/><nc:OrganizationReference s:ref="ORG0"/></foia:OtherDenialReasonOrganizationAssociation></foia:RequestDenialOtherReasonSection><foia:RequestDispositionAppliedExemptionsSection><foia:ComponentAppliedExemptions s:id="RDE1"><foia:AppliedExemption><foia:AppliedExemptionCode>Ex. 4</foia:AppliedExemptionCode><foia:AppliedExemptionQuantity>16</foia:AppliedExemptionQuantity></foia:AppliedExemption><foia:AppliedExemption><foia:AppliedExemptionCode>Ex. 5</foia:AppliedExemptionCode><foia:AppliedExemptionQuantity>18</foia:AppliedExemptionQuantity></foia:AppliedExemption><foia:AppliedExemption><foia:AppliedExemptionCode>Ex. 6</foia:AppliedExemptionCode><foia:AppliedExemptionQuantity>28</foia:AppliedExemptionQuantity></foia:AppliedExemption><foia:AppliedExemption><foia:AppliedExemptionCode>Ex. 8</foia:AppliedExemptionCode><foia:AppliedExemptionQuantity>9</foia:AppliedExemptionQuantity></foia:AppliedExemption></foia:ComponentAppliedExemptions><foia:ComponentAppliedExemptions s:id="RDE2"><foia:AppliedExemption><foia:AppliedExemptionCode>Ex. 2</foia:AppliedExemptionCode><foia:AppliedExemptionQuantity>4</foia:AppliedExemptionQuantity></foia:AppliedExemption><foia:AppliedExemption><foia:AppliedExemptionCode>Ex. 4</foia:AppliedExemptionCode><foia:AppliedExemptionQuantity>7</foia:AppliedExemptionQuantity></foia:AppliedExemption><foia:AppliedExemption><foia:AppliedExemptionCode>Ex. 5</foia:AppliedExemptionCode><foia:AppliedExemptionQuantity>9</foia:AppliedExemptionQuantity></foia:AppliedExemption><foia:AppliedExemption><foia:AppliedExemptionCode>Ex. 6</foia:AppliedExemptionCode><foia:AppliedExemptionQuantity>7</foia:AppliedExemptionQuantity></foia:AppliedExemption><foia:AppliedExemption><foia:AppliedExemptionCode>Ex. 7(A)</foia:AppliedExemptionCode><foia:AppliedExemptionQuantity>6</foia:AppliedExemptionQuantity></foia:AppliedExemption><foia:AppliedExemption><foia:AppliedExemptionCode>Ex. 7(C)</foia:AppliedExemptionCode><foia:AppliedExemptionQuantity>22</foia:AppliedExemptionQuantity></foia:AppliedExemption><foia:AppliedExemption><foia:AppliedExemptionCode>Ex. 7(E)</foia:AppliedExemptionCode><foia:AppliedExemptionQuantity>11</foia:AppliedExemptionQuantity></foia:AppliedExemption><foia:AppliedExemption><foia:AppliedExemptionCode>Ex. 8</foia:AppliedExemptionCode><foia:AppliedExemptionQuantity>1</foia:AppliedExemptionQuantity></foia:AppliedExemption></foia:ComponentAppliedExemptions><foia:ComponentAppliedExemptions s:id="RDE0"><foia:AppliedExemption><foia:AppliedExemptionCode>Ex. 2</foia:AppliedExemptionCode><foia:AppliedExemptionQuantity>4</foia:AppliedExemptionQuantity></foia:AppliedExemption><foia:AppliedExemption><foia:AppliedExemptionCode>Ex. 4</foia:AppliedExemptionCode><foia:AppliedExemptionQuantity>23</foia:AppliedExemptionQuantity></foia:AppliedExemption><foia:AppliedExemption><foia:AppliedExemptionCode>Ex. 5</foia:AppliedExemptionCode><foia:AppliedExemptionQuantity>27</foia:AppliedExemptionQuantity></foia:AppliedExemption><foia:AppliedExemption><foia:AppliedExemptionCode>Ex. 6</foia:AppliedExemptionCode><foia:AppliedExemptionQuantity>35</foia:AppliedExemptionQuantity></foia:AppliedExemption><foia:AppliedExemption><foia:AppliedExemptionCode>Ex. 7(A)</foia:AppliedExemptionCode><foia:AppliedExemptionQuantity>6</foia:AppliedExemptionQuantity></foia:AppliedExemption><foia:AppliedExemption><foia:AppliedExemptionCode>Ex. 7(C)</foia:AppliedExemptionCode><foia:AppliedExemptionQuantity>22</foia:AppliedExemptionQuantity></foia:AppliedExemption><foia:AppliedExemption><foia:AppliedExemptionCode>Ex. 7(E)</foia:AppliedExemptionCode><foia:AppliedExemptionQuantity>11</foia:AppliedExemptionQuantity></foia:AppliedExemption><foia:AppliedExemption><foia:AppliedExemptionCode>Ex. 8</foia:AppliedExemptionCode><foia:AppliedExemptionQuantity>10</foia:AppliedExemptionQuantity></foia:AppliedExemption></foia:ComponentAppliedExemptions><foia:ComponentAppliedExemptionsOrganizationAssociation><foia:ComponentDataReference s:ref="RDE1"/><nc:OrganizationReference s:ref="ORG1"/></foia:ComponentAppliedExemptionsOrganizationAssociation><foia:ComponentAppliedExemptionsOrganizationAssociation><foia:ComponentDataReference s:ref="RDE2"/><nc:OrganizationReference s:ref="ORG2"/></foia:ComponentAppliedExemptionsOrganizationAssociation><foia:ComponentAppliedExemptionsOrganizationAssociation><foia:ComponentDataReference s:ref="RDE0"/><nc:OrganizationReference s:ref="ORG0"/></foia:ComponentAppliedExemptionsOrganizationAssociation></foia:RequestDispositionAppliedExemptionsSection><foia:ProcessedAppealSection><foia:ProcessingStatistics s:id="PA1"><foia:ProcessingStatisticsPendingAtStartQuantity>0</foia:ProcessingStatisticsPendingAtStartQuantity><foia:ProcessingStatisticsReceivedQuantity>11</foia:ProcessingStatisticsReceivedQuantity><foia:ProcessingStatisticsProcessedQuantity>10</foia:ProcessingStatisticsProcessedQuantity><foia:ProcessingStatisticsPendingAtEndQuantity>1</foia:ProcessingStatisticsPendingAtEndQuantity></foia:ProcessingStatistics><foia:ProcessingStatistics s:id="PA2"><foia:ProcessingStatisticsPendingAtStartQuantity>0</foia:ProcessingStatisticsPendingAtStartQuantity><foia:ProcessingStatisticsReceivedQuantity>4</foia:ProcessingStatisticsReceivedQuantity><foia:ProcessingStatisticsProcessedQuantity>4</foia:ProcessingStatisticsProcessedQuantity><foia:ProcessingStatisticsPendingAtEndQuantity>0</foia:ProcessingStatisticsPendingAtEndQuantity></foia:ProcessingStatistics><foia:ProcessingStatistics s:id="PA0"><foia:ProcessingStatisticsPendingAtStartQuantity>0</foia:ProcessingStatisticsPendingAtStartQuantity><foia:ProcessingStatisticsReceivedQuantity>15</foia:ProcessingStatisticsReceivedQuantity><foia:ProcessingStatisticsProcessedQuantity>14</foia:ProcessingStatisticsProcessedQuantity><foia:ProcessingStatisticsPendingAtEndQuantity>1</foia:ProcessingStatisticsPendingAtEndQuantity></foia:ProcessingStatistics><foia:ProcessingStatisticsOrganizationAssociation><foia:ComponentDataReference s:ref="PA1"/><nc:OrganizationReference s:ref="ORG1"/></foia:ProcessingStatisticsOrganizationAssociation><foia:ProcessingStatisticsOrganizationAssociation><foia:ComponentDataReference s:ref="PA2"/><nc:OrganizationReference s:ref="ORG2"/></foia:ProcessingStatisticsOrganizationAssociation><foia:ProcessingStatisticsOrganizationAssociation><foia:ComponentDataReference s:ref="PA0"/><nc:OrganizationReference s:ref="ORG0"/></foia:ProcessingStatisticsOrganizationAssociation></foia:ProcessedAppealSection><foia:AppealDispositionSection><foia:AppealDisposition s:id="AD1"><foia:AppealDispositionAffirmedQuantity>6</foia:AppealDispositionAffirmedQuantity><foia:AppealDispositionPartialQuantity>3</foia:AppealDispositionPartialQuantity><foia:AppealDispositionReversedQuantity>0</foia:AppealDispositionReversedQuantity><foia:AppealDispositionOtherQuantity>1</foia:AppealDispositionOtherQuantity><foia:AppealDispositionTotalQuantity>10</foia:AppealDispositionTotalQuantity></foia:AppealDisposition><foia:AppealDisposition s:id="AD2"><foia:AppealDispositionAffirmedQuantity>3</foia:AppealDispositionAffirmedQuantity><foia:AppealDispositionPartialQuantity>0</foia:AppealDispositionPartialQuantity><foia:AppealDispositionReversedQuantity>0</foia:AppealDispositionReversedQuantity><foia:AppealDispositionOtherQuantity>1</foia:AppealDispositionOtherQuantity><foia:AppealDispositionTotalQuantity>4</foia:AppealDispositionTotalQuantity></foia:AppealDisposition><foia:AppealDisposition s:id="AD0"><foia:AppealDispositionAffirmedQuantity>9</foia:AppealDispositionAffirmedQuantity><foia:AppealDispositionPartialQuantity>3</foia:AppealDispositionPartialQuantity><foia:AppealDispositionReversedQuantity>0</foia:AppealDispositionReversedQuantity><foia:AppealDispositionOtherQuantity>2</foia:AppealDispositionOtherQuantity><foia:AppealDispositionTotalQuantity>14</foia:AppealDispositionTotalQuantity></foia:AppealDisposition><foia:AppealDispositionOrganizationAssociation><foia:ComponentDataReference s:ref="AD1"/><nc:OrganizationReference s:ref="ORG1"/></foia:AppealDispositionOrganizationAssociation><foia:AppealDispositionOrganizationAssociation><foia:ComponentDataReference s:ref="AD2"/><nc:OrganizationReference s:ref="ORG2"/></foia:AppealDispositionOrganizationAssociation><foia:AppealDispositionOrganizationAssociation><foia:ComponentDataReference s:ref="AD0"/><nc:OrganizationReference s:ref="ORG0"/></foia:AppealDispositionOrganizationAssociation></foia:AppealDispositionSection><foia:AppealDispositionAppliedExemptionsSection><foia:ComponentAppliedExemptions s:id="ADE1"><foia:AppliedExemption><foia:AppliedExemptionCode>Ex. 4</foia:AppliedExemptionCode><foia:AppliedExemptionQuantity>7</foia:AppliedExemptionQuantity></foia:AppliedExemption><foia:AppliedExemption><foia:AppliedExemptionCode>Ex. 5</foia:AppliedExemptionCode><foia:AppliedExemptionQuantity>3</foia:AppliedExemptionQuantity></foia:AppliedExemption><foia:AppliedExemption><foia:AppliedExemptionCode>Ex. 6</foia:AppliedExemptionCode><foia:AppliedExemptionQuantity>1</foia:AppliedExemptionQuantity></foia:AppliedExemption><foia:AppliedExemption><foia:AppliedExemptionCode>Ex. 8</foia:AppliedExemptionCode><foia:AppliedExemptionQuantity>5</foia:AppliedExemptionQuantity></foia:AppliedExemption></foia:ComponentAppliedExemptions><foia:ComponentAppliedExemptions s:id="ADE2"><foia:AppliedExemption><foia:AppliedExemptionCode>Ex. 5</foia:AppliedExemptionCode><foia:AppliedExemptionQuantity>1</foia:AppliedExemptionQuantity></foia:AppliedExemption><foia:AppliedExemption><foia:AppliedExemptionCode>Ex. 6</foia:AppliedExemptionCode><foia:AppliedExemptionQuantity>1</foia:AppliedExemptionQuantity></foia:AppliedExemption><foia:AppliedExemption><foia:AppliedExemptionCode>Ex. 7(C)</foia:AppliedExemptionCode><foia:AppliedExemptionQuantity>3</foia:AppliedExemptionQuantity></foia:AppliedExemption><foia:AppliedExemption><foia:AppliedExemptionCode>Ex. 7(E)</foia:AppliedExemptionCode><foia:AppliedExemptionQuantity>1</foia:AppliedExemptionQuantity></foia:AppliedExemption></foia:ComponentAppliedExemptions><foia:ComponentAppliedExemptions s:id="ADE0"><foia:AppliedExemption><foia:AppliedExemptionCode>Ex. 4</foia:AppliedExemptionCode><foia:AppliedExemptionQuantity>7</foia:AppliedExemptionQuantity></foia:AppliedExemption><foia:AppliedExemption><foia:AppliedExemptionCode>Ex. 5</foia:AppliedExemptionCode><foia:AppliedExemptionQuantity>4</foia:AppliedExemptionQuantity></foia:AppliedExemption><foia:AppliedExemption><foia:AppliedExemptionCode>Ex. 6</foia:AppliedExemptionCode><foia:AppliedExemptionQuantity>2</foia:AppliedExemptionQuantity></foia:AppliedExemption><foia:AppliedExemption><foia:AppliedExemptionCode>Ex. 7(C)</foia:AppliedExemptionCode><foia:AppliedExemptionQuantity>3</foia:AppliedExemptionQuantity></foia:AppliedExemption><foia:AppliedExemption><foia:AppliedExemptionCode>Ex. 7(E)</foia:AppliedExemptionCode><foia:AppliedExemptionQuantity>1</foia:AppliedExemptionQuantity></foia:AppliedExemption><foia:AppliedExemption><foia:AppliedExemptionCode>Ex. 8</foia:AppliedExemptionCode><foia:AppliedExemptionQuantity>5</foia:AppliedExemptionQuantity></foia:AppliedExemption></foia:ComponentAppliedExemptions><foia:ComponentAppliedExemptionsOrganizationAssociation><foia:ComponentDataReference s:ref="ADE1"/><nc:OrganizationReference s:ref="ORG1"/></foia:ComponentAppliedExemptionsOrganizationAssociation><foia:ComponentAppliedExemptionsOrganizationAssociation><foia:ComponentDataReference s:ref="ADE2"/><nc:OrganizationReference s:ref="ORG2"/></foia:ComponentAppliedExemptionsOrganizationAssociation><foia:ComponentAppliedExemptionsOrganizationAssociation><foia:ComponentDataReference s:ref="ADE0"/><nc:OrganizationReference s:ref="ORG0"/></foia:ComponentAppliedExemptionsOrganizationAssociation></foia:AppealDispositionAppliedExemptionsSection><foia:AppealNonExemptionDenialSection><foia:AppealNonExemptionDenial s:id="ANE1"><foia:NonExemptionDenial><foia:NonExemptionDenialReasonCode>NoRecords</foia:NonExemptionDenialReasonCode><foia:NonExemptionDenialQuantity>1</foia:NonExemptionDenialQuantity></foia:NonExemptionDenial></foia:AppealNonExemptionDenial><foia:AppealNonExemptionDenial s:id="ANE2"><foia:NonExemptionDenial><foia:NonExemptionDenialReasonCode>ImproperRequest</foia:NonExemptionDenialReasonCode><foia:NonExemptionDenialQuantity>1</foia:NonExemptionDenialQuantity></foia:NonExemptionDenial></foia:AppealNonExemptionDenial><foia:AppealNonExemptionDenial s:id="ANE0"><foia:NonExemptionDenial><foia:NonExemptionDenialReasonCode>NoRecords</foia:NonExemptionDenialReasonCode><foia:NonExemptionDenialQuantity>1</foia:NonExemptionDenialQuantity></foia:NonExemptionDenial><foia:NonExemptionDenial><foia:NonExemptionDenialReasonCode>ImproperRequest</foia:NonExemptionDenialReasonCode><foia:NonExemptionDenialQuantity>1</foia:NonExemptionDenialQuantity></foia:NonExemptionDenial></foia:AppealNonExemptionDenial><foia:AppealNonExemptionDenialOrganizationAssociation><foia:ComponentDataReference s:ref="ANE1"/><nc:OrganizationReference s:ref="ORG1"/></foia:AppealNonExemptionDenialOrganizationAssociation><foia:AppealNonExemptionDenialOrganizationAssociation><foia:ComponentDataReference s:ref="ANE2"/><nc:OrganizationReference s:ref="ORG2"/></foia:AppealNonExemptionDenialOrganizationAssociation><foia:AppealNonExemptionDenialOrganizationAssociation><foia:ComponentDataReference s:ref="ANE0"/><nc:OrganizationReference s:ref="ORG0"/></foia:AppealNonExemptionDenialOrganizationAssociation></foia:AppealNonExemptionDenialSection><foia:AppealDenialOtherReasonSection><foia:ComponentOtherDenialReason s:id="ADOR8"><foia:OtherDenialReason><foia:OtherDenialReasonDescriptionText>N/A</foia:OtherDenialReasonDescriptionText><foia:OtherDenialReasonQuantity>0</foia:OtherDenialReasonQuantity></foia:OtherDenialReason><foia:ComponentOtherDenialReasonQuantity>0</foia:ComponentOtherDenialReasonQuantity></foia:ComponentOtherDenialReason><foia:ComponentOtherDenialReason s:id="ADOR10"><foia:OtherDenialReason><foia:OtherDenialReasonDescriptionText>N/A</foia:OtherDenialReasonDescriptionText><foia:OtherDenialReasonQuantity>0</foia:OtherDenialReasonQuantity></foia:OtherDenialReason><foia:ComponentOtherDenialReasonQuantity>0</foia:ComponentOtherDenialReasonQuantity></foia:ComponentOtherDenialReason><foia:ComponentOtherDenialReason s:id="ADOR12"><foia:ComponentOtherDenialReasonQuantity>0</foia:ComponentOtherDenialReasonQuantity></foia:ComponentOtherDenialReason><foia:OtherDenialReasonOrganizationAssociation><foia:ComponentDataReference s:ref="ADOR8"/><nc:OrganizationReference s:ref="ORG1"/></foia:OtherDenialReasonOrganizationAssociation><foia:OtherDenialReasonOrganizationAssociation><foia:ComponentDataReference s:ref="ADOR10"/><nc:OrganizationReference s:ref="ORG2"/></foia:OtherDenialReasonOrganizationAssociation><foia:OtherDenialReasonOrganizationAssociation><foia:ComponentDataReference s:ref="ADOR12"/><nc:OrganizationReference s:ref="ORG0"/></foia:OtherDenialReasonOrganizationAssociation></foia:AppealDenialOtherReasonSection><foia:AppealResponseTimeSection><foia:ResponseTime s:id="ART1"><foia:ResponseTimeMedianDaysValue>27</foia:ResponseTimeMedianDaysValue><foia:ResponseTimeAverageDaysValue>25.07</foia:ResponseTimeAverageDaysValue><foia:ResponseTimeLowestDaysValue>18</foia:ResponseTimeLowestDaysValue><foia:ResponseTimeHighestDaysValue>31</foia:ResponseTimeHighestDaysValue></foia:ResponseTime><foia:ResponseTime s:id="ART2"><foia:ResponseTimeMedianDaysValue>11.5</foia:ResponseTimeMedianDaysValue><foia:ResponseTimeAverageDaysValue>11.75</foia:ResponseTimeAverageDaysValue><foia:ResponseTimeLowestDaysValue>8</foia:ResponseTimeLowestDaysValue><foia:ResponseTimeHighestDaysValue>16</foia:ResponseTimeHighestDaysValue></foia:ResponseTime><foia:ResponseTime s:id="ART0"><foia:ResponseTimeMedianDaysValue>24.5</foia:ResponseTimeMedianDaysValue><foia:ResponseTimeAverageDaysValue>22.82</foia:ResponseTimeAverageDaysValue><foia:ResponseTimeLowestDaysValue>8</foia:ResponseTimeLowestDaysValue><foia:ResponseTimeHighestDaysValue>31</foia:ResponseTimeHighestDaysValue></foia:ResponseTime><foia:ResponseTimeOrganizationAssociation><foia:ComponentDataReference s:ref="ART1"/><nc:OrganizationReference s:ref="ORG1"/></foia:ResponseTimeOrganizationAssociation><foia:ResponseTimeOrganizationAssociation><foia:ComponentDataReference s:ref="ART2"/><nc:OrganizationReference s:ref="ORG2"/></foia:ResponseTimeOrganizationAssociation><foia:ResponseTimeOrganizationAssociation><foia:ComponentDataReference s:ref="ART0"/><nc:OrganizationReference s:ref="ORG0"/></foia:ResponseTimeOrganizationAssociation></foia:AppealResponseTimeSection><foia:OldestPendingAppealSection><foia:OldestPendingItems s:id="OPA8"><foia:OldItem><foia:OldItemReceiptDate>2014-09-09</foia:OldItemReceiptDate><foia:OldItemPendingDaysQuantity>15</foia:OldItemPendingDaysQuantity></foia:OldItem></foia:OldestPendingItems><foia:OldestPendingItems s:id="OPA10"/><foia:OldestPendingItems s:id="OPA12"><foia:OldItem><foia:OldItemReceiptDate>2014-09-09</foia:OldItemReceiptDate><foia:OldItemPendingDaysQuantity>15</foia:OldItemPendingDaysQuantity></foia:OldItem></foia:OldestPendingItems><foia:OldestPendingItemsOrganizationAssociation><foia:ComponentDataReference s:ref="OPA8"/><nc:OrganizationReference s:ref="ORG1"/></foia:OldestPendingItemsOrganizationAssociation><foia:OldestPendingItemsOrganizationAssociation><foia:ComponentDataReference s:ref="OPA10"/><nc:OrganizationReference s:ref="ORG2"/></foia:OldestPendingItemsOrganizationAssociation><foia:OldestPendingItemsOrganizationAssociation><foia:ComponentDataReference s:ref="OPA12"/><nc:OrganizationReference s:ref="ORG0"/></foia:OldestPendingItemsOrganizationAssociation></foia:OldestPendingAppealSection><foia:ProcessedResponseTimeSection><foia:ProcessedResponseTime s:id="PRT1"><foia:SimpleResponseTime><foia:ResponseTimeMedianDaysValue>9</foia:ResponseTimeMedianDaysValue><foia:ResponseTimeAverageDaysValue>18.89</foia:ResponseTimeAverageDaysValue><foia:ResponseTimeLowestDaysCode>LT1</foia:ResponseTimeLowestDaysCode><foia:ResponseTimeHighestDaysValue>136</foia:ResponseTimeHighestDaysValue></foia:SimpleResponseTime><foia:ComplexResponseTime><foia:ResponseTimeMedianDaysValue>45</foia:ResponseTimeMedianDaysValue><foia:ResponseTimeAverageDaysValue>52.85</foia:ResponseTimeAverageDaysValue><foia:ResponseTimeLowestDaysCode>LT1</foia:ResponseTimeLowestDaysCode><foia:ResponseTimeHighestDaysValue>208</foia:ResponseTimeHighestDaysValue></foia:ComplexResponseTime><foia:ExpeditedResponseTime/></foia:ProcessedResponseTime><foia:ProcessedResponseTime s:id="PRT2"><foia:SimpleResponseTime><foia:ResponseTimeMedianDaysValue>12.5</foia:ResponseTimeMedianDaysValue><foia:ResponseTimeAverageDaysValue>17.92</foia:ResponseTimeAverageDaysValue><foia:ResponseTimeLowestDaysCode>LT1</foia:ResponseTimeLowestDaysCode><foia:ResponseTimeHighestDaysValue>215</foia:ResponseTimeHighestDaysValue></foia:SimpleResponseTime><foia:ComplexResponseTime><foia:ResponseTimeMedianDaysValue>203</foia:ResponseTimeMedianDaysValue><foia:ResponseTimeAverageDaysValue>203</foia:ResponseTimeAverageDaysValue><foia:ResponseTimeLowestDaysValue>203</foia:ResponseTimeLowestDaysValue><foia:ResponseTimeHighestDaysValue>203</foia:ResponseTimeHighestDaysValue></foia:ComplexResponseTime><foia:ExpeditedResponseTime/></foia:ProcessedResponseTime><foia:ProcessedResponseTime s:id="PRT0"><foia:SimpleResponseTime><foia:ResponseTimeMedianDaysValue>10</foia:ResponseTimeMedianDaysValue><foia:ResponseTimeAverageDaysValue>18.62</foia:ResponseTimeAverageDaysValue><foia:ResponseTimeLowestDaysCode>LT1</foia:ResponseTimeLowestDaysCode><foia:ResponseTimeHighestDaysValue>215</foia:ResponseTimeHighestDaysValue></foia:SimpleResponseTime><foia:ComplexResponseTime><foia:ResponseTimeMedianDaysValue>45</foia:ResponseTimeMedianDaysValue><foia:ResponseTimeAverageDaysValue>58.41</foia:ResponseTimeAverageDaysValue><foia:ResponseTimeLowestDaysCode>LT1</foia:ResponseTimeLowestDaysCode><foia:ResponseTimeHighestDaysValue>208</foia:ResponseTimeHighestDaysValue></foia:ComplexResponseTime><foia:ExpeditedResponseTime/></foia:ProcessedResponseTime><foia:ProcessedResponseTimeOrganizationAssociation><foia:ComponentDataReference s:ref="PRT1"/><nc:OrganizationReference s:ref="ORG1"/></foia:ProcessedResponseTimeOrganizationAssociation><foia:ProcessedResponseTimeOrganizationAssociation><foia:ComponentDataReference s:ref="PRT2"/><nc:OrganizationReference s:ref="ORG2"/></foia:ProcessedResponseTimeOrganizationAssociation><foia:ProcessedResponseTimeOrganizationAssociation><foia:ComponentDataReference s:ref="PRT0"/><nc:OrganizationReference s:ref="ORG0"/></foia:ProcessedResponseTimeOrganizationAssociation></foia:ProcessedResponseTimeSection><foia:InformationGrantedResponseTimeSection><foia:ProcessedResponseTime s:id="IGR1"><foia:SimpleResponseTime><foia:ResponseTimeMedianDaysValue>20</foia:ResponseTimeMedianDaysValue><foia:ResponseTimeAverageDaysValue>28.64</foia:ResponseTimeAverageDaysValue><foia:ResponseTimeLowestDaysValue>1</foia:ResponseTimeLowestDaysValue><foia:ResponseTimeHighestDaysValue>136</foia:ResponseTimeHighestDaysValue></foia:SimpleResponseTime><foia:ComplexResponseTime><foia:ResponseTimeMedianDaysValue>45</foia:ResponseTimeMedianDaysValue><foia:ResponseTimeAverageDaysValue>64.82</foia:ResponseTimeAverageDaysValue><foia:ResponseTimeLowestDaysValue>20</foia:ResponseTimeLowestDaysValue><foia:ResponseTimeHighestDaysValue>208</foia:ResponseTimeHighestDaysValue></foia:ComplexResponseTime><foia:ExpeditedResponseTime/></foia:ProcessedResponseTime><foia:ProcessedResponseTime s:id="IGR2"><foia:SimpleResponseTime><foia:ResponseTimeMedianDaysValue>13</foia:ResponseTimeMedianDaysValue><foia:ResponseTimeAverageDaysValue>21.07</foia:ResponseTimeAverageDaysValue><foia:ResponseTimeLowestDaysValue>1</foia:ResponseTimeLowestDaysValue><foia:ResponseTimeHighestDaysValue>215</foia:ResponseTimeHighestDaysValue></foia:SimpleResponseTime><foia:ComplexResponseTime><foia:ResponseTimeMedianDaysValue>203</foia:ResponseTimeMedianDaysValue><foia:ResponseTimeAverageDaysValue>203</foia:ResponseTimeAverageDaysValue><foia:ResponseTimeLowestDaysValue>203</foia:ResponseTimeLowestDaysValue><foia:ResponseTimeHighestDaysValue>203</foia:ResponseTimeHighestDaysValue></foia:ComplexResponseTime><foia:ExpeditedResponseTime/></foia:ProcessedResponseTime><foia:ProcessedResponseTime s:id="IGR0"><foia:SimpleResponseTime><foia:ResponseTimeMedianDaysValue>16</foia:ResponseTimeMedianDaysValue><foia:ResponseTimeAverageDaysValue>25.76</foia:ResponseTimeAverageDaysValue><foia:ResponseTimeLowestDaysValue>1</foia:ResponseTimeLowestDaysValue><foia:ResponseTimeHighestDaysValue>215</foia:ResponseTimeHighestDaysValue></foia:SimpleResponseTime><foia:ComplexResponseTime><foia:ResponseTimeMedianDaysValue>52</foia:ResponseTimeMedianDaysValue><foia:ResponseTimeAverageDaysValue>76.33</foia:ResponseTimeAverageDaysValue><foia:ResponseTimeLowestDaysValue>20</foia:ResponseTimeLowestDaysValue><foia:ResponseTimeHighestDaysValue>208</foia:ResponseTimeHighestDaysValue></foia:ComplexResponseTime><foia:ExpeditedResponseTime/></foia:ProcessedResponseTime><foia:ProcessedResponseTimeOrganizationAssociation><foia:ComponentDataReference s:ref="IGR1"/><nc:OrganizationReference s:ref="ORG1"/></foia:ProcessedResponseTimeOrganizationAssociation><foia:ProcessedResponseTimeOrganizationAssociation><foia:ComponentDataReference s:ref="IGR2"/><nc:OrganizationReference s:ref="ORG2"/></foia:ProcessedResponseTimeOrganizationAssociation><foia:ProcessedResponseTimeOrganizationAssociation><foia:ComponentDataReference s:ref="IGR0"/><nc:OrganizationReference s:ref="ORG0"/></foia:ProcessedResponseTimeOrganizationAssociation></foia:InformationGrantedResponseTimeSection><foia:SimpleResponseTimeIncrementsSection><foia:ComponentResponseTimeIncrements s:id="SRT1"><foia:TimeIncrement><foia:TimeIncrementCode>1-20</foia:TimeIncrementCode><foia:TimeIncrementProcessedQuantity>70</foia:TimeIncrementProcessedQuantity></foia:TimeIncrement><foia:TimeIncrement><foia:TimeIncrementCode>21-40</foia:TimeIncrementCode><foia:TimeIncrementProcessedQuantity>21</foia:TimeIncrementProcessedQuantity></foia:TimeIncrement><foia:TimeIncrement><foia:TimeIncrementCode>41-60</foia:TimeIncrementCode><foia:TimeIncrementProcessedQuantity>8</foia:TimeIncrementProcessedQuantity></foia:TimeIncrement><foia:TimeIncrement><foia:TimeIncrementCode>61-80</foia:TimeIncrementCode><foia:TimeIncrementProcessedQuantity>1</foia:TimeIncrementProcessedQuantity></foia:TimeIncrement><foia:TimeIncrement><foia:TimeIncrementCode>81-100</foia:TimeIncrementCode><foia:TimeIncrementProcessedQuantity>2</foia:TimeIncrementProcessedQuantity></foia:TimeIncrement><foia:TimeIncrement><foia:TimeIncrementCode>101-120</foia:TimeIncrementCode><foia:TimeIncrementProcessedQuantity>0</foia:TimeIncrementProcessedQuantity></foia:TimeIncrement><foia:TimeIncrement><foia:TimeIncrementCode>121-140</foia:TimeIncrementCode><foia:TimeIncrementProcessedQuantity>2</foia:TimeIncrementProcessedQuantity></foia:TimeIncrement><foia:TimeIncrement><foia:TimeIncrementCode>141-160</foia:TimeIncrementCode><foia:TimeIncrementProcessedQuantity>0</foia:TimeIncrementProcessedQuantity></foia:TimeIncrement><foia:TimeIncrement><foia:TimeIncrementCode>161-180</foia:TimeIncrementCode><foia:TimeIncrementProcessedQuantity>0</foia:TimeIncrementProcessedQuantity></foia:TimeIncrement><foia:TimeIncrement><foia:TimeIncrementCode>181-200</foia:TimeIncrementCode><foia:TimeIncrementProcessedQuantity>0</foia:TimeIncrementProcessedQuantity></foia:TimeIncrement><foia:TimeIncrement><foia:TimeIncrementCode>201-300</foia:TimeIncrementCode><foia:TimeIncrementProcessedQuantity>0</foia:TimeIncrementProcessedQuantity></foia:TimeIncrement><foia:TimeIncrement><foia:TimeIncrementCode>301-400</foia:TimeIncrementCode><foia:TimeIncrementProcessedQuantity>0</foia:TimeIncrementProcessedQuantity></foia:TimeIncrement><foia:TimeIncrement><foia:TimeIncrementCode>401+</foia:TimeIncrementCode><foia:TimeIncrementProcessedQuantity>0</foia:TimeIncrementProcessedQuantity></foia:TimeIncrement><foia:TimeIncrementTotalQuantity>104</foia:TimeIncrementTotalQuantity></foia:ComponentResponseTimeIncrements><foia:ComponentResponseTimeIncrements s:id="SRT2"><foia:TimeIncrement><foia:TimeIncrementCode>1-20</foia:TimeIncrementCode><foia:TimeIncrementProcessedQuantity>32</foia:TimeIncrementProcessedQuantity></foia:TimeIncrement><foia:TimeIncrement><foia:TimeIncrementCode>21-40</foia:TimeIncrementCode><foia:TimeIncrementProcessedQuantity>6</foia:TimeIncrementProcessedQuantity></foia:TimeIncrement><foia:TimeIncrement><foia:TimeIncrementCode>41-60</foia:TimeIncrementCode><foia:TimeIncrementProcessedQuantity>1</foia:TimeIncrementProcessedQuantity></foia:TimeIncrement><foia:TimeIncrement><foia:TimeIncrementCode>61-80</foia:TimeIncrementCode><foia:TimeIncrementProcessedQuantity>0</foia:TimeIncrementProcessedQuantity></foia:TimeIncrement><foia:TimeIncrement><foia:TimeIncrementCode>81-100</foia:TimeIncrementCode><foia:TimeIncrementProcessedQuantity>0</foia:TimeIncrementProcessedQuantity></foia:TimeIncrement><foia:TimeIncrement><foia:TimeIncrementCode>101-120</foia:TimeIncrementCode><foia:TimeIncrementProcessedQuantity>0</foia:TimeIncrementProcessedQuantity></foia:TimeIncrement><foia:TimeIncrement><foia:TimeIncrementCode>121-140</foia:TimeIncrementCode><foia:TimeIncrementProcessedQuantity>0</foia:TimeIncrementProcessedQuantity></foia:TimeIncrement><foia:TimeIncrement><foia:TimeIncrementCode>141-160</foia:TimeIncrementCode><foia:TimeIncrementProcessedQuantity>0</foia:TimeIncrementProcessedQuantity></foia:TimeIncrement><foia:TimeIncrement><foia:TimeIncrementCode>161-180</foia:TimeIncrementCode><foia:TimeIncrementProcessedQuantity>0</foia:TimeIncrementProcessedQuantity></foia:TimeIncrement><foia:TimeIncrement><foia:TimeIncrementCode>181-200</foia:TimeIncrementCode><foia:TimeIncrementProcessedQuantity>0</foia:TimeIncrementProcessedQuantity></foia:TimeIncrement><foia:TimeIncrement><foia:TimeIncrementCode>201-300</foia:TimeIncrementCode><foia:TimeIncrementProcessedQuantity>1</foia:TimeIncrementProcessedQuantity></foia:TimeIncrement><foia:TimeIncrement><foia:TimeIncrementCode>301-400</foia:TimeIncrementCode><foia:TimeIncrementProcessedQuantity>0</foia:TimeIncrementProcessedQuantity></foia:TimeIncrement><foia:TimeIncrement><foia:TimeIncrementCode>401+</foia:TimeIncrementCode><foia:TimeIncrementProcessedQuantity>0</foia:TimeIncrementProcessedQuantity></foia:TimeIncrement><foia:TimeIncrementTotalQuantity>40</foia:TimeIncrementTotalQuantity></foia:ComponentResponseTimeIncrements><foia:ComponentResponseTimeIncrements s:id="SRT0"><foia:TimeIncrement><foia:TimeIncrementCode>1-20</foia:TimeIncrementCode><foia:TimeIncrementProcessedQuantity>102</foia:TimeIncrementProcessedQuantity></foia:TimeIncrement><foia:TimeIncrement><foia:TimeIncrementCode>21-40</foia:TimeIncrementCode><foia:TimeIncrementProcessedQuantity>27</foia:TimeIncrementProcessedQuantity></foia:TimeIncrement><foia:TimeIncrement><foia:TimeIncrementCode>41-60</foia:TimeIncrementCode><foia:TimeIncrementProcessedQuantity>9</foia:TimeIncrementProcessedQuantity></foia:TimeIncrement><foia:TimeIncrement><foia:TimeIncrementCode>61-80</foia:TimeIncrementCode><foia:TimeIncrementProcessedQuantity>1</foia:TimeIncrementProcessedQuantity></foia:TimeIncrement><foia:TimeIncrement><foia:TimeIncrementCode>81-100</foia:TimeIncrementCode><foia:TimeIncrementProcessedQuantity>2</foia:TimeIncrementProcessedQuantity></foia:TimeIncrement><foia:TimeIncrement><foia:TimeIncrementCode>101-120</foia:TimeIncrementCode><foia:TimeIncrementProcessedQuantity>0</foia:TimeIncrementProcessedQuantity></foia:TimeIncrement><foia:TimeIncrement><foia:TimeIncrementCode>121-140</foia:TimeIncrementCode><foia:TimeIncrementProcessedQuantity>2</foia:TimeIncrementProcessedQuantity></foia:TimeIncrement><foia:TimeIncrement><foia:TimeIncrementCode>141-160</foia:TimeIncrementCode><foia:TimeIncrementProcessedQuantity>0</foia:TimeIncrementProcessedQuantity></foia:TimeIncrement><foia:TimeIncrement><foia:TimeIncrementCode>161-180</foia:TimeIncrementCode><foia:TimeIncrementProcessedQuantity>0</foia:TimeIncrementProcessedQuantity></foia:TimeIncrement><foia:TimeIncrement><foia:TimeIncrementCode>181-200</foia:TimeIncrementCode><foia:TimeIncrementProcessedQuantity>0</foia:TimeIncrementProcessedQuantity></foia:TimeIncrement><foia:TimeIncrement><foia:TimeIncrementCode>201-300</foia:TimeIncrementCode><foia:TimeIncrementProcessedQuantity>1</foia:TimeIncrementProcessedQuantity></foia:TimeIncrement><foia:TimeIncrement><foia:TimeIncrementCode>301-400</foia:TimeIncrementCode><foia:TimeIncrementProcessedQuantity>0</foia:TimeIncrementProcessedQuantity></foia:TimeIncrement><foia:TimeIncrement><foia:TimeIncrementCode>401+</foia:TimeIncrementCode><foia:TimeIncrementProcessedQuantity>0</foia:TimeIncrementProcessedQuantity></foia:TimeIncrement><foia:TimeIncrementTotalQuantity>144</foia:TimeIncrementTotalQuantity></foia:ComponentResponseTimeIncrements><foia:ResponseTimeIncrementsOrganizationAssociation><foia:ComponentDataReference s:ref="SRT1"/><nc:OrganizationReference s:ref="ORG1"/></foia:ResponseTimeIncrementsOrganizationAssociation><foia:ResponseTimeIncrementsOrganizationAssociation><foia:ComponentDataReference s:ref="SRT2"/><nc:OrganizationReference s:ref="ORG2"/></foia:ResponseTimeIncrementsOrganizationAssociation><foia:ResponseTimeIncrementsOrganizationAssociation><foia:ComponentDataReference s:ref="SRT0"/><nc:OrganizationReference s:ref="ORG0"/></foia:ResponseTimeIncrementsOrganizationAssociation></foia:SimpleResponseTimeIncrementsSection><foia:ComplexResponseTimeIncrementsSection><foia:ComponentResponseTimeIncrements s:id="CRT1"><foia:TimeIncrement><foia:TimeIncrementCode>1-20</foia:TimeIncrementCode><foia:TimeIncrementProcessedQuantity>6</foia:TimeIncrementProcessedQuantity></foia:TimeIncrement><foia:TimeIncrement><foia:TimeIncrementCode>21-40</foia:TimeIncrementCode><foia:TimeIncrementProcessedQuantity>5</foia:TimeIncrementProcessedQuantity></foia:TimeIncrement><foia:TimeIncrement><foia:TimeIncrementCode>41-60</foia:TimeIncrementCode><foia:TimeIncrementProcessedQuantity>9</foia:TimeIncrementProcessedQuantity></foia:TimeIncrement><foia:TimeIncrement><foia:TimeIncrementCode>61-80</foia:TimeIncrementCode><foia:TimeIncrementProcessedQuantity>1</foia:TimeIncrementProcessedQuantity></foia:TimeIncrement><foia:TimeIncrement><foia:TimeIncrementCode>81-100</foia:TimeIncrementCode><foia:TimeIncrementProcessedQuantity>1</foia:TimeIncrementProcessedQuantity></foia:TimeIncrement><foia:TimeIncrement><foia:TimeIncrementCode>101-120</foia:TimeIncrementCode><foia:TimeIncrementProcessedQuantity>3</foia:TimeIncrementProcessedQuantity></foia:TimeIncrement><foia:TimeIncrement><foia:TimeIncrementCode>121-140</foia:TimeIncrementCode><foia:TimeIncrementProcessedQuantity>0</foia:TimeIncrementProcessedQuantity></foia:TimeIncrement><foia:TimeIncrement><foia:TimeIncrementCode>141-160</foia:TimeIncrementCode><foia:TimeIncrementProcessedQuantity>0</foia:TimeIncrementProcessedQuantity></foia:TimeIncrement><foia:TimeIncrement><foia:TimeIncrementCode>161-180</foia:TimeIncrementCode><foia:TimeIncrementProcessedQuantity>0</foia:TimeIncrementProcessedQuantity></foia:TimeIncrement><foia:TimeIncrement><foia:TimeIncrementCode>181-200</foia:TimeIncrementCode><foia:TimeIncrementProcessedQuantity>0</foia:TimeIncrementProcessedQuantity></foia:TimeIncrement><foia:TimeIncrement><foia:TimeIncrementCode>201-300</foia:TimeIncrementCode><foia:TimeIncrementProcessedQuantity>1</foia:TimeIncrementProcessedQuantity></foia:TimeIncrement><foia:TimeIncrement><foia:TimeIncrementCode>301-400</foia:TimeIncrementCode><foia:TimeIncrementProcessedQuantity>0</foia:TimeIncrementProcessedQuantity></foia:TimeIncrement><foia:TimeIncrement><foia:TimeIncrementCode>401+</foia:TimeIncrementCode><foia:TimeIncrementProcessedQuantity>0</foia:TimeIncrementProcessedQuantity></foia:TimeIncrement><foia:TimeIncrementTotalQuantity>26</foia:TimeIncrementTotalQuantity></foia:ComponentResponseTimeIncrements><foia:ComponentResponseTimeIncrements s:id="CRT2"><foia:TimeIncrement><foia:TimeIncrementCode>1-20</foia:TimeIncrementCode><foia:TimeIncrementProcessedQuantity>0</foia:TimeIncrementProcessedQuantity></foia:TimeIncrement><foia:TimeIncrement><foia:TimeIncrementCode>21-40</foia:TimeIncrementCode><foia:TimeIncrementProcessedQuantity>0</foia:TimeIncrementProcessedQuantity></foia:TimeIncrement><foia:TimeIncrement><foia:TimeIncrementCode>41-60</foia:TimeIncrementCode><foia:TimeIncrementProcessedQuantity>0</foia:TimeIncrementProcessedQuantity></foia:TimeIncrement><foia:TimeIncrement><foia:TimeIncrementCode>61-80</foia:TimeIncrementCode><foia:TimeIncrementProcessedQuantity>0</foia:TimeIncrementProcessedQuantity></foia:TimeIncrement><foia:TimeIncrement><foia:TimeIncrementCode>81-100</foia:TimeIncrementCode><foia:TimeIncrementProcessedQuantity>0</foia:TimeIncrementProcessedQuantity></foia:TimeIncrement><foia:TimeIncrement><foia:TimeIncrementCode>101-120</foia:TimeIncrementCode><foia:TimeIncrementProcessedQuantity>0</foia:TimeIncrementProcessedQuantity></foia:TimeIncrement><foia:TimeIncrement><foia:TimeIncrementCode>121-140</foia:TimeIncrementCode><foia:TimeIncrementProcessedQuantity>0</foia:TimeIncrementProcessedQuantity></foia:TimeIncrement><foia:TimeIncrement><foia:TimeIncrementCode>141-160</foia:TimeIncrementCode><foia:TimeIncrementProcessedQuantity>0</foia:TimeIncrementProcessedQuantity></foia:TimeIncrement><foia:TimeIncrement><foia:TimeIncrementCode>161-180</foia:TimeIncrementCode><foia:TimeIncrementProcessedQuantity>0</foia:TimeIncrementProcessedQuantity></foia:TimeIncrement><foia:TimeIncrement><foia:TimeIncrementCode>181-200</foia:TimeIncrementCode><foia:TimeIncrementProcessedQuantity>0</foia:TimeIncrementProcessedQuantity></foia:TimeIncrement><foia:TimeIncrement><foia:TimeIncrementCode>201-300</foia:TimeIncrementCode><foia:TimeIncrementProcessedQuantity>1</foia:TimeIncrementProcessedQuantity></foia:TimeIncrement><foia:TimeIncrement><foia:TimeIncrementCode>301-400</foia:TimeIncrementCode><foia:TimeIncrementProcessedQuantity>0</foia:TimeIncrementProcessedQuantity></foia:TimeIncrement><foia:TimeIncrement><foia:TimeIncrementCode>401+</foia:TimeIncrementCode><foia:TimeIncrementProcessedQuantity>0</foia:TimeIncrementProcessedQuantity></foia:TimeIncrement><foia:TimeIncrementTotalQuantity>1</foia:TimeIncrementTotalQuantity></foia:ComponentResponseTimeIncrements><foia:ComponentResponseTimeIncrements s:id="CRT0"><foia:TimeIncrement><foia:TimeIncrementCode>1-20</foia:TimeIncrementCode><foia:TimeIncrementProcessedQuantity>6</foia:TimeIncrementProcessedQuantity></foia:TimeIncrement><foia:TimeIncrement><foia:TimeIncrementCode>21-40</foia:TimeIncrementCode><foia:TimeIncrementProcessedQuantity>5</foia:TimeIncrementProcessedQuantity></foia:TimeIncrement><foia:TimeIncrement><foia:TimeIncrementCode>41-60</foia:TimeIncrementCode><foia:TimeIncrementProcessedQuantity>9</foia:TimeIncrementProcessedQuantity></foia:TimeIncrement><foia:TimeIncrement><foia:TimeIncrementCode>61-80</foia:TimeIncrementCode><foia:TimeIncrementProcessedQuantity>1</foia:TimeIncrementProcessedQuantity></foia:TimeIncrement><foia:TimeIncrement><foia:TimeIncrementCode>81-100</foia:TimeIncrementCode><foia:TimeIncrementProcessedQuantity>1</foia:TimeIncrementProcessedQuantity></foia:TimeIncrement><foia:TimeIncrement><foia:TimeIncrementCode>101-120</foia:TimeIncrementCode><foia:TimeIncrementProcessedQuantity>3</foia:TimeIncrementProcessedQuantity></foia:TimeIncrement><foia:TimeIncrement><foia:TimeIncrementCode>121-140</foia:TimeIncrementCode><foia:TimeIncrementProcessedQuantity>0</foia:TimeIncrementProcessedQuantity></foia:TimeIncrement><foia:TimeIncrement><foia:TimeIncrementCode>141-160</foia:TimeIncrementCode><foia:TimeIncrementProcessedQuantity>0</foia:TimeIncrementProcessedQuantity></foia:TimeIncrement><foia:TimeIncrement><foia:TimeIncrementCode>161-180</foia:TimeIncrementCode><foia:TimeIncrementProcessedQuantity>0</foia:TimeIncrementProcessedQuantity></foia:TimeIncrement><foia:TimeIncrement><foia:TimeIncrementCode>181-200</foia:TimeIncrementCode><foia:TimeIncrementProcessedQuantity>0</foia:TimeIncrementProcessedQuantity></foia:TimeIncrement><foia:TimeIncrement><foia:TimeIncrementCode>201-300</foia:TimeIncrementCode><foia:TimeIncrementProcessedQuantity>2</foia:TimeIncrementProcessedQuantity></foia:TimeIncrement><foia:TimeIncrement><foia:TimeIncrementCode>301-400</foia:TimeIncrementCode><foia:TimeIncrementProcessedQuantity>0</foia:TimeIncrementProcessedQuantity></foia:TimeIncrement><foia:TimeIncrement><foia:TimeIncrementCode>401+</foia:TimeIncrementCode><foia:TimeIncrementProcessedQuantity>0</foia:TimeIncrementProcessedQuantity></foia:TimeIncrement><foia:TimeIncrementTotalQuantity>27</foia:TimeIncrementTotalQuantity></foia:ComponentResponseTimeIncrements><foia:ResponseTimeIncrementsOrganizationAssociation><foia:ComponentDataReference s:ref="CRT1"/><nc:OrganizationReference s:ref="ORG1"/></foia:ResponseTimeIncrementsOrganizationAssociation><foia:ResponseTimeIncrementsOrganizationAssociation><foia:ComponentDataReference s:ref="CRT2"/><nc:OrganizationReference s:ref="ORG2"/></foia:ResponseTimeIncrementsOrganizationAssociation><foia:ResponseTimeIncrementsOrganizationAssociation><foia:ComponentDataReference s:ref="CRT0"/><nc:OrganizationReference s:ref="ORG0"/></foia:ResponseTimeIncrementsOrganizationAssociation></foia:ComplexResponseTimeIncrementsSection><foia:ExpeditedResponseTimeIncrementsSection><foia:ComponentResponseTimeIncrements s:id="ERT1"><foia:TimeIncrement><foia:TimeIncrementCode>1-20</foia:TimeIncrementCode><foia:TimeIncrementProcessedQuantity>0</foia:TimeIncrementProcessedQuantity></foia:TimeIncrement><foia:TimeIncrement><foia:TimeIncrementCode>21-40</foia:TimeIncrementCode><foia:TimeIncrementProcessedQuantity>0</foia:TimeIncrementProcessedQuantity></foia:TimeIncrement><foia:TimeIncrement><foia:TimeIncrementCode>41-60</foia:TimeIncrementCode><foia:TimeIncrementProcessedQuantity>0</foia:TimeIncrementProcessedQuantity></foia:TimeIncrement><foia:TimeIncrement><foia:TimeIncrementCode>61-80</foia:TimeIncrementCode><foia:TimeIncrementProcessedQuantity>0</foia:TimeIncrementProcessedQuantity></foia:TimeIncrement><foia:TimeIncrement><foia:TimeIncrementCode>81-100</foia:TimeIncrementCode><foia:TimeIncrementProcessedQuantity>0</foia:TimeIncrementProcessedQuantity></foia:TimeIncrement><foia:TimeIncrement><foia:TimeIncrementCode>101-120</foia:TimeIncrementCode><foia:TimeIncrementProcessedQuantity>0</foia:TimeIncrementProcessedQuantity></foia:TimeIncrement><foia:TimeIncrement><foia:TimeIncrementCode>121-140</foia:TimeIncrementCode><foia:TimeIncrementProcessedQuantity>0</foia:TimeIncrementProcessedQuantity></foia:TimeIncrement><foia:TimeIncrement><foia:TimeIncrementCode>141-160</foia:TimeIncrementCode><foia:TimeIncrementProcessedQuantity>0</foia:TimeIncrementProcessedQuantity></foia:TimeIncrement><foia:TimeIncrement><foia:TimeIncrementCode>161-180</foia:TimeIncrementCode><foia:TimeIncrementProcessedQuantity>0</foia:TimeIncrementProcessedQuantity></foia:TimeIncrement><foia:TimeIncrement><foia:TimeIncrementCode>181-200</foia:TimeIncrementCode><foia:TimeIncrementProcessedQuantity>0</foia:TimeIncrementProcessedQuantity></foia:TimeIncrement><foia:TimeIncrement><foia:TimeIncrementCode>201-300</foia:TimeIncrementCode><foia:TimeIncrementProcessedQuantity>0</foia:TimeIncrementProcessedQuantity></foia:TimeIncrement><foia:TimeIncrement><foia:TimeIncrementCode>301-400</foia:TimeIncrementCode><foia:TimeIncrementProcessedQuantity>0</foia:TimeIncrementProcessedQuantity></foia:TimeIncrement><foia:TimeIncrement><foia:TimeIncrementCode>401+</foia:TimeIncrementCode><foia:TimeIncrementProcessedQuantity>0</foia:TimeIncrementProcessedQuantity></foia:TimeIncrement><foia:TimeIncrementTotalQuantity>0</foia:TimeIncrementTotalQuantity></foia:ComponentResponseTimeIncrements><foia:ComponentResponseTimeIncrements s:id="ERT2"><foia:TimeIncrement><foia:TimeIncrementCode>1-20</foia:TimeIncrementCode><foia:TimeIncrementProcessedQuantity>0</foia:TimeIncrementProcessedQuantity></foia:TimeIncrement><foia:TimeIncrement><foia:TimeIncrementCode>21-40</foia:TimeIncrementCode><foia:TimeIncrementProcessedQuantity>0</foia:TimeIncrementProcessedQuantity></foia:TimeIncrement><foia:TimeIncrement><foia:TimeIncrementCode>41-60</foia:TimeIncrementCode><foia:TimeIncrementProcessedQuantity>0</foia:TimeIncrementProcessedQuantity></foia:TimeIncrement><foia:TimeIncrement><foia:TimeIncrementCode>61-80</foia:TimeIncrementCode><foia:TimeIncrementProcessedQuantity>0</foia:TimeIncrementProcessedQuantity></foia:TimeIncrement><foia:TimeIncrement><foia:TimeIncrementCode>81-100</foia:TimeIncrementCode><foia:TimeIncrementProcessedQuantity>0</foia:TimeIncrementProcessedQuantity></foia:TimeIncrement><foia:TimeIncrement><foia:TimeIncrementCode>101-120</foia:TimeIncrementCode><foia:TimeIncrementProcessedQuantity>0</foia:TimeIncrementProcessedQuantity></foia:TimeIncrement><foia:TimeIncrement><foia:TimeIncrementCode>121-140</foia:TimeIncrementCode><foia:TimeIncrementProcessedQuantity>0</foia:TimeIncrementProcessedQuantity></foia:TimeIncrement><foia:TimeIncrement><foia:TimeIncrementCode>141-160</foia:TimeIncrementCode><foia:TimeIncrementProcessedQuantity>0</foia:TimeIncrementProcessedQuantity></foia:TimeIncrement><foia:TimeIncrement><foia:TimeIncrementCode>161-180</foia:TimeIncrementCode><foia:TimeIncrementProcessedQuantity>0</foia:TimeIncrementProcessedQuantity></foia:TimeIncrement><foia:TimeIncrement><foia:TimeIncrementCode>181-200</foia:TimeIncrementCode><foia:TimeIncrementProcessedQuantity>0</foia:TimeIncrementProcessedQuantity></foia:TimeIncrement><foia:TimeIncrement><foia:TimeIncrementCode>201-300</foia:TimeIncrementCode><foia:TimeIncrementProcessedQuantity>0</foia:TimeIncrementProcessedQuantity></foia:TimeIncrement><foia:TimeIncrement><foia:TimeIncrementCode>301-400</foia:TimeIncrementCode><foia:TimeIncrementProcessedQuantity>0</foia:TimeIncrementProcessedQuantity></foia:TimeIncrement><foia:TimeIncrement><foia:TimeIncrementCode>401+</foia:TimeIncrementCode><foia:TimeIncrementProcessedQuantity>0</foia:TimeIncrementProcessedQuantity></foia:TimeIncrement><foia:TimeIncrementTotalQuantity>0</foia:TimeIncrementTotalQuantity></foia:ComponentResponseTimeIncrements><foia:ComponentResponseTimeIncrements s:id="ERT0"><foia:TimeIncrement><foia:TimeIncrementCode>1-20</foia:TimeIncrementCode><foia:TimeIncrementProcessedQuantity>0</foia:TimeIncrementProcessedQuantity></foia:TimeIncrement><foia:TimeIncrement><foia:TimeIncrementCode>21-40</foia:TimeIncrementCode><foia:TimeIncrementProcessedQuantity>0</foia:TimeIncrementProcessedQuantity></foia:TimeIncrement><foia:TimeIncrement><foia:TimeIncrementCode>41-60</foia:TimeIncrementCode><foia:TimeIncrementProcessedQuantity>0</foia:TimeIncrementProcessedQuantity></foia:TimeIncrement><foia:TimeIncrement><foia:TimeIncrementCode>61-80</foia:TimeIncrementCode><foia:TimeIncrementProcessedQuantity>0</foia:TimeIncrementProcessedQuantity></foia:TimeIncrement><foia:TimeIncrement><foia:TimeIncrementCode>81-100</foia:TimeIncrementCode><foia:TimeIncrementProcessedQuantity>0</foia:TimeIncrementProcessedQuantity></foia:TimeIncrement><foia:TimeIncrement><foia:TimeIncrementCode>101-120</foia:TimeIncrementCode><foia:TimeIncrementProcessedQuantity>0</foia:TimeIncrementProcessedQuantity></foia:TimeIncrement><foia:TimeIncrement><foia:TimeIncrementCode>121-140</foia:TimeIncrementCode><foia:TimeIncrementProcessedQuantity>0</foia:TimeIncrementProcessedQuantity></foia:TimeIncrement><foia:TimeIncrement><foia:TimeIncrementCode>141-160</foia:TimeIncrementCode><foia:TimeIncrementProcessedQuantity>0</foia:TimeIncrementProcessedQuantity></foia:TimeIncrement><foia:TimeIncrement><foia:TimeIncrementCode>161-180</foia:TimeIncrementCode><foia:TimeIncrementProcessedQuantity>0</foia:TimeIncrementProcessedQuantity></foia:TimeIncrement><foia:TimeIncrement><foia:TimeIncrementCode>181-200</foia:TimeIncrementCode><foia:TimeIncrementProcessedQuantity>0</foia:TimeIncrementProcessedQuantity></foia:TimeIncrement><foia:TimeIncrement><foia:TimeIncrementCode>201-300</foia:TimeIncrementCode><foia:TimeIncrementProcessedQuantity>0</foia:TimeIncrementProcessedQuantity></foia:TimeIncrement><foia:TimeIncrement><foia:TimeIncrementCode>301-400</foia:TimeIncrementCode><foia:TimeIncrementProcessedQuantity>0</foia:TimeIncrementProcessedQuantity></foia:TimeIncrement><foia:TimeIncrement><foia:TimeIncrementCode>401+</foia:TimeIncrementCode><foia:TimeIncrementProcessedQuantity>0</foia:TimeIncrementProcessedQuantity></foia:TimeIncrement><foia:TimeIncrementTotalQuantity>0</foia:TimeIncrementTotalQuantity></foia:ComponentResponseTimeIncrements><foia:ResponseTimeIncrementsOrganizationAssociation><foia:ComponentDataReference s:ref="ERT1"/><nc:OrganizationReference s:ref="ORG1"/></foia:ResponseTimeIncrementsOrganizationAssociation><foia:ResponseTimeIncrementsOrganizationAssociation><foia:ComponentDataReference s:ref="ERT2"/><nc:OrganizationReference s:ref="ORG2"/></foia:ResponseTimeIncrementsOrganizationAssociation><foia:ResponseTimeIncrementsOrganizationAssociation><foia:ComponentDataReference s:ref="ERT0"/><nc:OrganizationReference s:ref="ORG0"/></foia:ResponseTimeIncrementsOrganizationAssociation></foia:ExpeditedResponseTimeIncrementsSection><foia:PendingPerfectedRequestsSection><foia:PendingPerfectedRequests s:id="PPR1"><foia:SimplePendingRequestStatistics><foia:PendingRequestQuantity>4</foia:PendingRequestQuantity><foia:PendingRequestMedianDaysValue>12</foia:PendingRequestMedianDaysValue><foia:PendingRequestAverageDaysValue>13</foia:PendingRequestAverageDaysValue></foia:SimplePendingRequestStatistics><foia:ComplexPendingRequestStatistics><foia:PendingRequestQuantity>6</foia:PendingRequestQuantity><foia:PendingRequestMedianDaysValue>34.5</foia:PendingRequestMedianDaysValue><foia:PendingRequestAverageDaysValue>44</foia:PendingRequestAverageDaysValue></foia:ComplexPendingRequestStatistics><foia:ExpeditedPendingRequestStatistics><foia:PendingRequestQuantity>0</foia:PendingRequestQuantity></foia:ExpeditedPendingRequestStatistics></foia:PendingPerfectedRequests><foia:PendingPerfectedRequests s:id="PPR2"><foia:SimplePendingRequestStatistics><foia:PendingRequestQuantity>2</foia:PendingRequestQuantity><foia:PendingRequestMedianDaysValue>19</foia:PendingRequestMedianDaysValue><foia:PendingRequestAverageDaysValue>19</foia:PendingRequestAverageDaysValue></foia:SimplePendingRequestStatistics><foia:ComplexPendingRequestStatistics><foia:PendingRequestQuantity>2</foia:PendingRequestQuantity><foia:PendingRequestMedianDaysValue>398</foia:PendingRequestMedianDaysValue><foia:PendingRequestAverageDaysValue>398</foia:PendingRequestAverageDaysValue></foia:ComplexPendingRequestStatistics><foia:ExpeditedPendingRequestStatistics><foia:PendingRequestQuantity>0</foia:PendingRequestQuantity></foia:ExpeditedPendingRequestStatistics></foia:PendingPerfectedRequests><foia:PendingPerfectedRequests s:id="PPR0"><foia:SimplePendingRequestStatistics><foia:PendingRequestQuantity>6</foia:PendingRequestQuantity><foia:PendingRequestMedianDaysValue>16</foia:PendingRequestMedianDaysValue><foia:PendingRequestAverageDaysValue>15</foia:PendingRequestAverageDaysValue></foia:SimplePendingRequestStatistics><foia:ComplexPendingRequestStatistics><foia:PendingRequestQuantity>8</foia:PendingRequestQuantity><foia:PendingRequestMedianDaysValue>49</foia:PendingRequestMedianDaysValue><foia:PendingRequestAverageDaysValue>132</foia:PendingRequestAverageDaysValue></foia:ComplexPendingRequestStatistics><foia:ExpeditedPendingRequestStatistics><foia:PendingRequestQuantity>0</foia:PendingRequestQuantity></foia:ExpeditedPendingRequestStatistics></foia:PendingPerfectedRequests><foia:PendingPerfectedRequestsOrganizationAssociation><foia:ComponentDataReference s:ref="PPR1"/><nc:OrganizationReference s:ref="ORG1"/></foia:PendingPerfectedRequestsOrganizationAssociation><foia:PendingPerfectedRequestsOrganizationAssociation><foia:ComponentDataReference s:ref="PPR2"/><nc:OrganizationReference s:ref="ORG2"/></foia:PendingPerfectedRequestsOrganizationAssociation><foia:PendingPerfectedRequestsOrganizationAssociation><foia:ComponentDataReference s:ref="PPR0"/><nc:OrganizationReference s:ref="ORG0"/></foia:PendingPerfectedRequestsOrganizationAssociation></foia:PendingPerfectedRequestsSection><foia:OldestPendingRequestSection><foia:OldestPendingItems s:id="OPR8"><foia:OldItem><foia:OldItemReceiptDate>2014-04-10</foia:OldItemReceiptDate><foia:OldItemPendingDaysQuantity>120</foia:OldItemPendingDaysQuantity></foia:OldItem><foia:OldItem><foia:OldItemReceiptDate>2014-04-24</foia:OldItemReceiptDate><foia:OldItemPendingDaysQuantity>34</foia:OldItemPendingDaysQuantity></foia:OldItem><foia:OldItem><foia:OldItemReceiptDate>2014-07-01</foia:OldItemReceiptDate><foia:OldItemPendingDaysQuantity>63</foia:OldItemPendingDaysQuantity></foia:OldItem><foia:OldItem><foia:OldItemReceiptDate>2014-08-11</foia:OldItemReceiptDate><foia:OldItemPendingDaysQuantity>35</foia:OldItemPendingDaysQuantity></foia:OldItem><foia:OldItem><foia:OldItemReceiptDate>2014-08-21</foia:OldItemReceiptDate><foia:OldItemPendingDaysQuantity>27</foia:OldItemPendingDaysQuantity></foia:OldItem><foia:OldItem><foia:OldItemReceiptDate>2014-09-10</foia:OldItemReceiptDate><foia:OldItemPendingDaysQuantity>13</foia:OldItemPendingDaysQuantity></foia:OldItem><foia:OldItem><foia:OldItemReceiptDate>2014-09-12</foia:OldItemReceiptDate><foia:OldItemPendingDaysQuantity>12</foia:OldItemPendingDaysQuantity></foia:OldItem><foia:OldItem><foia:OldItemReceiptDate>2014-09-15</foia:OldItemReceiptDate><foia:OldItemPendingDaysQuantity>11</foia:OldItemPendingDaysQuantity></foia:OldItem><foia:OldItem><foia:OldItemReceiptDate>2014-09-24</foia:OldItemReceiptDate><foia:OldItemPendingDaysQuantity>4</foia:OldItemPendingDaysQuantity></foia:OldItem><foia:OldItem><foia:OldItemReceiptDate>2014-09-29</foia:OldItemReceiptDate><foia:OldItemPendingDaysQuantity>1</foia:OldItemPendingDaysQuantity></foia:OldItem></foia:OldestPendingItems><foia:OldestPendingItems s:id="OPR10"><foia:OldItem><foia:OldItemReceiptDate>2013-02-04</foia:OldItemReceiptDate><foia:OldItemPendingDaysQuantity>416</foia:OldItemPendingDaysQuantity></foia:OldItem><foia:OldItem><foia:OldItemReceiptDate>2013-03-28</foia:OldItemReceiptDate><foia:OldItemPendingDaysQuantity>380</foia:OldItemPendingDaysQuantity></foia:OldItem><foia:OldItem><foia:OldItemReceiptDate>2014-09-03</foia:OldItemReceiptDate><foia:OldItemPendingDaysQuantity>19</foia:OldItemPendingDaysQuantity></foia:OldItem><foia:OldItem><foia:OldItemReceiptDate>2014-09-03</foia:OldItemReceiptDate><foia:OldItemPendingDaysQuantity>19</foia:OldItemPendingDaysQuantity></foia:OldItem></foia:OldestPendingItems><foia:OldestPendingItems s:id="OPR12"><foia:OldItem><foia:OldItemReceiptDate>2013-02-04</foia:OldItemReceiptDate><foia:OldItemPendingDaysQuantity>416</foia:OldItemPendingDaysQuantity></foia:OldItem><foia:OldItem><foia:OldItemReceiptDate>2013-03-28</foia:OldItemReceiptDate><foia:OldItemPendingDaysQuantity>380</foia:OldItemPendingDaysQuantity></foia:OldItem><foia:OldItem><foia:OldItemReceiptDate>2014-04-10</foia:OldItemReceiptDate><foia:OldItemPendingDaysQuantity>120</foia:OldItemPendingDaysQuantity></foia:OldItem><foia:OldItem><foia:OldItemReceiptDate>2014-04-24</foia:OldItemReceiptDate><foia:OldItemPendingDaysQuantity>34</foia:OldItemPendingDaysQuantity></foia:OldItem><foia:OldItem><foia:OldItemReceiptDate>2014-07-01</foia:OldItemReceiptDate><foia:OldItemPendingDaysQuantity>63</foia:OldItemPendingDaysQuantity></foia:OldItem><foia:OldItem><foia:OldItemReceiptDate>2014-08-11</foia:OldItemReceiptDate><foia:OldItemPendingDaysQuantity>35</foia:OldItemPendingDaysQuantity></foia:OldItem><foia:OldItem><foia:OldItemReceiptDate>2014-08-21</foia:OldItemReceiptDate><foia:OldItemPendingDaysQuantity>27</foia:OldItemPendingDaysQuantity></foia:OldItem><foia:OldItem><foia:OldItemReceiptDate>2014-09-03</foia:OldItemReceiptDate><foia:OldItemPendingDaysQuantity>19</foia:OldItemPendingDaysQuantity></foia:OldItem><foia:OldItem><foia:OldItemReceiptDate>2014-09-03</foia:OldItemReceiptDate><foia:OldItemPendingDaysQuantity>19</foia:OldItemPendingDaysQuantity></foia:OldItem><foia:OldItem><foia:OldItemReceiptDate>2014-09-10</foia:OldItemReceiptDate><foia:OldItemPendingDaysQuantity>13</foia:OldItemPendingDaysQuantity></foia:OldItem></foia:OldestPendingItems><foia:OldestPendingItemsOrganizationAssociation><foia:ComponentDataReference s:ref="OPR8"/><nc:OrganizationReference s:ref="ORG1"/></foia:OldestPendingItemsOrganizationAssociation><foia:OldestPendingItemsOrganizationAssociation><foia:ComponentDataReference s:ref="OPR10"/><nc:OrganizationReference s:ref="ORG2"/></foia:OldestPendingItemsOrganizationAssociation><foia:OldestPendingItemsOrganizationAssociation><foia:ComponentDataReference s:ref="OPR12"/><nc:OrganizationReference s:ref="ORG0"/></foia:OldestPendingItemsOrganizationAssociation></foia:OldestPendingRequestSection><foia:ExpeditedProcessingSection><foia:ExpeditedProcessing s:id="EP1"><foia:RequestGrantedQuantity>0</foia:RequestGrantedQuantity><foia:RequestDeniedQuantity>20</foia:RequestDeniedQuantity><foia:AdjudicationMedianDaysValue>0</foia:AdjudicationMedianDaysValue><foia:AdjudicationAverageDaysValue>1.8</foia:AdjudicationAverageDaysValue><foia:AdjudicationWithinTenDaysQuantity>19</foia:AdjudicationWithinTenDaysQuantity></foia:ExpeditedProcessing><foia:ExpeditedProcessing s:id="EP2"><foia:RequestGrantedQuantity>0</foia:RequestGrantedQuantity><foia:RequestDeniedQuantity>0</foia:RequestDeniedQuantity><foia:AdjudicationMedianDaysValue>0</foia:AdjudicationMedianDaysValue></foia:ExpeditedProcessing><foia:ExpeditedProcessing s:id="EP0"><foia:RequestGrantedQuantity>0</foia:RequestGrantedQuantity><foia:RequestDeniedQuantity>20</foia:RequestDeniedQuantity><foia:AdjudicationMedianDaysValue>0</foia:AdjudicationMedianDaysValue><foia:AdjudicationAverageDaysValue>1.8</foia:AdjudicationAverageDaysValue><foia:AdjudicationWithinTenDaysQuantity>19</foia:AdjudicationWithinTenDaysQuantity></foia:ExpeditedProcessing><foia:ExpeditedProcessingOrganizationAssociation><foia:ComponentDataReference s:ref="EP1"/><nc:OrganizationReference s:ref="ORG1"/></foia:ExpeditedProcessingOrganizationAssociation><foia:ExpeditedProcessingOrganizationAssociation><foia:ComponentDataReference s:ref="EP2"/><nc:OrganizationReference s:ref="ORG2"/></foia:ExpeditedProcessingOrganizationAssociation><foia:ExpeditedProcessingOrganizationAssociation><foia:ComponentDataReference s:ref="EP0"/><nc:OrganizationReference s:ref="ORG0"/></foia:ExpeditedProcessingOrganizationAssociation></foia:ExpeditedProcessingSection><foia:FeeWaiverSection><foia:FeeWaiver s:id="FW1"><foia:RequestGrantedQuantity>3</foia:RequestGrantedQuantity><foia:RequestDeniedQuantity>30</foia:RequestDeniedQuantity><foia:AdjudicationMedianDaysValue>0</foia:AdjudicationMedianDaysValue><foia:AdjudicationAverageDaysValue>0.55</foia:AdjudicationAverageDaysValue></foia:FeeWaiver><foia:FeeWaiver s:id="FW2"><foia:RequestGrantedQuantity>4</foia:RequestGrantedQuantity><foia:RequestDeniedQuantity>0</foia:RequestDeniedQuantity><foia:AdjudicationMedianDaysValue>0</foia:AdjudicationMedianDaysValue><foia:AdjudicationAverageDaysValue>0.25</foia:AdjudicationAverageDaysValue></foia:FeeWaiver><foia:FeeWaiver s:id="FW0"><foia:RequestGrantedQuantity>7</foia:RequestGrantedQuantity><foia:RequestDeniedQuantity>30</foia:RequestDeniedQuantity><foia:AdjudicationMedianDaysValue>0</foia:AdjudicationMedianDaysValue><foia:AdjudicationAverageDaysValue>0.51</foia:AdjudicationAverageDaysValue></foia:FeeWaiver><foia:FeeWaiverOrganizationAssociation><foia:ComponentDataReference s:ref="FW1"/><nc:OrganizationReference s:ref="ORG1"/></foia:FeeWaiverOrganizationAssociation><foia:FeeWaiverOrganizationAssociation><foia:ComponentDataReference s:ref="FW2"/><nc:OrganizationReference s:ref="ORG2"/></foia:FeeWaiverOrganizationAssociation><foia:FeeWaiverOrganizationAssociation><foia:ComponentDataReference s:ref="FW0"/><nc:OrganizationReference s:ref="ORG0"/></foia:FeeWaiverOrganizationAssociation></foia:FeeWaiverSection><foia:PersonnelAndCostSection><foia:PersonnelAndCost s:id="PC1"><foia:FullTimeEmployeeQuantity>0</foia:FullTimeEmployeeQuantity><foia:EquivalentFullTimeEmployeeQuantity>1.09</foia:EquivalentFullTimeEmployeeQuantity><foia:TotalFullTimeStaffQuantity>1.09</foia:TotalFullTimeStaffQuantity><foia:ProcessingCostAmount>156879.98</foia:ProcessingCostAmount><foia:LitigationCostAmount>0</foia:LitigationCostAmount><foia:TotalCostAmount>156879.98</foia:TotalCostAmount></foia:PersonnelAndCost><foia:PersonnelAndCost s:id="PC2"><foia:FullTimeEmployeeQuantity>0</foia:FullTimeEmployeeQuantity><foia:EquivalentFullTimeEmployeeQuantity>1.98</foia:EquivalentFullTimeEmployeeQuantity><foia:TotalFullTimeStaffQuantity>1.98</foia:TotalFullTimeStaffQuantity><foia:ProcessingCostAmount>259428.11</foia:ProcessingCostAmount><foia:LitigationCostAmount>0</foia:LitigationCostAmount><foia:TotalCostAmount>259428.11</foia:TotalCostAmount></foia:PersonnelAndCost><foia:PersonnelAndCost s:id="PC0"><foia:FullTimeEmployeeQuantity>0</foia:FullTimeEmployeeQuantity><foia:EquivalentFullTimeEmployeeQuantity>3.07</foia:EquivalentFullTimeEmployeeQuantity><foia:TotalFullTimeStaffQuantity>3.07</foia:TotalFullTimeStaffQuantity><foia:ProcessingCostAmount>416308.09</foia:ProcessingCostAmount><foia:LitigationCostAmount>0</foia:LitigationCostAmount><foia:TotalCostAmount>416308.09</foia:TotalCostAmount></foia:PersonnelAndCost><foia:PersonnelAndCostOrganizationAssociation><foia:ComponentDataReference s:ref="PC1"/><nc:OrganizationReference s:ref="ORG1"/></foia:PersonnelAndCostOrganizationAssociation><foia:PersonnelAndCostOrganizationAssociation><foia:ComponentDataReference s:ref="PC2"/><nc:OrganizationReference s:ref="ORG2"/></foia:PersonnelAndCostOrganizationAssociation><foia:PersonnelAndCostOrganizationAssociation><foia:ComponentDataReference s:ref="PC0"/><nc:OrganizationReference s:ref="ORG0"/></foia:PersonnelAndCostOrganizationAssociation></foia:PersonnelAndCostSection><foia:FeesCollectedSection><foia:FeesCollected s:id="FC1"><foia:FeesCollectedAmount>0</foia:FeesCollectedAmount><foia:FeesCollectedCostPercent>0.0000</foia:FeesCollectedCostPercent></foia:FeesCollected><foia:FeesCollected s:id="FC2"><foia:FeesCollectedAmount>0</foia:FeesCollectedAmount><foia:FeesCollectedCostPercent>0.0000</foia:FeesCollectedCostPercent></foia:FeesCollected><foia:FeesCollected s:id="FC0"><foia:FeesCollectedAmount>0</foia:FeesCollectedAmount><foia:FeesCollectedCostPercent>0.0000</foia:FeesCollectedCostPercent></foia:FeesCollected><foia:FeesCollectedOrganizationAssociation><foia:ComponentDataReference s:ref="FC1"/><nc:OrganizationReference s:ref="ORG1"/></foia:FeesCollectedOrganizationAssociation><foia:FeesCollectedOrganizationAssociation><foia:ComponentDataReference s:ref="FC2"/><nc:OrganizationReference s:ref="ORG2"/></foia:FeesCollectedOrganizationAssociation><foia:FeesCollectedOrganizationAssociation><foia:ComponentDataReference s:ref="FC0"/><nc:OrganizationReference s:ref="ORG0"/></foia:FeesCollectedOrganizationAssociation></foia:FeesCollectedSection><foia:BacklogSection><foia:Backlog s:id="BK1"><foia:BackloggedRequestQuantity>5</foia:BackloggedRequestQuantity><foia:BackloggedAppealQuantity>0</foia:BackloggedAppealQuantity></foia:Backlog><foia:Backlog s:id="BK2"><foia:BackloggedRequestQuantity>2</foia:BackloggedRequestQuantity><foia:BackloggedAppealQuantity>0</foia:BackloggedAppealQuantity></foia:Backlog><foia:Backlog s:id="BK0"><foia:BackloggedRequestQuantity>7</foia:BackloggedRequestQuantity><foia:BackloggedAppealQuantity>0</foia:BackloggedAppealQuantity></foia:Backlog><foia:BacklogOrganizationAssociation><foia:ComponentDataReference s:ref="BK1"/><nc:OrganizationReference s:ref="ORG1"/></foia:BacklogOrganizationAssociation><foia:BacklogOrganizationAssociation><foia:ComponentDataReference s:ref="BK2"/><nc:OrganizationReference s:ref="ORG2"/></foia:BacklogOrganizationAssociation><foia:BacklogOrganizationAssociation><foia:ComponentDataReference s:ref="BK0"/><nc:OrganizationReference s:ref="ORG0"/></foia:BacklogOrganizationAssociation></foia:BacklogSection><foia:ProcessedConsultationSection><foia:ProcessingStatistics s:id="PCN1"><foia:ProcessingStatisticsPendingAtStartQuantity>0</foia:ProcessingStatisticsPendingAtStartQuantity><foia:ProcessingStatisticsReceivedQuantity>2</foia:ProcessingStatisticsReceivedQuantity><foia:ProcessingStatisticsProcessedQuantity>2</foia:ProcessingStatisticsProcessedQuantity><foia:ProcessingStatisticsPendingAtEndQuantity>0</foia:ProcessingStatisticsPendingAtEndQuantity></foia:ProcessingStatistics><foia:ProcessingStatistics s:id="PCN2"><foia:ProcessingStatisticsPendingAtStartQuantity>0</foia:ProcessingStatisticsPendingAtStartQuantity><foia:ProcessingStatisticsReceivedQuantity>0</foia:ProcessingStatisticsReceivedQuantity><foia:ProcessingStatisticsProcessedQuantity>0</foia:ProcessingStatisticsProcessedQuantity><foia:ProcessingStatisticsPendingAtEndQuantity>0</foia:ProcessingStatisticsPendingAtEndQuantity></foia:ProcessingStatistics><foia:ProcessingStatistics s:id="PCN0"><foia:ProcessingStatisticsPendingAtStartQuantity>0</foia:ProcessingStatisticsPendingAtStartQuantity><foia:ProcessingStatisticsReceivedQuantity>2</foia:ProcessingStatisticsReceivedQuantity><foia:ProcessingStatisticsProcessedQuantity>2</foia:ProcessingStatisticsProcessedQuantity><foia:ProcessingStatisticsPendingAtEndQuantity>0</foia:ProcessingStatisticsPendingAtEndQuantity></foia:ProcessingStatistics><foia:ProcessingStatisticsOrganizationAssociation><foia:ComponentDataReference s:ref="PCN1"/><nc:OrganizationReference s:ref="ORG1"/></foia:ProcessingStatisticsOrganizationAssociation><foia:ProcessingStatisticsOrganizationAssociation><foia:ComponentDataReference s:ref="PCN2"/><nc:OrganizationReference s:ref="ORG2"/></foia:ProcessingStatisticsOrganizationAssociation><foia:ProcessingStatisticsOrganizationAssociation><foia:ComponentDataReference s:ref="PCN0"/><nc:OrganizationReference s:ref="ORG0"/></foia:ProcessingStatisticsOrganizationAssociation></foia:ProcessedConsultationSection><foia:OldestPendingConsultationSection><foia:OldestPendingItems s:id="OPC8"/><foia:OldestPendingItems s:id="OPC10"/><foia:OldestPendingItems s:id="OPC12"/><foia:OldestPendingItemsOrganizationAssociation><foia:ComponentDataReference s:ref="OPC8"/><nc:OrganizationReference s:ref="ORG1"/></foia:OldestPendingItemsOrganizationAssociation><foia:OldestPendingItemsOrganizationAssociation><foia:ComponentDataReference s:ref="OPC10"/><nc:OrganizationReference s:ref="ORG2"/></foia:OldestPendingItemsOrganizationAssociation><foia:OldestPendingItemsOrganizationAssociation><foia:ComponentDataReference s:ref="OPC12"/><nc:OrganizationReference s:ref="ORG0"/></foia:OldestPendingItemsOrganizationAssociation></foia:OldestPendingConsultationSection><foia:ProcessedRequestComparisonSection><foia:ProcessingComparison s:id="RPC1"><foia:ItemsReceivedLastYearQuantity>125</foia:ItemsReceivedLastYearQuantity><foia:ItemsReceivedCurrentYearQuantity>123</foia:ItemsReceivedCurrentYearQuantity><foia:ItemsProcessedLastYearQuantity>119</foia:ItemsProcessedLastYearQuantity><foia:ItemsProcessedCurrentYearQuantity>130</foia:ItemsProcessedCurrentYearQuantity></foia:ProcessingComparison><foia:ProcessingComparison s:id="RPC2"><foia:ItemsReceivedLastYearQuantity>40</foia:ItemsReceivedLastYearQuantity><foia:ItemsReceivedCurrentYearQuantity>37</foia:ItemsReceivedCurrentYearQuantity><foia:ItemsProcessedLastYearQuantity>32</foia:ItemsProcessedLastYearQuantity><foia:ItemsProcessedCurrentYearQuantity>41</foia:ItemsProcessedCurrentYearQuantity></foia:ProcessingComparison><foia:ProcessingComparison s:id="RPC0"><foia:ItemsReceivedLastYearQuantity>165</foia:ItemsReceivedLastYearQuantity><foia:ItemsReceivedCurrentYearQuantity>160</foia:ItemsReceivedCurrentYearQuantity><foia:ItemsProcessedLastYearQuantity>151</foia:ItemsProcessedLastYearQuantity><foia:ItemsProcessedCurrentYearQuantity>171</foia:ItemsProcessedCurrentYearQuantity></foia:ProcessingComparison><foia:ProcessingComparisonOrganizationAssociation><foia:ComponentDataReference s:ref="RPC1"/><nc:OrganizationReference s:ref="ORG1"/></foia:ProcessingComparisonOrganizationAssociation><foia:ProcessingComparisonOrganizationAssociation><foia:ComponentDataReference s:ref="RPC2"/><nc:OrganizationReference s:ref="ORG2"/></foia:ProcessingComparisonOrganizationAssociation><foia:ProcessingComparisonOrganizationAssociation><foia:ComponentDataReference s:ref="RPC0"/><nc:OrganizationReference s:ref="ORG0"/></foia:ProcessingComparisonOrganizationAssociation></foia:ProcessedRequestComparisonSection><foia:BackloggedRequestComparisonSection><foia:BacklogComparison s:id="RBC1"><foia:BacklogLastYearQuantity>9</foia:BacklogLastYearQuantity><foia:BacklogCurrentYearQuantity>5</foia:BacklogCurrentYearQuantity></foia:BacklogComparison><foia:BacklogComparison s:id="RBC2"><foia:BacklogLastYearQuantity>4</foia:BacklogLastYearQuantity><foia:BacklogCurrentYearQuantity>2</foia:BacklogCurrentYearQuantity></foia:BacklogComparison><foia:BacklogComparison s:id="RBC0"><foia:BacklogLastYearQuantity>13</foia:BacklogLastYearQuantity><foia:BacklogCurrentYearQuantity>7</foia:BacklogCurrentYearQuantity></foia:BacklogComparison><foia:BacklogComparisonOrganizationAssociation><foia:ComponentDataReference s:ref="RBC1"/><nc:OrganizationReference s:ref="ORG1"/></foia:BacklogComparisonOrganizationAssociation><foia:BacklogComparisonOrganizationAssociation><foia:ComponentDataReference s:ref="RBC2"/><nc:OrganizationReference s:ref="ORG2"/></foia:BacklogComparisonOrganizationAssociation><foia:BacklogComparisonOrganizationAssociation><foia:ComponentDataReference s:ref="RBC0"/><nc:OrganizationReference s:ref="ORG0"/></foia:BacklogComparisonOrganizationAssociation></foia:BackloggedRequestComparisonSection><foia:ProcessedAppealComparisonSection><foia:ProcessingComparison s:id="APC1"><foia:ItemsReceivedLastYearQuantity>10</foia:ItemsReceivedLastYearQuantity><foia:ItemsReceivedCurrentYearQuantity>11</foia:ItemsReceivedCurrentYearQuantity><foia:ItemsProcessedLastYearQuantity>11</foia:ItemsProcessedLastYearQuantity><foia:ItemsProcessedCurrentYearQuantity>10</foia:ItemsProcessedCurrentYearQuantity></foia:ProcessingComparison><foia:ProcessingComparison s:id="APC2"><foia:ItemsReceivedLastYearQuantity>2</foia:ItemsReceivedLastYearQuantity><foia:ItemsReceivedCurrentYearQuantity>4</foia:ItemsReceivedCurrentYearQuantity><foia:ItemsProcessedLastYearQuantity>2</foia:ItemsProcessedLastYearQuantity><foia:ItemsProcessedCurrentYearQuantity>4</foia:ItemsProcessedCurrentYearQuantity></foia:ProcessingComparison><foia:ProcessingComparison s:id="APC0"><foia:ItemsReceivedLastYearQuantity>12</foia:ItemsReceivedLastYearQuantity><foia:ItemsReceivedCurrentYearQuantity>15</foia:ItemsReceivedCurrentYearQuantity><foia:ItemsProcessedLastYearQuantity>13</foia:ItemsProcessedLastYearQuantity><foia:ItemsProcessedCurrentYearQuantity>14</foia:ItemsProcessedCurrentYearQuantity></foia:ProcessingComparison><foia:ProcessingComparisonOrganizationAssociation><foia:ComponentDataReference s:ref="APC1"/><nc:OrganizationReference s:ref="ORG1"/></foia:ProcessingComparisonOrganizationAssociation><foia:ProcessingComparisonOrganizationAssociation><foia:ComponentDataReference s:ref="APC2"/><nc:OrganizationReference s:ref="ORG2"/></foia:ProcessingComparisonOrganizationAssociation><foia:ProcessingComparisonOrganizationAssociation><foia:ComponentDataReference s:ref="APC0"/><nc:OrganizationReference s:ref="ORG0"/></foia:ProcessingComparisonOrganizationAssociation></foia:ProcessedAppealComparisonSection><foia:BackloggedAppealComparisonSection><foia:BacklogComparison s:id="ABC1"><foia:BacklogLastYearQuantity>0</foia:BacklogLastYearQuantity><foia:BacklogCurrentYearQuantity>0</foia:BacklogCurrentYearQuantity></foia:BacklogComparison><foia:BacklogComparison s:id="ABC2"><foia:BacklogLastYearQuantity>0</foia:BacklogLastYearQuantity><foia:BacklogCurrentYearQuantity>0</foia:BacklogCurrentYearQuantity></foia:BacklogComparison><foia:BacklogComparison s:id="ABC0"><foia:BacklogLastYearQuantity>0</foia:BacklogLastYearQuantity><foia:BacklogCurrentYearQuantity>0</foia:BacklogCurrentYearQuantity></foia:BacklogComparison><foia:BacklogComparisonOrganizationAssociation><foia:ComponentDataReference s:ref="ABC1"/><nc:OrganizationReference s:ref="ORG1"/></foia:BacklogComparisonOrganizationAssociation><foia:BacklogComparisonOrganizationAssociation><foia:ComponentDataReference s:ref="ABC2"/><nc:OrganizationReference s:ref="ORG2"/></foia:BacklogComparisonOrganizationAssociation><foia:BacklogComparisonOrganizationAssociation><foia:ComponentDataReference s:ref="ABC0"/><nc:OrganizationReference s:ref="ORG0"/></foia:BacklogComparisonOrganizationAssociation></foia:BackloggedAppealComparisonSection></iepd:FoiaAnnualReport>
