"Agency","Component","Fiscal Year","Simple - Number Pending","Simple - Median Number of Days","Simple - Average Number of Days","Complex - Number Pending","Complex - Median Number of Days","Complex - Average Number of Days","Expedited Processing - Number Pending","Expedited Processing - Median Number of Days","Expedited Processing - Average Number of Days"
"Federal Labor Relations Authority","Agency Overall","2020","0","N/A","N/A","0","N/A","N/A","0","N/A","N/A"
"Federal Open Market Committee","Agency Overall","2020","0","N/A","N/A","0","N/A","N/A","0","N/A","N/A"
"General Services Administration","Agency Overall","2020","163","169.0","197.83","237","279.0","291.80","30","282.0","330.8"
"Department of Agriculture","Agency Overall","2020","2034","123","203.18","922","167","232.97","22","105","175"
"Pension Benefit Guaranty Corporation","Agency Overall","2020","118","8.0","8.43","52","13.0","12.15","0","0","0"
"Federal Energy Regulatory Commission","Agency Overall","2020","8","25","172","45","130","200","0","N/A","N/A"
"Commodity Futures Trading Commission","Agency Overall","2020","1","33","33","8","69.5","116","0","N/A","N/A"
"Armed Forces Retirement Home","Agency Overall","2020","0","N/A","N/A","0","N/A","N/A","0","N/A","N/A"
"Presidio Trust","Agency Overall","2020","1","20","20","0","N/A","N/A","0","N/A","N/A"
"Federal Reserve System","Agency Overall","2020","14","4","7","36","23","119","0","N/A","N/A"
"Consumer Financial Protection Bureau","Agency Overall","2020","4","11.5","11","131","318","307","0","N/A","N/A"
"Tennessee Valley Authority","Agency Overall","2020","13","6","6","21","75","74","1","54","54"
"Federal Financial Institutions Examination Council","Agency Overall","2020","0","N/A","N/A","0","N/A","N/A","0","N/A","N/A"
"Morris K. Udall and Stewart L. Udall Foundation","Agency Overall","2020","0","N/A","N/A","0","N/A","N/A","0","N/A","N/A"
"Consumer Product Safety Commission","Agency Overall","2020","98","343","326","407","277","300","1","370","370"
"Nuclear Regulatory Commission","Agency Overall","2020","6","7.5","84","82","336","413.5","1","5","5"
"Inter-American Foundation","Agency Overall","2020","0","N/A","N/A","0","N/A","N/A","0","N/A","N/A"
"United States International Boundary and Water Commission","Agency Overall","2020","28","217.5","221.46","0","N/A","N/A","0","N/A","N/A"
"Legal Services Corporation","Agency Overall","2020","1","1","1","0","N/A","N/A","0","N/A","N/A"
"National Security Commission on Artificial Intelligence","Agency Overall","2020","0","N/A","N/A","1","41","41","1","265","265"
"Department of Justice","Agency Overall","2020","17937","93","152.18","16994","311","386.41","588","246","367.48"
"Office of Special Counsel","Agency Overall","2020","12","39.5","41","21","36","43","7","5","10"
"Federal Maritime Commission","Agency Overall","2020","0","N/A","N/A","2","5.5","5.5","0","N/A","N/A"
"U.S. Commission for the Preservation of America’s Heritage Abroad","Agency Overall","2020","2","66","66","0","N/A","N/A","0","N/A","N/A"
"Securities and Exchange Commission","Agency Overall","2020","633","9","40","4","1096","1067","4","46","51"
"Department of Transportation","Agency Overall","2020","3047","80","248.52","2505","281","399.6","15","106","166.2"
"Department of the Interior","Agency Overall","2020","2041","267.0","278.58","2460","397.5","421.04","53","392.0","411.72"
"United States International Trade Commission","Agency Overall","2020","0","N/A","N/A","0","N/A","N/A","0","N/A","N/A"
"Department of Homeland Security","Agency Overall","2020","17474","11","37.1","41526","53","129.7","324","93","164.9"
"Federal Retirement Thrift Investment Board","Agency Overall","2020","3","10","20","0","N/A","N/A ","0","N/A","N/A"
"Denali Commission","Agency Overall","2020","0","N/A","N/A","0","N/A","N/A","0","N/A","N/A"
"National Indian Gaming Commission","Agency Overall","2020","1","4","4","2","720","720","0","N/A","N/A"
"National Railroad Passenger Corporation","Agency Overall","2020","7","3","184","125","157","225","0","N/A","N/A"
"National Archives and Records Administration","Agency Overall","2020","1102","397","588.24","2374","860","1350.7","35","448","565.25"
"Department of Education","Agency Overall","2020","13","18","117","939","252","319","4","467","465"
"Office of Navajo and Hopi Indian Relocation","Agency Overall","2020","0","N/A","N/A","0","N/A","N/A","0","N/A","N/A"
"Neighborhood Reinvestment Corporation","Agency Overall","2020","0","N/A","N/A","0","N/A","N/A","0","N/A","N/A"
"National Capital Planning Commission","Agency Overall","2020","0","N/A","N/A","0","N/A","N/A","0","N/A","N/A"
"National Labor Relations Board","Agency Overall","2020","42","4.5","15.43","0","N/A","N/A","4","3.5","3.75"
"Department of the Treasury","Agency Overall","2020","164","54","141","2482","128","280","49","432","442"
"U.S. Railroad Retirement Board","Agency Overall","2020","1","50","50","0","N/A","N/A","0","N/A","N/A"
"Commission of Fine Arts","Agency Overall","2020","0","N/A","N/A","0","N/A","N/A","0","N/A","N/A"
"U.S. Commission on Civil Rights","Agency Overall","2020","0","N/A","N/A","0","N/A","N/A","0","N/A","N/A"
"United States Access Board","Agency Overall","2020","1","134","134","0","N/A","N/A","0","N/A","N/A"
"Office of the United States Trade Representative","Agency Overall","2020","7","12","7","5","14","57","0","N/A","N/A"
"Occupational Safety and Health Review Commission","Agency Overall","2020","4","2","3.25","2","185","185","0","N/A","N/A"
"Chemical Safety and Hazard Investigation Board","Agency Overall","2020","0","N/A","N/A","25","371","383.6","0","N/A","N/A"
"Office of the Director of National Intelligence","Agency Overall","2020","115","478","566.30","594","578","625.63","0","N/A","N/A"
"Federal Communications Commission","Agency Overall","2020","27","7","10.26","20","183","256.95","4","33","147.75"
"Corporation for National and Community Service (operating as AmeriCorps)","Agency Overall","2020","2","11.5","11.5","3","1","31.7","0","N/A","N/A"
"Department of Commerce","Agency Overall","2020","295","17","47.85","432","58","149.77","38","249.5","132.16"
"Office of National Drug Control Policy","Agency Overall","2020","1","7","7","25","288","331","0","0","0"
"National Credit Union Administration","Agency Overall","2020","0","N/A","N/A","17","21","24.06","0","N/A","N/A"
"United States Copyright Office","Agency Overall","2020","0","N/A","N/A","5","474","341.6","0","N/A","N/A"
"Council of the Inspectors General on Integrity and Efficiency","Agency Overall","2020","0","N/A","N/A","77","329","346.5","0","N/A","N/A"
"Federal Mine Safety and Health Review Commission","Agency Overall","2020","0","N/A","N/A","0","N/A","N/A","0","N/A","N/A"
"Committee for Purchase from People Who Are Blind or Severely Disabled","Agency Overall","2020","0","N/A","N/A","25","328","425","0","N/A","N/A"
"United States Trade and Development Agency","Agency Overall","2020","32","778","739","9","81","66","4","160","157"
"U.S. International Development Finance Corporation","Agency Overall","2020","18","42","40.6","25","98","127.32","9","79","82.4"
"United States Postal Service","Agency Overall","2020","264","11","31","39","40","129","14","15","15"
"Small Business Administration","Agency Overall","2020","693","16","33.96","0","N/A","N/A","7","18","18.57"
"Appraisal Subcommittee","Agency Overall","2020","0","N/A","N/A","0","N/A","N/A","0","N/A","N/A"
"Surface Transportation Board","Agency Overall","2020","0","N/A","N/A","0","N/A","N/A","0","N/A","N/A"
"Social Security Administration","Agency Overall","2020","1812","51","51","96","34","67","0","N/A","N/A"
"Marine Mammal Commission","Agency Overall","2020","1","40","40","2","81","81","0","N/A","N/A"
"Gulf Coast Ecosystem Restoration Council","Agency Overall","2020","0","N/A","N/A","0","N/A","N/A","0","N/A","N/A"
"National Mediation Board","Agency Overall","2020","0","N/A","N/A","0","N/A","N/A","0","N/A","N/A"
"National Transportation Safety Board","Agency Overall","2020","17","50","44","278","135.5","151","0","N/A","N/A"
"Office of Government Ethics","Agency Overall","2020","28","58","119.5","0","N/A","N/A","5","58","84"
"Office of Management and Budget","Agency Overall","2020","332","136","132","336","523","517","0","N/A","N/A"
"Farm Credit Administration","Agency Overall","2020","0","N/A","N/A","0","N/A","N/A","0","N/A","N/A"
"National Science Foundation","Agency Overall","2020","72","329","410","294","320","358","1","14","14"
"Merit Systems Protection Board","Agency Overall","2020","17","587","550.18","37","343","473.76","0","N/A","N/A"
"United States Institute of Peace","Agency Overall","2020","0","N/A","N/A","4","233","224","0","N/A","N/A"
"Social Security Advisory Board","Agency Overall","2020","1","137","137","0","N/A","N/A","0","N/A","N/A"
"Council on Environmental Quality","Agency Overall","2020","17","163","256.47","39","427","438.10","0","N/A","N/A"
"Administrative Conference of the United States","Agency Overall","2020","0","N/A","N/A","0","N/A","N/A","0","N/A","N/A"
"Office of Science and Technology Policy","Agency Overall","2020","62","380","398.86","37","176","235.45","3","454","576.33"
"U.S. Election Assistance Commission","Agency Overall","2020","16","113","150","17","183","203","6","36","37"
"Millennium Challenge Corporation","Agency Overall","2020","1","63","63","0","N/A","N/A","0","N/A","N/A"
"American Battle Monuments Commission","Agency Overall","2020","0","N/A","N/A","0","N/A","N/A","0","N/A","N/A"
"Federal Election Commission","Agency Overall","2020","2","1","1","16","306.5","366.4","0","N/A","N/A"
"Department of Health and Human Services","Agency Overall","2020","1337","367.10","342.69","8588","232.13","308.86","437","151.11","198.99"
"Central Intelligence Agency","Agency Overall","2020","701","144","241.98","2128","479","580.61","9","130","237.67"
"Selective Service System","Agency Overall","2020","0","N/A","N/A","0","N/A","N/A","0","N/A","N/A"
"Defense Nuclear Facilities Safety Board","Agency Overall","2020","0","N/A","N/A","0","N/A","N/A","0","N/A","N/A"
"U.S. Interagency Council on Homelessness","Agency Overall","2020","0","N/A","N/A","0","N/A","N/A","0","N/A","N/A"
"Federal Trade Commission","Agency Overall","2020","12","4","7.3","17","13","12","0","N/A","N/A"
"United States African Development Foundation","Agency Overall","2020","1","42","42","0","N/A","N/A","0","N/A","N/A"
"U.S. Nuclear Waste Technical Review Board","Agency Overall","2020","0","N/A","N/A","0","N/A","N/A","0","N/A","N/A"
"Department of Energy","Agency Overall","2020","329","154","224.75","334","284","366.95","4","245","219"
"Department of Housing and Urban Development","Agency Overall","2020","674","201.00","253.64","626","374.00","389.50","1","484.00","484.00"
"U.S. Agency for International Development","Agency Overall","2020","24","311.5","348","351","149","249","18","95.5","124"
"Department of Veterans Affairs","Agency Overall","2020","2753","144","237","1062","227","349","23","132","323"
"U.S. Department of State","Agency Overall","2020","562","323.5","427","13889","606.5","805","227","470","622"
"Court Services and Offender Supervision Agency","Agency Overall","2020","0","N/A","N/A","0","N/A","N/A","0","N/A","N/A"
"Institute of Museum and Library Services","Agency Overall","2020","2","7.5","7.5","0","N/A","N/A","0","N/A","N/A"
"National Endowment for the Arts","Agency Overall","2020","1","8","8","0","N\A","N\A","0","N\A","N\A"
"Equal Employment Opportunity Commission","Agency Overall","2020","1465","19","42.22","129","66.5","78","0","N/A","N/A"
"Export-Import Bank of the U.S.","Agency Overall","2020","6","221","209","15","386","418","0","N/A","N/A"
"Office of Personnel Management","Agency Overall","2020","42","183","329.8","200","245","290.2","0","N/A","N/A"
"Department of Labor","Agency Overall","2020","487","71","219","1940","49","114","2","2","26"
"Federal Mediation and Conciliation Service","Agency Overall","2020","0","N/A","N/A","2","14","14","0","N/A","N/A"
"Federal Deposit Insurance Corporation","Agency Overall","2020","10","20","21","11","30","27","1","30","30"
"National Aeronautics and Space Administration","Agency Overall","2020","30","20","37.3","42","32.5","58.45","0","N/A","N/A"
"Advisory Council on Historic Preservation","Agency Overall","2020","0","N/A","N/A","1","148","148","0","N/A","N/A"
"Postal Regulatory Commission","Agency Overall","2020","1","29","29","0","N/A","N/A","0","N/A","N/A"
"James Madison Memorial Fellowship Foundation","Agency Overall","2020","0","N/A","N/A","0","N/A","N/A","0","N/A","N/A"
"Peace Corps","Agency Overall","2020","71","149","172.35","13","148","228","0","N/A","N/A"
"Office of the Special Inspector General for Afghanistan Reconstruction","Agency Overall","2020","0","N/A","N/A","0","N/A","N/A","0","N/A","N/A"
"Harry S. Truman Scholarship Foundation","Agency Overall","2020","0","N/A","N/A","0","N/A","N/A","0","N/A","N/A"
"Department of Defense","Agency Overall","2020","2565","18","83.5","15054","193","336.642857142857","116","112.5","184.75"
"Environmental Protection Agency","Agency Overall","2020","1203","137","265.45","986","272","357.63","18","823","754.06"
"Federal Housing Finance Agency","Agency Overall","2020","4","7.5","14.75","32","275.00","428.22","0","N/A","N/A"
"National Council on Disability","Agency Overall","2020","0","N/A","N/A","0","N/A","N/A","0","N/A","N/A"
"Privacy and Civil Liberties Oversight Board","Agency Overall","2020","5","112","167","10","354","87","0","N/A","N/A"
"U.S. Agency for Global Media","Agency Overall","2020","42","106","137","0","N/A","N/A","0","N/A","N/A"
"Farm Credit System Insurance Corporation","Agency Overall","2020","0","N/A","N/A","0","N/A","N/A","0","N/A","N/A"
"National Endowment for the Humanities","Agency Overall","2020","3","20","20","4","73.5","75.5","0","N/A","N/A"
"All agencies","Agency Overall","2020","61135","N/A","N/A","119269","N/A","N/A","2086","N/A","N/A"