"Agency","Component","Fiscal Year","Processing Costs","Litigation-Related Costs","Total Costs","Total Amount of Fees Collected","Percentage of Total Costs"
"National Railroad Passenger Corporation","Agency Overall","2015","124400.00","0.00","124400.00","585.25","0.4700"
"Consumer Financial Protection Bureau","Agency Overall","2015","622290.00","5000.00","627290.00","27742.47","4.4600"
"United States African Development Foundation","Agency Overall","2015","5961.00","0.00","5961.00","0.00","0.0000"
"Inter-American Foundation","Agency Overall","2015","10000.00","0.00","10000.00","0.00","0.0000"
"Office of Navajo and Hopi Indian Relocation","Agency Overall","2015","77036.00","0.00","77036.00","0.00","0.0000"
"Federal Deposit Insurance Corporation","Agency Overall","2015","2041324.00","30200.00","2071524.00","16220.41","0.7900"
"National Science Foundation","Agency Overall","2015","243329.17","0.00","243329.17","0.00","0.0000"
"Office of National Drug Control Policy","Agency Overall","2015","50000.00","0.00","50000.00","0.00","0.0000"
"U.S. Agency for Global Media","Agency Overall","2015","131570.00","0.00","131570.00","6348.20","4.8200"
"U.S. Department of State","Agency Overall","2015","29416609.00","3991167.10","33407776.10","8245.26","0.0300"
"Department of Veterans Affairs","Agency Overall","2015","13178519.66","114459.89","13292979.55","61940.06","0.4700"
"Office of the Special Inspector General for Afghanistan Reconstruction","Agency Overall","2015","43057.00","0.00","43057.00","0.00","0.0000"
"Tennessee Valley Authority","Agency Overall","2015","235534.00","0.00","235534.00","2350.10","1.0000"
"Social Security Administration","Agency Overall","2015","3595953.11","30945.06","3626898.17","672765.90","18.7100"
"Office of the Director of National Intelligence","Agency Overall","2015","1200000.00","169636.33","1369636.33","0.00","0.0000"
"Department of Energy","Agency Overall","2015","9856694.42","293090.04","10149784.46","14283.22","0.1400"
"Federal Maritime Commission","Agency Overall","2015","331838.00","0.00","331838.00","250.25","0.0800"
"Department of Homeland Security","Agency Overall","2015","51918432.79","1414674.17","53333106.96","332852.73","0.6400"
"United States Copyright Office","Agency Overall","2015","24230.61","0.00","24230.61","0.00","0.0000"
"United States Postal Service","Agency Overall","2015","2372332.00","26124.00","2398456.00","20899.00","0.8800"
"Federal Energy Regulatory Commission","Agency Overall","2015","555087.00","0.00","555087.00","0.00","0.0000"
"Small Business Administration","Agency Overall","2015","1934263.00","0.00","1934263.00","37346.10","1.9300"
"Farm Credit System Insurance Corporation","Agency Overall","2015","1000.00","0.00","1000.00","100.00","10.0000"
"Institute of Museum and Library Services","Agency Overall","2015","18245.25","0.00","18245.25","0.00","0.0000"
"National Indian Gaming Commission","Agency Overall","2015","221922.84","0.00","221922.84","0.00","0.0000"
"U.S. Railroad Retirement Board","Agency Overall","2015","57461.00","1500.00","58961.00","232.00","0.4000"
"Federal Trade Commission","Agency Overall","2015","728816.00","37486.00","766302.00","46559.00","6.3900"
"Nuclear Regulatory Commission","Agency Overall","2015","2829193.00","0.00","2829193.00","25874.00","0.9100"
"Federal Financial Institutions Examination Council","Agency Overall","2015","8080.00","0.00","8080.00","0.00","0.0000"
"Export-Import Bank of the U.S.","Agency Overall","2015","373341.57","0.00","373341.57","91242.56","24.4400"
"Federal Retirement Thrift Investment Board","Agency Overall","2015","86351.40","0.00","86351.40","0.00","0.0000"
"Department of Justice","Agency Overall","2015","62481252.40","11035308.88","73516561.28","77471.87","0.1200"
"Department of Commerce","Agency Overall","2015","15219439.24","157326.04","15376765.28","44194.64","0.2900"
"Selective Service System","Agency Overall","2015","2348.25","0.00","2348.25","0.00","0.0000"
"Equal Employment Opportunity Commission","Agency Overall","2015","2992975.68","5320.00","2998295.68","49117.06","1.6400"
"Consumer Product Safety Commission","Agency Overall","2015","893614.00","40000.00","933614.00","4131.80","0.4600"
"Legal Services Corporation","Agency Overall","2015","46048.00","0.00","46048.00","0.00","0.0000"
"Council of the Inspectors General on Integrity and Efficiency","Agency Overall","2015","1500.00","0.00","1500.00","0.00","0.0000"
"Central Intelligence Agency","Agency Overall","2015","10968600.00","2200000.00","13168600.00","1173.80","0.0100"
"Occupational Safety and Health Review Commission","Agency Overall","2015","185672.38","0.00","185672.38","80.00","0.0400"
"Federal Housing Finance Agency","Agency Overall","2015","376413.95","0.00","376413.95","2050.80","0.5400"
"United States Access Board","Agency Overall","2015","15000.00","0.00","15000.00","0.00","0.0000"
"National Labor Relations Board","Agency Overall","2015","1545333.00","8304.00","1553637.00","74485.00","4.8200"
"Office of Management and Budget","Agency Overall","2015","283465.00","0.00","283465.00","0.00","0.0000"
"Administrative Conference of the United States","Agency Overall","2015","41110.00","0.00","41110.00","0.00","0.0000"
"U.S. Commission on Civil Rights","Agency Overall","2015","35000.00","0.00","35000.00","0.00","0.0000"
"National Mediation Board","Agency Overall","2015","52500.00","0.00","52500.00","796.18","1.5200"
"Federal Election Commission","Agency Overall","2015","225745.80","8635.17","234380.97","0.00","0.0000"
"National Endowment for the Humanities","Agency Overall","2015","100200.00","0.00","100200.00","0.00","0.0000"
"Federal Mediation and Conciliation Service","Agency Overall","2015","80000.00","0.00","80000.00","0.00","0.0000"
"Federal Reserve System","Agency Overall","2015","2044486.00","19265.00","2063751.00","7740.00","0.3800"
"Corporation for National and Community Service (operating as AmeriCorps)","Agency Overall","2015","55686.00","0.00","55686.00","2709.25","4.8700"
"Department of Agriculture","Agency Overall","2015","10578231.76","1139825.98","11718057.74","38160.35","0.3600"
"Office of Special Counsel","Agency Overall","2015","561125.00","44225.00","605350.00","0.00","0.0000"
"U.S. Agency for International Development","Agency Overall","2015","2633813.31","19750.00","2653563.31","0.00","0.0000"
"Pension Benefit Guaranty Corporation","Agency Overall","2015","372932.90","0.00","372932.90","2161.35","0.5800"
"Department of Labor","Agency Overall","2015","15668723.00","429237.00","16097960.00","193424.34","1.2300"
"United States International Boundary and Water Commission","Agency Overall","2015","71781.80","0.00","71781.80","1207.82","1.6800"
"Department of the Treasury","Agency Overall","2015","18209435.41","563929.09","18773364.50","301427.87","1.6600"
"Overseas Private Investment Corporation","Agency Overall","2015","112792.70","0.00","112792.70","2411.98","2.1400"
"National Endowment for the Arts","Agency Overall","2015","60000.00","0.00","60000.00","0.00","0.0000"
"Council on Environmental Quality","Agency Overall","2015","48000.00","0.00","48000.00","0.00","0.0000"
"Millennium Challenge Corporation","Agency Overall","2015","15000.00","0.00","15000.00","0.00","0.0000"
"Department of Health and Human Services","Agency Overall","2015","48575916.37","2359110.65","50935027.02","771910.02","1.5900"
"Securities and Exchange Commission","Agency Overall","2015","4149144.62","288184.40","4437329.02","19890.07","0.4800"
"Department of Transportation","Agency Overall","2015","9579701.79","580377.26","10160079.05","316279.98","3.3000"
"Armed Forces Retirement Home","Agency Overall","2015","31030.00","0.00","31030.00","88.00","0.2800"
"Federal Mine Safety and Health Review Commission","Agency Overall","2015","112000.00","0.00","112000.00","1051.66","0.9400"
"Court Services and Offender Supervision Agency","Agency Overall","2015","217603.00","0.00","217603.00","7349.25","3.3800"
"American Battle Monuments Commission","Agency Overall","2015","1750.00","0.00","1750.00","0.00","0.0000"
"National Transportation Safety Board","Agency Overall","2015","597680.90","7161.14","604842.04","168.00","0.0300"
"United States International Trade Commission","Agency Overall","2015","22986.29","6052.00","29038.29","4197.70","18.2600"
"Office of the United States Trade Representative","Agency Overall","2015","220000.00","25000.00","245000.00","16.35","0.0100"
"Surface Transportation Board","Agency Overall","2015","98682.00","0.00","98682.00","2062.32","2.0900"
"National Credit Union Administration","Agency Overall","2015","217391.00","0.00","217391.00","553.00","0.2500"
"National Archives and Records Administration","Agency Overall","2015","6718874.00","0.00","6718874.00","502.20","0.0100"
"Environmental Protection Agency","Agency Overall","2015","9848226.44","678150.00","10526376.44","339680.14","3.4500"
"Postal Regulatory Commission","Agency Overall","2015","10000.00","8689.86","18689.86","43.00","0.4300"
"United States Trade and Development Agency","Agency Overall","2015","12000.00","0.00","12000.00","0.00","0.0000"
"Peace Corps","Agency Overall","2015","134019.00","0.00","134019.00","0.00","0.0000"
"General Services Administration","Agency Overall","2015","1124927.60","0.00","1124927.60","43793.55","3.8900"
"Department of Education","Agency Overall","2015","4522358.67","107861.00","4630219.67","16546.82","0.3700"
"Federal Labor Relations Authority","Agency Overall","2015","23617.00","0.00","23617.00","0.00","0.0000"
"Privacy and Civil Liberties Oversight Board","Agency Overall","2015","9800.00","0.00","9800.00","0.00","0.0000"
"Farm Credit Administration","Agency Overall","2015","34255.00","0.00","34255.00","100.00","0.2900"
"Office of Science and Technology Policy","Agency Overall","2015","112000.00","1600.00","113600.00","0.00","0.0000"
"Department of Housing and Urban Development","Agency Overall","2015","3571693.88","51744.25","3623438.13","38053.91","1.0700"
"National Aeronautics and Space Administration","Agency Overall","2015","1284127.38","0.00","1284127.38","16575.28","1.2900"
"Federal Open Market Committee","Agency Overall","2015","145613.00","0.00","145613.00","0.00","0.0000"
"Office of Personnel Management","Agency Overall","2015","1562973.68","40236.00","1603209.68","5933.69","0.3800"
"Department of the Interior","Agency Overall","2015","11722357.15","515616.01","12237973.16","92866.05","0.7900"
"Commodity Futures Trading Commission","Agency Overall","2015","199200.00","0.00","199200.00","1823.95","0.9200"
"Department of Defense","Agency Overall","2015","71903054.45","4262588.03","76165642.48","557630.45","0.7800"
"Defense Nuclear Facilities Safety Board","Agency Overall","2015","64376.13","0.00","64376.13","0.00","0.0000"
"Federal Communications Commission","Agency Overall","2015","2842240.36","27304.56","2869544.92","22459.90","0.7900"
"Merit Systems Protection Board","Agency Overall","2015","238958.00","0.00","238958.00","0.00","0.0000"
"Chemical Safety and Hazard Investigation Board","Agency Overall","2015","39043.47","0.00","39043.47","0.00","0.0000"
"Committee for Purchase from People Who Are Blind or Severely Disabled","Agency Overall","2015","21004.25","0.00","21004.25","3270.95","15.5700"
"Office of Government Ethics","Agency Overall","2015","223464.88","0.00","223464.88","0.00","0.0000"
"National Capital Planning Commission","Agency Overall","2015","156.00","0.00","156.00","0.00","0.0000"
"All agencies","Agency Overall","2015","448463323.71","30745083.91","479208407.62","4431426.86","N/A"