"Agency","Component","Fiscal Year","Simple - Median Number of Days","Simple - Average Number of Days","Simple - Lowest Number of Days","Simple - Highest Number of Days","Complex - Median Number of Days","Complex - Average Number of Days","Complex - Lowest Number of Days","Complex - Highest Number of Days","Expedited Processing - Median Number of Days","Expedited Processing - Average Number of Days","Expedited Processing - Lowest Number of Days","Expedited Processing - Highest Number of Days"
"National Railroad Passenger Corporation","Agency Overall","2015","16.5","33.93","1","130","39.5","67.02","1","489","52","52","42","62"
"Consumer Financial Protection Bureau","Agency Overall","2015","11","12.87","1","45","30.5","33.38","23","57","N/A","N/A","N/A","N/A"
"United States African Development Foundation","Agency Overall","2015","1","1","1","1","N/A","N/A","N/A","N/A","N/A","N/A","N/A","N/A"
"Inter-American Foundation","Agency Overall","2015","3","2.3","1","3","N/A","N/A","N/A","N/A","N/A","N/A","N/A","N/A"
"Office of Navajo and Hopi Indian Relocation","Agency Overall","2015","1","2.13","1","14","N/A","N/A","N/A","N/A","N/A","N/A","N/A","N/A"
"Federal Deposit Insurance Corporation","Agency Overall","2015","23","23.88","1","97","32","36.23","7","88","22","24.27","3","49"
"National Science Foundation","Agency Overall","2015","16","16","1","26","32","74","1","1100","N/A","N/A","N/A","N/A"
"Office of National Drug Control Policy","Agency Overall","2015","19","67","1","344","N/A","N/A","N/A","N/A","N/A","N/A","N/A","N/A"
"U.S. Agency for Global Media","Agency Overall","2015","N/A","N/A","N/A","N/A","92","132","8","473","N/A","N/A","N/A","N/A"
"U.S. Department of State","Agency Overall","2015","154","165","1","1781","408","589","11","2374","40","40","40","40"
"Department of Veterans Affairs","Agency Overall","2015","4","26.21","<1","793","17","43.3","<1","858","6","29.52","<1","322"
"Office of the Special Inspector General for Afghanistan Reconstruction","Agency Overall","2015","20.5","26.6","18","59","41","59.4","20","168","22","22","22","22"
"Tennessee Valley Authority","Agency Overall","2015","8","9","1","20","41","74","21","1145","12","12","12","12"
"Social Security Administration","Agency Overall","2015","9","19","1","66","57","80","3","323","N/A","N/A","N/A","N/A"
"Office of the Director of National Intelligence","Agency Overall","2015","9","45.2","N/A","567","83.5","234.06","2","1911","N/A","N/A","N/A","N/A"
"Department of Energy","Agency Overall","2015","19","39.94","<1","1157","105.5","224.14","3","2043","17","102.6","9","343"
"Federal Maritime Commission","Agency Overall","2015","7","8.25","4","13","61.5","325.5","5","995","22","22","22","22"
"Department of Homeland Security","Agency Overall","2015","8","23.9","1","1282","52.75","101.67","1","2083","13.7","31.15","1","428"
"United States Copyright Office","Agency Overall","2015","19","21","3","43","N/A","N/A","N/A","N/A","N/A","N/A","N/A","N/A"
"United States Postal Service","Agency Overall","2015","15","28.36","1","501","27","72.93","2","1032","4","5.67","3","10"
"Federal Energy Regulatory Commission","Agency Overall","2015","19","21","1","58","18","93","17","453","N/A","N/A","N/A","N/A"
"Small Business Administration","Agency Overall","2015","7","12.24","<1","127","N/A","N/A","N/A","N/A","35","35","35","35"
"Farm Credit System Insurance Corporation","Agency Overall","2015","10.5","10.5","6","15","N/A","N/A","N/A","N/A","7","8.7","6","13"
"Institute of Museum and Library Services","Agency Overall","2015","4","4.88","1","13","26","34.4","21","67","N/A","N/A","N/A","N/A"
"National Indian Gaming Commission","Agency Overall","2015","18","32","1","191","167","143","24","222","N/A","N/A","N/A","N/A"
"U.S. Railroad Retirement Board","Agency Overall","2015","22","30.44","1","141","N/A","N/A","N/A","N/A","N/A","N/A","N/A","N/A"
"Federal Trade Commission","Agency Overall","2015","4","6.02","1","50","18","30.92","1","328","N/A","N/A","N/A","N/A"
"Nuclear Regulatory Commission","Agency Overall","2015","8","11","<1","52","27","61","1","658","216","216","216","216"
"Federal Financial Institutions Examination Council","Agency Overall","2015","6","7.7","3","14","24","27.7","22","37","N/A","N/A","N/A","N/A"
"Export-Import Bank of the U.S.","Agency Overall","2015","24","74.28","<1","702","181","316.45","19","895","N/A","N/A","N/A","N/A"
"Federal Retirement Thrift Investment Board","Agency Overall","2015","23","23","21","25","N/A","N/A","N/A","N/A","N/A","N/A","N/A","N/A"
"Department of Justice","Agency Overall","2015","20","36.12","<1","702","98","154.49","<1","1364","48.5","110.91","<1","1103"
"Department of Commerce","Agency Overall","2015","16","48.84","<1","588","51","139.45","3","2020","4","25.42","<1","403"
"Selective Service System","Agency Overall","2015","11","10","4","18","N/A","N/A","N/A","N/A","N/A","N/A","N/A","N/A"
"Equal Employment Opportunity Commission","Agency Overall","2015","14","18.75","1","357","N/A","N/A","N/A","N/A","N/A","N/A","N/A","N/A"
"Consumer Product Safety Commission","Agency Overall","2015","12","44","1","640","48","82","1","1179","N/A","N/A","N/A","N/A"
"Legal Services Corporation","Agency Overall","2015","16.25","15.15","1","26","N/A","N/A","N/A","N/A","1","1","1","1"
"Council of the Inspectors General on Integrity and Efficiency","Agency Overall","2015","N/A","N/A","N/A","N/A","126.5","145.5","25","304","N/A","N/A","N/A","N/A"
"Central Intelligence Agency","Agency Overall","2015","16","91.31","<1","2449","51","101.7","5","2454","N/A","N/A","N/A","N/A"
"Occupational Safety and Health Review Commission","Agency Overall","2015","9","9.06","<1","20","20","21.22","15","30","7","7","7","7"
"Federal Housing Finance Agency","Agency Overall","2015","15","15.17","1","112","48.5","104.5","25","481","N/A","N/A","N/A","N/A"
"United States Access Board","Agency Overall","2015","2","9","1","26","N/A","N/A","N/A","N/A","N/A","N/A","N/A","N/A"
"National Labor Relations Board","Agency Overall","2015","8","11","N/A","N/A","N/A","N/A","N/A","N/A","7","9","N/A","N/A"
"Office of Management and Budget","Agency Overall","2015","40","79","1","406","N/A","N/A","N/A","N/A","N/A","N/A","N/A","N/A"
"Administrative Conference of the United States","Agency Overall","2015","1","1.5","<1","3","13","13","13","13","N/A","N/A","N/A","N/A"
"U.S. Commission on Civil Rights","Agency Overall","2015","5","6","1","13","37","37","14","60","N/A","N/A","N/A","N/A"
"National Mediation Board","Agency Overall","2015","3","4","<1","11","N/A","N/A","N/A","N/A","N/A","N/A","N/A","N/A"
"Federal Election Commission","Agency Overall","2015","13","28.8","2","158","64.5","130.2","23","452","10","10","10","10"
"National Endowment for the Humanities","Agency Overall","2015","10","11.8","1","20","28.5","43.6","17","103","N/A","N/A","N/A","N/A"
"Federal Mediation and Conciliation Service","Agency Overall","2015","10","13","1","63","30","30","30","30","N/A","N/A","N/A","N/A"
"Federal Reserve System","Agency Overall","2015","5","10","1","180","31","48","1","388","19","20","6","36"
"Corporation for National and Community Service (operating as AmeriCorps)","Agency Overall","2015","4","10","<1","40","60","114","5","505","N/A","N/A","N/A","N/A"
"Department of Agriculture","Agency Overall","2015","22","9.76","1","1101","26","81.03","1","1393","11","49","1","349"
"Office of Special Counsel","Agency Overall","2015","36","87.62","1","328","402","467","14","941","77.5","99","18","220"
"U.S. Agency for International Development","Agency Overall","2015","21","60.78","<1","227","243.5","319.91","8","1137","76","89.4","71","119"
"Pension Benefit Guaranty Corporation","Agency Overall","2015","6","7.68","<1","37","17","18.58","<1","169","N/A","N/A","N/A","N/A"
"Department of Labor","Agency Overall","2015","11","22","1","1202","14","28.1","1","1592","7","46.6","1","710"
"United States International Boundary and Water Commission","Agency Overall","2015","N/A","N/A","N/A","N/A","8","18.08","1","159","N/A","N/A","N/A","N/A"
"Department of the Treasury","Agency Overall","2015","7","12","<1","547","19","36","1","3018","33.5","175.5","4","561"
"Overseas Private Investment Corporation","Agency Overall","2015","9","17.04","<1","87","N/A","N/A","N/A","N/A","N/A","N/A","N/A","N/A"
"National Endowment for the Arts","Agency Overall","2015","15","14","5","26","470","178","18","923","N/A","N/A","N/A","N/A"
"Council on Environmental Quality","Agency Overall","2015","44","89.27","33","357","67","202.71","2","909","N/A","N/A","N/A","N/A"
"Millennium Challenge Corporation","Agency Overall","2015","92","68","<1","181","N/A","N/A","N/A","N/A","N/A","N/A","N/A","N/A"
"Department of Health and Human Services","Agency Overall","2015","9","16.95","<1","1225","43","114.62","<1","1583","367","382.73","<1","862"
"Securities and Exchange Commission","Agency Overall","2015","13","26.69","<1","944","416","408.33","51","758","181","181","41","321"
"Department of Transportation","Agency Overall","2015","41","61.91","<1","768","105","116","<1","1172","45.5","185.125","3","603"
"Armed Forces Retirement Home","Agency Overall","2015","12","13","7","18","37","37","37","37","N/A","N/A","N/A","N/A"
"Federal Mine Safety and Health Review Commission","Agency Overall","2015","1","2.5","<1","39","5.5","7","1","22","N/A","N/A","N/A","N/A"
"Court Services and Offender Supervision Agency","Agency Overall","2015","17","18.17","2","187","N/A","N/A","N/A","N/A","N/A","N/A","N/A","N/A"
"American Battle Monuments Commission","Agency Overall","2015","4","4","4","4","N/A","N/A","N/A","N/A","N/A","N/A","N/A","N/A"
"National Transportation Safety Board","Agency Overall","2015","6.5","126","1","490","385","391.04","4","913","66.5","100","1","266"
"United States International Trade Commission","Agency Overall","2015","16","15","1","20","30","32","30","38","N/A","N/A","N/A","N/A"
"Office of the United States Trade Representative","Agency Overall","2015","22","26","1","75","66","240","17","1400","N/A","N/A","N/A","N/A"
"Surface Transportation Board","Agency Overall","2015","13","11.65","1","27","N/A","N/A","N/A","N/A","N/A","N/A","N/A","N/A"
"National Credit Union Administration","Agency Overall","2015","3","5.79","<1","28","25.5","30.44","2","115","2","2","2","2"
"National Archives and Records Administration","Agency Overall","2015","16","73.6","<1","2242","393","897","<1","5486","37","44.86","16","131"
"Environmental Protection Agency","Agency Overall","2015","14","12.71","<1","20","46","83.92","<1","1756","28","66.13","2","188"
"Postal Regulatory Commission","Agency Overall","2015","19","17","11","20","N/A","N/A","N/A","N/A","N/A","N/A","N/A","N/A"
"United States Trade and Development Agency","Agency Overall","2015","N/A","N/A","N/A","N/A","37","54","25","116","N/A","N/A","N/A","N/A"
"Peace Corps","Agency Overall","2015","57","83","<1","467","200","285","38","663","N/A","N/A","N/A","N/A"
"General Services Administration","Agency Overall","2015","19","25.42","<1","40","32","41.01","1","221","19","19.18","<1","89"
"Department of Education","Agency Overall","2015","14","14.2","<1","197","58","95.43","11","1311","10.5","14","3","29"
"Federal Labor Relations Authority","Agency Overall","2015","7","9.25","<1","20","N/A","N/A","N/A","N/A","N/A","N/A","N/A","N/A"
"Privacy and Civil Liberties Oversight Board","Agency Overall","2015","2","5.8","2","17","N/A","N/A","N/A","N/A","N/A","N/A","N/A","N/A"
"Farm Credit Administration","Agency Overall","2015","8","9.1","3","20","N/A","N/A","N/A","N/A","14","12.4","5","20"
"Office of Science and Technology Policy","Agency Overall","2015","22","36.8","2","114","98","138.7","52","348","N/A","N/A","N/A","N/A"
"Department of Housing and Urban Development","Agency Overall","2015","18","32.82","<1","294","71","102.19","<1","546","6","12","1","31"
"National Aeronautics and Space Administration","Agency Overall","2015","6","7.91","<1","30","26","38.57","<1","418","N/A","N/A","N/A","N/A"
"Federal Open Market Committee","Agency Overall","2015","3.5","5.4","<1","19","186","327.3","33","648","N/A","N/A","N/A","N/A"
"Office of Personnel Management","Agency Overall","2015","1","1.9","N/A","N/A","25","26","N/A","N/A","10","25","N/A","N/A"
"Department of the Interior","Agency Overall","2015","1","10","<1","1004","19","46","<1","1157","17","82","<1","479"
"Commodity Futures Trading Commission","Agency Overall","2015","36","51.49","<1","290","136","142.16","13","333","N/A","N/A","N/A","N/A"
"Department of Defense","Agency Overall","2015","14.02","18.09","<1","3036","123","186.87","<1","3517","7.27","17.2","<1","860"
"Defense Nuclear Facilities Safety Board","Agency Overall","2015","14","13","4","20","34","37.25","31","50","N/A","N/A","N/A","N/A"
"Federal Communications Commission","Agency Overall","2015","20","25.31","<1","267","277","204.5","30","290","2","3.33","<1","8"
"Merit Systems Protection Board","Agency Overall","2015","22","26.64","<1","84","219.5","217","190","239","14.5","15.67","<1","35"
"Chemical Safety and Hazard Investigation Board","Agency Overall","2015","16","41","4","157","80","86","8","195","N/A","N/A","N/A","N/A"
"Committee for Purchase from People Who Are Blind or Severely Disabled","Agency Overall","2015","9","8.4","<1","16","N/A","N/A","N/A","N/A","N/A","N/A","N/A","N/A"
"Office of Government Ethics","Agency Overall","2015","17","39","1","559","N/A","N/A","N/A","N/A","N/A","N/A","N/A","N/A"
"National Capital Planning Commission","Agency Overall","2015","3","5","1","9","N/A","N/A","N/A","N/A","N/A","N/A","N/A","N/A"