"Agency","Component","Fiscal Year","Processing Costs","Litigation-Related Costs","Total Costs","Total Amount of Fees Collected","Percentage of Total Costs"
"Department of Health and Human Services","Agency Overall","2011","45748344.22","239775.00","45988119.22","1152404.73","2.5200"
"U.S. Agency for Global Media","Agency Overall","2011","2698.87","0.00","2698.87","476.85","17.6700"
"United States Postal Service","Agency Overall","2011","3174670.00","0.00","3174670.00","35705.20","1.1200"
"Department of the Treasury","Agency Overall","2011","17106586.06","428357.51","17534943.57","598890.61","3.5000"
"Tennessee Valley Authority","Agency Overall","2011","193911.00","0.00","193911.00","2151.85","1.1100"
"Office of the United States Trade Representative","Agency Overall","2011","256800.00","900.00","257700.00","0.00","0.0000"
"Council on Environmental Quality","Agency Overall","2011","43000.00","35084.75","78084.75","0.00","0.0000"
"Committee for Purchase from People Who Are Blind or Severely Disabled","Agency Overall","2011","16000.00","0.00","16000.00","0.00","0.0000"
"Department of Housing and Urban Development","Agency Overall","2011","2639400.17","185769.98","2825170.15","18189.60","0.6900"
"Federal Maritime Commission","Agency Overall","2011","128510.00","0.00","128510.00","306.75","0.2400"
"Pension Benefit Guaranty Corporation","Agency Overall","2011","1223385.00","10000.00","1233385.00","13274.03","1.0900"
"Special Inspector General for Iraq Reconstruction","Agency Overall","2011","5979.00","0.00","5979.00","0.00","0.0000"
"U.S. Railroad Retirement Board","Agency Overall","2011","57461.00","10000.00","67461.00","218.00","0.3800"
"Selective Service System","Agency Overall","2011","2325.00","0.00","2325.00","0.00","0.0000"
"Export-Import Bank of the U.S.","Agency Overall","2011","270014.00","0.00","270014.00","6944.00","2.5700"
"U.S. Department of State","Agency Overall","2011","15653418.00","777588.00","16431006.00","19470.96","0.1200"
"Central Intelligence Agency","Agency Overall","2011","10500000.00","1890000.00","12390000.00","519.50","0.0000"
"Federal Communications Commission","Agency Overall","2011","2212990.11","87400.41","2300390.52","16620.39","0.7500"
"National Transportation Safety Board","Agency Overall","2011","1494943.56","0.00","1494943.56","2620.03","0.1800"
"United States Trade and Development Agency","Agency Overall","2011","18000.00","0.00","18000.00","0.00","0.0000"
"Corporation for National and Community Service (operating as AmeriCorps)","Agency Overall","2011","2865.59","0.00","2865.59","0.00","0.0000"
"Department of Transportation","Agency Overall","2011","10328842.00","102089.00","10430931.00","314027.82","3.0400"
"Farm Credit System Insurance Corporation","Agency Overall","2011","0.00","0.00","0.00","0.00","0.0000"
"Department of Homeland Security","Agency Overall","2011","33361701.24","1956380.20","35318081.44","369371.43","1.1100"
"Office of National Drug Control Policy","Agency Overall","2011","20000.00","0.00","20000.00","0.00","0.0000"
"Defense Nuclear Facilities Safety Board","Agency Overall","2011","4500.25","0.00","4500.25","0.00","0.0000"
"Office of Science and Technology Policy","Agency Overall","2011","79000.00","16000.00","95000.00","0.00","0.0000"
"United States International Trade Commission","Agency Overall","2011","10915.08","0.00","10915.08","1567.00","14.3600"
"Equal Employment Opportunity Commission","Agency Overall","2011","2541508.69","1110.00","2542618.69","48093.77","1.8900"
"Federal Housing Finance Agency","Agency Overall","2011","543827.00","0.00","543827.00","33850.00","6.2200"
"National Aeronautics and Space Administration","Agency Overall","2011","2287002.88","0.00","2287002.88","8861.55","0.0039"
"Federal Retirement Thrift Investment Board","Agency Overall","2011","33898.00","0.00","33898.00","0.00","0.0000"
"Overseas Private Investment Corporation","Agency Overall","2011","98586.00","0.00","98586.00","1303.88","1.3200"
"Federal Financial Institutions Examination Council","Agency Overall","2011","7600.00","0.00","7600.00","0.00","0.0000"
"Department of Education","Agency Overall","2011","2177652.74","271492.00","2449144.74","3840.86","0.1800"
"Department of Veterans Affairs","Agency Overall","2011","16332657.90","189869.00","16522526.90","102100.31","0.6300"
"National Railroad Passenger Corporation","Agency Overall","2011","80000.00","0.00","80000.00","1188.95","1.4900"
"Institute of Museum and Library Services","Agency Overall","2011","16307.55","0.00","16307.55","0.00","0.0000"
"Surface Transportation Board","Agency Overall","2011","37776.00","0.00","37776.00","574.52","1.5200"
"Occupational Safety and Health Review Commission","Agency Overall","2011","221917.75","0.00","221917.75","1449.36","0.6500"
"Securities and Exchange Commission","Agency Overall","2011","5146627.90","205500.00","5352127.90","78005.94","1.5200"
"Department of Justice","Agency Overall","2011","55303212.90","9494586.85","64797799.75","123861.73","0.2200"
"U.S. Commission on Civil Rights","Agency Overall","2011","20000.00","0.00","20000.00","0.00","0.0000"
"Armed Forces Retirement Home","Agency Overall","2011","0.00","0.00","0.00","0.00","0.0000"
"Council of the Inspectors General on Integrity and Efficiency","Agency Overall","2011","4928.13","0.00","4928.13","0.00","0.0000"
"Office of Management and Budget","Agency Overall","2011","215000.00","52000.00","267000.00","0.00","0.0000"
"U.S. Agency for International Development","Agency Overall","2011","1192789.43","25000.00","1217789.43","1004.58","0.0800"
"Federal Energy Regulatory Commission","Agency Overall","2011","751955.00","0.00","751955.00","328.45","0.0400"
"Court Services and Offender Supervision Agency","Agency Overall","2011","248171.25","0.00","248171.25","37425.25","15.0800"
"National Capital Planning Commission","Agency Overall","2011","539.00","0.00","539.00","0.00","0.0000"
"Legal Services Corporation","Agency Overall","2011","69750.00","0.00","69750.00","134.00","0.1900"
"Office of Special Counsel","Agency Overall","2011","195000.00","9700.00","204700.00","28.75","0.0100"
"Merit Systems Protection Board","Agency Overall","2011","316210.00","0.00","316210.00","297.00","0.0900"
"National Endowment for the Arts","Agency Overall","2011","55000.00","0.00","55000.00","70.26","0.1300"
"Federal Mediation and Conciliation Service","Agency Overall","2011","65000.00","0.00","65000.00","56.00","0.0900"
"Millennium Challenge Corporation","Agency Overall","2011","10000.00","0.00","10000.00","0.00","0.0000"
"Department of Defense","Agency Overall","2011","89602701.00","4118975.00","93721676.00","585461.00","0.6500"
"Inter-American Foundation","Agency Overall","2011","6500.00","0.00","6500.00","0.00","0.0000"
"Farm Credit Administration","Agency Overall","2011","33014.00","0.00","33014.00","0.00","0.0000"
"American Battle Monuments Commission","Agency Overall","2011","2500.00","0.00","2500.00","0.00","0.0000"
"National Credit Union Administration","Agency Overall","2011","132198.00","0.00","132198.00","1339.40","1.0100"
"Federal Labor Relations Authority","Agency Overall","2011","28374.00","0.00","28374.00","75.56","0.2700"
"National Archives and Records Administration","Agency Overall","2011","3162915.00","0.00","3162915.00","607.00","0.0200"
"Department of Energy","Agency Overall","2011","6948129.03","200504.00","7148633.03","10464.88","0.1500"
"Office of Personnel Management","Agency Overall","2011","2167331.00","31600.00","2198931.00","7413.00","0.3400"
"Department of Commerce","Agency Overall","2011","3685519.44","189785.65","3875305.09","49576.95","1.3500"
"Department of Agriculture","Agency Overall","2011","12920285.93","718612.85","13638898.78","87358.08","0.6800"
"Federal Reserve System","Agency Overall","2011","1488000.00","200000.00","1688000.00","5349.00","0.3600"
"Office of Government Ethics","Agency Overall","2011","151160.98","0.00","151160.98","0.00","0.0000"
"Small Business Administration","Agency Overall","2011","1618718.00","2200.00","1620918.00","15000.00","0.9300"
"General Services Administration","Agency Overall","2011","2400000.00","0.00","2400000.00","56783.00","2.3700"
"National Mediation Board","Agency Overall","2011","34549.00","0.00","34549.00","588.58","1.7000"
"Federal Election Commission","Agency Overall","2011","158328.48","21101.25","179429.73","0.00","0.0000"
"Peace Corps","Agency Overall","2011","73313.00","0.00","73313.00","0.00","0.0000"
"Office of Navajo and Hopi Indian Relocation","Agency Overall","2011","4350.00","0.00","4350.00","0.00","0.0000"
"National Indian Gaming Commission","Agency Overall","2011","174242.00","532.60","174774.60","1234.90","0.7100"
"Administrative Conference of the United States","Agency Overall","2011","13142.00","0.00","13142.00","0.00","0.0000"
"Federal Mine Safety and Health Review Commission","Agency Overall","2011","110000.00","0.00","110000.00","537.90","0.4900"
"Commodity Futures Trading Commission","Agency Overall","2011","148270.76","0.00","148270.76","3195.40","2.1600"
"National Labor Relations Board","Agency Overall","2011","795010.26","26736.24","821746.50","76073.43","9.5700"
"Federal Deposit Insurance Corporation","Agency Overall","2011","2358459.00","22152.00","2380611.00","17629.68","0.7500"
"Chemical Safety and Hazard Investigation Board","Agency Overall","2011","46372.00","0.00","46372.00","0.00","0.0000"
"National Endowment for the Humanities","Agency Overall","2011","200000.00","0.00","200000.00","138.60","0.0700"
"Federal Trade Commission","Agency Overall","2011","369626.11","0.00","369626.11","30418.88","8.2300"
"United States African Development Foundation","Agency Overall","2011","0.00","0.00","0.00","0.00","0.0000"
"Nuclear Regulatory Commission","Agency Overall","2011","1738305.00","0.00","1738305.00","9485.00","0.5500"
"Postal Regulatory Commission","Agency Overall","2011","2000.00","0.00","2000.00","0.00","0.0000"
"Recovery Accountability and Transparency Board","Agency Overall","2011","5594.60","0.00","5594.60","0.00","0.0000"
"Office of the Director of National Intelligence","Agency Overall","2011","275000.00","37844.00","312844.00","0.00","0.0000"
"Office of the Special Inspector General for Afghanistan Reconstruction","Agency Overall","2011","104000.00","0.00","104000.00","0.00","0.0000"
"Environmental Protection Agency","Agency Overall","2011","17352297.59","457450.00","17809747.59","329810.76","1.9000"
"Social Security Administration","Agency Overall","2011","3982633.00","38507.00","4021140.00","1482213.00","37.2200"
"Department of Labor","Agency Overall","2011","13074203.58","497973.00","13572176.58","289284.10","2.2100"
"Federal Open Market Committee","Agency Overall","2011","117139.50","0.00","117139.50","0.00","0.0000"
"Department of the Interior","Agency Overall","2011","12201691.90","771470.74","12973162.64","108966.17","0.8900"
"National Science Foundation","Agency Overall","2011","371000.00","0.00","371000.00","5555.65","1.5000"
"United States Copyright Office","Agency Overall","2011","139940.00","0.00","139940.00","1565.00","1.1200"
"Consumer Product Safety Commission","Agency Overall","2011","1684600.00","35000.00","1719600.00","21653.00","1.2900"
"United States International Boundary and Water Commission","Agency Overall","2011","40250.00","0.00","40250.00","0.00","0.0000"
"All agencies","Agency Overall","2011","412450842.43","23359047.03","435809889.46","6193011.83","N/A"