"Agency","Component","Fiscal Year","Statute","Case Citation","Type of Information Withheld","Number of Times Relied Upon"
"Department of Health and Human Services","Agency Overall","2011","5 U.S.C. app. § 107(a) (Ethics in Government Act of 1978)","Meyerhof v. EPA, 948 F.2d 1498, 1500-02 (9th Cir. 1992","Financial disclosure information pertaining to certain government employees","3"
"Department of Health and Human Services","Agency Overall","2011","21 U.S.C. § 331(j) (Food Drug and Cosmetic Act)","Anderson v. HHS, 907 F.2d 936, 950-51 (10th Cir. 1998).","Trade secrets","24"
"Department of Health and Human Services","Agency Overall","2011","21 USC § 350d(a)(b)","None","Food Registration Documents","5"
"Department of Health and Human Services","Agency Overall","2011","41 USC § 423(a)(1)","Legal & Safety Employer Research, Inc. v. U.S. Dep't of the Army, No. Civ. S001748, 2001 WL 34098652, at *3-4 (E.D. Cal. May 4, 2001) (dictum)","Contractor bid or proposal information; source selection information","4"
"Department of Health and Human Services","Agency Overall","2011","41 USC § 253b(m)","Hornbostel v. U.S. Dep't of the Interior, 305 F. Supp. 2d 21,30 (D.D.C. 2003), summary affirmance granted, No. 03-0527, 2004 WL 1900562 (D.C. Cir,Aug. 25, 2004).","Technichal proposal  not incorporated into a final contract","55"
"Department of Health and Human Services","Agency Overall","2011","42 USC § 242m(d)","None","Identifiable information for certain research and statitical  activities","6"
"Department of Health and Human Services","Agency Overall","2011","42 USC § 262a(h)","None","Select agent information.","6"
"Department of Health and Human Services","Agency Overall","2011","42 USC § 300aa-12(d)(4)(A)","Long V DOJ, No. 06-CV-1086, 2011 WL 113925, at *10 (N.D.N.Y. Mar. 25, 2011).","Medical records presented to a special master or the court in National Vaccine Injury Compensation Program","1"
"Department of Health and Human Services","Agency Overall","2011","42 USC § 11137(b)","None","Adverse reports of health practicioners' conduct.","2"
"U.S. Agency for Global Media","Agency Overall","2011","22 U.S.C. §§ 1461, 1461-1a (Foreign Affairs Reform and Restructuring Act)","Essential Info., Inc. v. USIA, 134 F.3d 1165, 1168 (D.C. Cir. 1998).","Certain program information prepared by the United States Information Agency","3"
"United States Postal Service","Agency Overall","2011","39 U.S.C. § 410(c)(1)","None.","Records relating to names and addresses of postal customer","204"
"United States Postal Service","Agency Overall","2011","39 U.S.C. § 410(c)(2)","Wickwire Gavin, P.C. v. USPS. 356 F.3d 588, 589, 597 (4th Cir. 2004); Am. Postal Workers Union, AFL-CIO v. USPS, 742 F. Supp. 2d 76, 81-83 (D.D.C. 2010); reid v. USPS, No. 05-294, 2006 WL 1876682, at *5-9 (S.D. Ill, July 5, 2006).","Records relating to commercial information that is proprietary to the Postal Service","186"
"United States Postal Service","Agency Overall","2011","39 U.S.C. § 410(c)(3)","None.","Records relating to information prepared for use in negotiating collective bargaining agreements","9"
"United States Postal Service","Agency Overall","2011","39 U.S.C. § 410(c)(4)","None.","Records prepared for proceedings under 39 U.S.C. Chapter 36, relating to rates, classification, and service changes","3"
"United States Postal Service","Agency Overall","2011","39 U.S.C. § 410(c)(5)","None.","Reports and memoranda of consultants or independent contractors, except to the extent that they would be required to be disclosed if prepared within the Postal Service","3"
"United States Postal Service","Agency Overall","2011","39 U.S.C. § 412","None.","Records containing lists of postal customers","16"
"United States Postal Service","Agency Overall","2011","18 U.S.C. § 1461","None.","Records concerning non-mailable matter","1"
"United States Postal Service","Agency Overall","2011","18 U.S.C. 2510 (Title III of the Omnibus Crime Control and Safe Streets Act)","Mendoza v. DEA, No. 07-5006, 2007 U.S. App. LEXIS 22175 (D.C. Cir. Sept. 14, 2007) (per curiam); Lam Lek Chong v. DEA, 929 F.2d 729, 733 (D.C. Cir. 1991); Payne v. DOJ, No. 96-30840, slip op. at 5-6 (5th Cir. July 11, 1997).","Wiretap requests and the contents of any wire, oral, or electronic communication obtained through wiretap","4"
"United States Postal Service","Agency Overall","2011","18 U.S.C. § 2517 (Title III of the Omnibus Crime Control and Safe Streets Act)","Mendoza v. DEA, No. 07-5006, 2007 U.S. App. LEXIS 22175 (D.C. Cir. Sept. 14, 2007) (per curiam); Lam Lek Chong v. DEA, 929 F.2d 729, 733 (D.C. Cir. 1991); Payne v. DOJ, No. 96-30840, slip op. at 5-6 (5th Cir. July 11, 1997).","Wiretap requests and the contents of any wire, oral, or electronic communication obtained through wiretap","3"
"United States Postal Service","Agency Overall","2011","Fed. R. Crim. P. 6(e), enacted by Act of July 30, 1977, Pub. L. No. 95-78, 91 Stat. 319","Sussman v. USMS, 494 F.3d 1106, 1113 (D.C. Cir. 2007); Fund for Constitutional Gov't v. Nat'l Archives & Records serv., 656 F.2d 856, 867-68 (D.C. Cir. 1981); Durham v. U.S. Atty. Gen., No. 06-843, 2008 WL 620744, at *2 (E.D. Tex. Mar. 3, 2008); Cozen O'Connor v. U.S. Dep't of Treasury, 570 F.Supp. 2d 749, 776 (E.D. Pa. 2008).","Certain records pertaining to grand jury proceedings","11"
"United States Postal Service","Agency Overall","2011","5 U.S.C. app. § 107(a) (Ethics in Government Act of 1978)","Meyerhoff v. EPA, 958 F.2d 1498, 1500-02 (9th Cir. 1992); Concepcion v. FBI, 606 F. Supp. 2d 14, 33 (D.D.C. 2009), renewed motion for summary judgment granted in part on other grounds, 699 F. Supp. 2d 106 (D.D.C. 2010).","Financial disclosure information pertaining to certain government employees","2"
"United States Postal Service","Agency Overall","2011","5 U.S.C. app. § 7(b) (Inspector General Act of 1978)","United Am. Fin. v. Potter, 531 F. Supp. 2d 29, 45-46 (D.D.C. 2008)","Employee complaint information","14"
"Department of the Treasury","Agency Overall","2011","26 U.S.C. § 6103","Church of Scientology v. IRS, 484 U.S. 9, 15 (1987) (26 U.S.C. § 6103); Pac. Fisheries, Inc. v. IRS, No. 09-35618, 2010 WL 3611645, at *2 (9th Cir. September 15, 2010) (unpublished disposition)","Certain tax return information and certain tax convention information","1909"
"Department of the Treasury","Agency Overall","2011","31 U.S.C. § 5319","Hulstein v. DEA, No. 10-4112, 2011 U.S. Dist. LEXIS 25788, at *7-8 (N.D. Iowa Mar. 11, 2011); Berger v. IRS, 487 F. Supp. 2d 482, 496-97 (D.N.J. 2007), aff'd on other grounds, 288 F. App'x 829 (3d Cir. 2008), cert. denied, 129 S. Ct. 2789 (U.S. 2009); Sciba v. Bd. of Governors of the Fed. Reserve Sys., No. 04-1011, 2005 WL 3201206, at *6 (D.D.C. Nov. 4, 2005).","Reports pertaining to monetary instruments transactions filed under subchapter II of chapter 53 of title 31 and records of those reports","159"
"Department of the Treasury","Agency Overall","2011","41 U.S.C. § 253b(m)(1)","Margolin v. NASA, No. 09-CV-00421-LRH-VPC, 2011 WL 1303221, at *6 (D. Nev. Mar. 31, 2011); Hornbostel v. U.S. Dep't of the Interior, 305 F. Supp. 2d 21, 30 (D.D.C. 2003), summary affirmance granted, No. 03-5257, 2004 WL 1900562 (D.C. Cir. Aug. 25, 2004).","Contractor proposals that are in the possession or control of an executive agency and that have not been set forth or incorporated by reference into contracts","45"
"Department of the Treasury","Agency Overall","2011","41 U.S.C. § 2102(a), recodifies 41 U.S.C. § 423(a)","N/A","Contracts / RFP’s and bids pre-award","3"
"Department of the Treasury","Agency Overall","2011","21 U.S.C. § 1904(e)(3)","N/A","Investigative Information","1"
"Department of the Treasury","Agency Overall","2011","5 U.S.C. app. § 7(b)","N/A","Complaints by employees, disclosure of identity, reprisals","2"
"Department of the Treasury","Agency Overall","2011","Fed. R. Crim. P. 6(e), enacted by Act of July 30, 1977, Pub. L. No. 95-78, 91 Stat. 319","Sussman v. USMS, 494 F.3d 1106, 1113 (D.C. Cir. 2007) Fund for Constitutional Gov't v. Nat'l Archives & Records Serv., 656 F.2d 856, 867-68 (D.C. Cir. 1981) Durham v. U.S. Atty. Gen., No. 06-843, 2008 WL 620744, at *2 (E.D. Tex. Mar. 3, 2008) Cozen O'Connor v. U.S. Dep't of Treasury, 570 F. Supp. 2d 749, 776 (E.D. Pa. 2008)","Certain records pertaining to grand jury proceedings","1"
"Tennessee Valley Authority","Agency Overall","2011","42 U.S.C. § 2162","Meeropol v. Smith, No. 75 - 1121, slip op. at 53-55 (D.D.C. Feb.29, 1984), aff'd in relevant part & remanded in part on other grounds sub nom, Meeropol v. Meese, 790 F.2d 942 (D.C. Dir. 1986).","""Restricted Data"" pertaining to atomic weapons and special nuclear material","2"
"Tennessee Valley Authority","Agency Overall","2011","6 U.S.C. § 133","","Critical infrastructure information","1"
"Office of the United States Trade Representative","Agency Overall","2011","N/A","N/A","N/A","0"
"Council on Environmental Quality","Agency Overall","2011","0","N/A","0","0"
"Committee for Purchase from People Who Are Blind or Severely Disabled","Agency Overall","2011","0","N/A","0","0"
"Department of Housing and Urban Development","Agency Overall","2011","41 USC § 253b(m)(1)","Hornsbostel v. United States Department of Interior, 305 F. Supp. 2d 21 (D.D.C., 2003)","Proposals received from unsuccessful offerors and not incorporated into the contract","25"
"Department of Housing and Urban Development","Agency Overall","2011","42 USC § 3545","None","HUD Reform Act","1"
"Department of Housing and Urban Development","Agency Overall","2011","42 USC § 3610(d) (Fair Housing Act)","West v. Jackson, 448 F. Supp. 2d 207, 212-13 (D.D.C. 2006), summary affirmance granted, No. 06-5281, 2007 WL 1723362 (D.C. Cir., March 6, 2007)","Information related to conciliation under the Fair Housing Act","7"
"Department of Housing and Urban Development","Agency Overall","2011","Fed. R. Crim. P.6(e), enacted by Act of July 30, 1977, Pub. L. No. 95-78, 91 Stat. 319","Sussman v. USMS, 494 F. 3d 1106, 1113 (D.C. Cir., 2007)","Records pertaining to grand jury proceedings","1"
"Federal Maritime Commission","Agency Overall","2011","N/A","N/A","N/A","0"
"Pension Benefit Guaranty Corporation","Agency Overall","2011","29 U.S.C. §1343(f)","N/A","Information submitted to PBGC as part of a notice of reportable event","1"
"Pension Benefit Guaranty Corporation","Agency Overall","2011","29 U.S.C. §1310(c)","N/A","Confidential business information submitted to PBGC under section 4010 of ERISA","1"
"Special Inspector General for Iraq Reconstruction","Agency Overall","2011","N/A","N/A","N/A","0"
"U.S. Railroad Retirement Board","Agency Overall","2011","45 U.S.C. 362 (d)","Ass'n of Retired Railroad Workers v. U.S. R.R. Retirement Board, 830 F. 2d 331, 334 (D.C. Cir. 1987); Nat'l Ass'n of Retired & Veteran Ry. Employees v. R.R. Ret. Bd., No. 87-117, slip op. at 5 (N.D. Ohio)","Information obtained by the Railroad Retirement Board that reveals, in any manner, an employee's identity","12"
"Selective Service System","Agency Overall","2011","0","0","0","0"
"U.S. Department of State","Agency Overall","2011","8 U.S.C.  § 1202(f)","Medina-Hincapie v. DOS 700 F.2d 737 (D.C. Cir. 1983)","Records pertaining to the issuance or refusal of visas to enter the U.S.","15110"
"U.S. Department of State","Agency Overall","2011","10 U.S.C.  § 424","Physicians for Human Rights v. DOD, No. RDB-08-273, 2011 WL 149592, at *7 (D.D.C. Apr. 19, 2011); Miller v. DOJ  562 F. Supp. 82, 112 (D.D.C. 2008), Wickwire Gavin, P.C. v. Def. Intelligence Agency, 330 F. Supp. 2d 592, 602 (E.D. Va. 2004)","Organization or any function of, and certain information pertaining to, employees of the Defense Intelligence Agency, the National Reconnaissance Office, and the National Geospatial-Intelligenec Agency","2"
"U.S. Department of State","Agency Overall","2011","22 U.S.C.  § 2778(e)","Council for a Livable World v. U.S. Dep't of State, No. 96-1807, slip op. at 11 (D.D.C. Jan. 21, 1998), amended (D.D.C. Nov. 23, 1998)","Information concerning arms export licensing cases","4"
"U.S. Department of State","Agency Overall","2011","22 U.S.C. § 4004","No","Foreign Service employee records","1"
"U.S. Department of State","Agency Overall","2011","50 U.S.C.  § 403g","Larson v. Dep't of State, 565 F.3d 857, 865 n.2 (D.C. Cir. 2009); Berman v. CIA, 501 F.3d 1136, 1137-38, 1140 (9th Cir. 2007); Makky v. Chertoff, 489 F. Supp. 2d 421, 442 (D.N.J. 2007), aff'd on other grounds, 541 F.3d 205 (3d Cir. 2008)","Intelligence sources and methods; certain information pertaining to Agency employees, specifically: ""the organization, functions, names, official titles, salaries, or numbers of personnel employed by the Agency""","25"
"U.S. Department of State","Agency Overall","2011","5 U.S.C. App 3 § 7(b)","No","Names of employees who provide information or file complaints to the Inspector General","1"
"U.S. Department of State","Agency Overall","2011","50 U.S.C. § 402 note","Houghton v. NSA, No. 09-4440, 2010 WL 1784058, at *3 (3d Cir. May 5, 2010) (per curiam); Larson v. Dep't of State, 565 F. 3d 857, 868-69 (D.C. Cir. 2009); Founding Church of Scientology v. NSA, 610 F.2d 824-827-28 (D.C. Cir. 1979); Roman v. NSA, No. 07-CV-4502, 2009 WL 303686, at *5-6 (E.D.N.Y. Feb. 9, 2009), summary affirmance granted, 354 F. App'x. 591 (2d Cir. 2009)","Information pertaining to the function or organization of NSA; certain information pertaining to NSA employees","3"
"U.S. Department of State","Agency Overall","2011","50 U.S.C. § 403-1(i)(1)","CIA v. Sims, 471 U.S. 159,167 (1985); Berman v. CIA, 501 F.3d 1136, 1137-38, 1140 (9th Cir. 2007); Wolf v. CIA, 473 F.3d 370, 378, 380 (D.C. Cir. 2007).","Intelligence sources and methods","12"
"U.S. Department of State","Agency Overall","2011","50 U.S.C. Appx § 2170(c)","No","Authority to Review Certain Mergers, Acquisitions, and Takeovers","2"
"U.S. Department of State","Agency Overall","2011","N/A","N/A","N/A","0"
"U.S. Department of State","Agency Overall","2011","10 U.S.C. § 130c","Nat'l Inst. of Military Justice v. DOD, 404 F. Supp. 2d 325, 335-37 (D.D.C. 2005), aff'd on other grounds, 512 F.3d 677 (D.C. Cir. 2008); ACLU v. DOD, 389 F. Supp. 2d 547, 554 (S.D.N.Y. 2005); Gerstein v. DOD, No. 03-5193, slip op. at 8 (N.D. Ca. Dec. 21, 2004).","Certain ""sensitive information of foreign governments"" and certain international organizations","1"
"U.S. Department of State","Agency Overall","2011","42 U.S.C. § 2162","Meeropol v. Smith, No. 75-1121, slip op. at 53-55 (D.D.C. Feb. 29, 1984), aff’d in relevant part & remanded in part on other grounds sub nom, Meeropol v. Meese, 790 F.2d 942 (D.C. Cir. 1986).","“Restricted Data” pertaining to atomic weapons and special nuclear material","1"
"U.S. Department of State","Agency Overall","2011","50 U.S.C.  § 2411(c)","","Information concerning export license applications","2"
"U.S. Department of State","Agency Overall","2011","50 U.S.C. § 1701 note, Pub. L. No. 99-93 section 505","No","Records regarding aribitration of claims before the Iran-United States Claims Tribunal","1"
"Central Intelligence Agency","Agency Overall","2011","50 U.S.C. Section 403g","Halperin v. CIA, 629 F.2d 144 (D.C. Cir. 1980); Minier v. CIA, 88 F.3d 796 (9th Cir. 1996)","E.g., CIA budget information and information relating to the organization, functions, names, official titles, salaries or numbers of personnel employed by CIA, including information relating to intelligence sources and methods.","1746"
"Federal Communications Commission","Agency Overall","2011","5 U.S.C app. Section 107(a) (Ethics in Government Act of 1978","Meyerhoff v. EPA, 958 F.2d 1498, 1500-02 (9th Cir. 1992); Concepcion v. FBI, 606 F. Supp. 2d 14, 33 (D.D.C. 2009).","Financial disclosure information pertaining to certain government employees.","2"
"Federal Communications Commission","Agency Overall","2011","31 U.S.C. Section 3729(c) (False Claims Act)","None -- never litigated.","Records pertaining to financial false claims.","1"
"National Transportation Safety Board","Agency Overall","2011","49 U.S.C. § 1114 (c)(1)","N/A","Any portion of the Cockpit Voice Recorder (CVR) or the portions of the transcipts of the CVR that the Board did not find relevant to an investigation.","2"
"National Transportation Safety Board","Agency Overall","2011","49 U.S.C. § 1114 (f)","N/A","Any information relating to Board participation in foreign aircraft accident, where the country conducting the investigation has not issued its report or two years has not elasped from the date of the accident.","3"
"National Transportation Safety Board","Agency Overall","2011","49 U.S.C. § 1114 (b)(3)","N/A","Voluntarily provided safety-related information if it is not related to the exercise of the NTSB's accident or incident investigation authority and if the NTSB finds that the disclosure would inhibit the voluntary provision of that type of information.","4"
"United States Trade and Development Agency","Agency Overall","2011","26 U.S.C. 6103, 6105","Church of Scientology v. IRS, 484 U.S. 9, 15 (1987) (26 U.S.C. § 6103); Pac. Fisheries, Inc. v. IRS, No. 09-35618, 2010 WL 3611645, at *2 (9th Cir. September 15, 2010) (unpublished disposition); Tax Analysts v. IRS, 217 F. Supp. 2d 23, 27-29 (D.D.C. 2002) (26 U.S.C. § 6105).","Certain tax return information and certain tax convetion information","4"
"United States Trade and Development Agency","Agency Overall","2011","41 U.S.C. 253b(m)(1)","Margolin v. NASA, No. 09CV-00421-LRH-VPC, 2011 WL 1303221, at *6 (D. Nev. Mar. 31, 2011); Hornbostel v. U.S. Dep't of the Interior, 305 F. Supp. 2d 21, 30 (D.D.C. 2003), summary affirmance granted, No. 03-5257, 2004 WL 1900562 (D.C. Cir. Aug. 25, 2004).","Contractor proposals that are in the possession or control of an executive agency and that have not been set forth or incorporated by reference into contracts","3"
"Corporation for National and Community Service (operating as AmeriCorps)","Agency Overall","2011","41 U.S.C. § 253b(m)(1)","Margolin v. NASA, No. 09¬CV-00421-LRH-VPC, 2011 WL 1303221, at *6 (D. Nev. Mar. 31, 2011); Hornbostel v. U.S. Dep't of the Interior, 305 F. Supp. 2d 21, 30 (D.D.C. 2003), summary affirmance granted, No. 03-5257, 2004 WL 1900562 (D.C. Cir. Aug. 25, 2004).","Contractor proposals that are in the possession or control of an executive agency and that have not been set forth or incorporated by reference into contracts","1"
"Corporation for National and Community Service (operating as AmeriCorps)","Agency Overall","2011","IG Act of 1978, Pub. L. No. 95-452 § 7(b)","None","Employee Complaint Information","1"
"Department of Transportation","Agency Overall","2011","49 U.S.C. 40115","N/A","Information harmful to U.S. international aviation negotiation or to any U.S. international air carrier","3"
"Department of Transportation","Agency Overall","2011","49 U.S.C. 40119","Pub. Citizen, Inc. v. FAA, 988 F.2d 186, 194 (D.C. Cir. 1993); Gordon v. FBI, 390 F. Supp. 2d 897, 900 (N.D. Cal. 2004).","Certain information obtained or developed in ensuring transportation security if disclosure of that information would:  constitute an invasion of personal privacy, reveal a trade secret or confidential commercial or financial information, or be detrimental to transportation safety","91"
"Department of Transportation","Agency Overall","2011","49 U.S.C. 46102(c)","N/A","Information pertaining to aviation safety, when required for national defense","1"
"Department of Transportation","Agency Overall","2011","49 U.S.C. 70114","N/A","Commercial space launch activities information covered by FOIA Exemption 4 or designated confidential by the submitter","1"
"Department of Transportation","Agency Overall","2011","49 U.S.C. 40110(e)","N/A","Contract proposal not incorporated into contract","11"
"Department of Transportation","Agency Overall","2011","49 U.S.C. 40123(a)","N/A","Aviation Safety Action Program voluntarily submitted information","48"
"Department of Transportation","Agency Overall","2011","41 U.S.C. 253b(m)(1)","Margolin v. NASA, No. 09-CV-00421-LRH-VPC, 2011 WL 1303221, at *6 (D. Nev. Mar. 31, 2011); Hornbostel v. U.S. Dep't of the Interior, 305 F. Supp. 2d 21, 30 (D.D.C. 2003), summary affirmance granted, No. 03-5257, 2004 WL 1900562 (D.C. Cir. Aug. 25, 2004).","Contractor proposals that are in the possession or control of an executive agency and that have not been set forth or incorporated by reference into contracts","5"
"Department of Transportation","Agency Overall","2011","16 U.S.C. 470w-3","N/A","National historic preservation information","2"
"Department of Transportation","Agency Overall","2011","49 U.S.C. 31143(b)","N/A","Identity of motor carrier safety complainants","82"
"Department of Transportation","Agency Overall","2011","Fed. R. Crim. P. 6(e), enacted by Act of July 30, 1977, Pub. L. No. 95-78, 91 Stat. 319","Sussman v. USMS, 494 F.3d 1106, 1113 (D.C. Dir. 2007); Fund for Constitutional Gov't v. Nat'l Archives & Records Serv., 656 F.2d 856, 867-68 (D.C Cir. 1981); Durham v. U.S. Atty. Gen., No. 06-843, 2008 WL 620744, at *2 (E.D. Tex. Mar. 3, 2008); Cozen O'Connor v. U.S. Dep't of Treasury, 570 F. Supp. 2d 749, 776 (E.D. Pa. 2008).","Certain records pertaining to grand jury proceedings","2"
"Department of Transportation","Agency Overall","2011","49 U.S.C. 46311","N/A","Information from air carrier records","1"
"Farm Credit System Insurance Corporation","Agency Overall","2011","0","N/A","0","0"
"Department of Homeland Security","Agency Overall","2011","5 U.S.C. app. 3 §  7(b)","","Names of employees who provide information or complaints to the Inspector General","1"
"Department of Homeland Security","Agency Overall","2011","6 U.S.C. § 133","","Critical Infrastructure Information","3"
"Department of Homeland Security","Agency Overall","2011","8 U.S.C. § 1202(f) (Immigration and Nationality Act)","Medina-Hincapie v. Dep't of State.  700 F.2d 737, 741-42 (D.C. Cir. 1983); DeLaurentiis v. Haig, 686 F.2d 192, 194 (3d Cir. 1982);  Judicial Watch, Inc. v. U.S. Dep't of State, 650 F. Supp. 2d 28, 33 (D.D.C. 2009); Smith v. DOJ, No. 81-CV-813, 1983 U.S. Dist. LEXIS 10878, at *13-14 (N.D.N.Y. Dec. 13, 1983).","Certain records pertaining to the issuance or refusal of visas to enter the United States","1"
"Department of Homeland Security","Agency Overall","2011","10 U.S.C. § 424","Physicians for Human Rights v. DOD. No. RDB-08-273, 2011 WL 1495942 at *7 (D.D.C. Apr. 19, 2011); Miller v. DOJ, 562 F. Supp. 2d 82, 112 (D.D.C. 2008); Wickwire Gavin, P.C. v. Def. Intelligence Agency, 330 F. Supp 2d 592, 602 (E.D. Va. 2004).","Organization or any function of, and certain information pertaining to, employees of the Defense Intelligence Agency, the National Reconnaissance Office, and the National Geospatial-Intelligence Agency","1"
"Department of Homeland Security","Agency Overall","2011","18 U.S.C. §§ 2510-20","Mendoza v. DEA, No. 07-5006, 2007 U.S. App. LEXIS 22175 (D.C. Cir. Sept. 14, 2007) (per curiam); Lam Lek Chong v. DEA, 929 F.2d 729, 733 (D.C. Cir. 1991); Payne  v. DOJ, No. 96-30840, slip op. at 5-6 (5th Cir. July 11, 1997).","Wiretap requests and the content of any wire, oral, or electronic communication obtained through wiretaps","5"
"Department of Homeland Security","Agency Overall","2011","26 U.S.C. §§ 6103, 6105","Church of Scientology v. IRS, 484 U.S. 9, 15 (1987) (26 U.S.C. § 6103);  Pac. Fisheries, Inc. v. IRS, No. 09-35618, 2010 WL 3611645, at *2 (th Cir. September 15, 2010)(unpublished disposition);  Tax Analysts v. IRS, 217 F. Supp. 2d 23, 27-29 (D.D.C. 2002) (26 U.S.C. § 6105).","Certain tax return information and certain tax convention information","1082"
"Department of Homeland Security","Agency Overall","2011","41 U.S.C. § 253b(m)(1)","Margolin v. NASA, No. 09-CV-00421-LRH-VPC, 2011 WL 1303221, at *6(D.Nev. Mar. 31, 2011); Hornbostel v. U.S. Dep't of the Interior, 305 F. Supp. 2d 21, 30 (D.D.C. 2003), summary affirmance granted, 2004 WL 1900562 (D.C. Cir. Aug. 25, 2004).","Contractor proposals that are in the possession or control of an executive agency and that have not been set forth or incorporated by reference into contracts","28"
"Department of Homeland Security","Agency Overall","2011","41 U.S.C. § 423(a)(1)","Legal & Safety Employer Research, Inc. v. U.S. Dep't of the Army,  No. Civ. S001748, 2001 WL 34098652, at *3-4 (E.D. Cal. 2001) (dictum).","Contractor bid or proposal information; source selection information","5"
"Department of Homeland Security","Agency Overall","2011","46 U.S.C. § 70103(d)","","Security plans and other information related to plans","3"
"Department of Homeland Security","Agency Overall","2011","49 U.S.C. § 114(s)","Tooley v. Bush, No. 06-306, 2006 WL 3783142, at *19 (D.D.C. Dec. 21, 2006), aff'd on other grouds, 586 F. 3d 1006 (D.C. Cir. 2009); Gordon v. FBI, 390 F. Supp. 2d 897, 900 (N.D. Cal. 2004).","Information obtained or developed in carrying out security under the authority of the Aviation and Transportation Act or under chapter 449 of this title","792"
"Department of Homeland Security","Agency Overall","2011","50 U.S.C. § 403g","Larson v. Dep’t of State, 565 F.3d 857, 865 n.2 (D.C. Cir. 2009); Berman v. CIA, 501 F.3d 1136, 1137-38, 1140 (9th Cir. 2007); Makky v. Chertoff, 489 F. Supp. 2d 421, 442 (D.N.J. 2007), aff’d on other grounds, 541 F. 3d 205 (3d Cir. 2008).","Intelligence sources and methods; certain information pertaining to Agency employees, specifically: “the organization, functions, names, official titles, salaries, or numbers of personnel employed by the Agency”","2"
"Department of Homeland Security","Agency Overall","2011","50 U.S.C. app., § 2170(c)","","CFIUS Filing Material","1"
"Department of Homeland Security","Agency Overall","2011","Fed. R. Crim. P. 6(e)","Sussman v. USMS, 494 F.3d 1106, 1113 (D.C. Cir. 2007); Fund for Constitutional Gov't v. Nat'l Archives & Records Serv., 656 F.2d 856, 867-68 (D.C. Cir. 1981); Durham v. U.S. Atty. Gen., No. 06-843, 2008 WL 620744, at *2 (E.D. Tex. Mar. 3, 2008); Cozen O'Connor v. U.S. Dep't of Treasury, 570 F. Supp. 2d 749, 776 (E.D. Pa. 2008).","Certain records pertaining to grand jury proceedings","11"
"Office of National Drug Control Policy","Agency Overall","2011","0","N/A","0","0"
"Defense Nuclear Facilities Safety Board","Agency Overall","2011","N/A","N/A","N/A","0"
"Office of Science and Technology Policy","Agency Overall","2011","50 USC app. 2170(c)","","Material filed with CFIUS","1"
"United States International Trade Commission","Agency Overall","2011","19 U.S.C. 1677(f)","Mudge Rose Guthrie Alexander & Ferdon v. U.S. Int'l Trade Comm'n, 846 F.2d 1527, 1530 (D.C. Cir. 1988)","Certain ""information submitted to the administering authority or the [United States International Trade] Commission which is designated as proprietary by the person submitting the information""","2"
"United States International Trade Commission","Agency Overall","2011","19 U.S.C. 1332(g)","N/A","Confidential Business Information","1"
"Equal Employment Opportunity Commission","Agency Overall","2011","42 U.S.C. Sec. 2000e-5(b), 2000e-8(e) (Civil Rights Act of 1964)","EEOC  v. Associated Dry Goods Corp., 449 U.S. 590 (1981); Frito-Lay v. EEOC, 964 F. Supp. 236, 240-43 (W.D. Ky. 1997); Am. Centennial Ins. Co. v. EEOC, 722 F. Supp. 180, 184 (D.N.J. 1989)","Information pertaining to charges of unlawful employment practices; information obtained by the EEOC in investigating charges of unlawful employment practices including conciliation materials; and specific reports and  information required to be furnished to the EEOC.","2396"
"Equal Employment Opportunity Commission","Agency Overall","2011","42 U.S.C.  Sec. 12117","EEOC  v. Associated Dry Goods Corp., 449 U.S. 590 (1981); Frito-Lay v. EEOC, 964 F. Supp. 236, 240-43 (W.D. Ky. 1997); Am. Centennial Ins. Co. v. EEOC, 722 F. Supp. 180, 184 (D.N.J. 1989)","Information pertaining to charges of unlawful employment practices under the ADA; information obtained by the EEOC in investigating charges of unlawful employment practices including conciliation materials; and specific reports and information required to be furnished to the EEOC.","323"
"Equal Employment Opportunity Commission","Agency Overall","2011","42 U.S.C.  Sec. 2000ff (Section 2 of GINA)","EEOC  v. Associated Dry Goods Corp., 449 U.S. 590 (1981); Frito-Lay v. EEOC, 964 F. Supp. 236, 240-43 (W.D. Ky. 1997); Am. Centennial Ins. Co. v. EEOC, 722 F. Supp. 180, 184 (D.N.J. 1989)","Information pertaining to charges of unlawful employment practices under GINA; information obtained by the EEOC in investigating charges of unlawful employment practices including conciliation materials; and specific reports and  information required to be furnished to the EEOC.","26"
"Federal Housing Finance Agency","Agency Overall","2011","N/A","N/A","N/A","0"
"National Aeronautics and Space Administration","Agency Overall","2011","10 USC § 2305(g)","None cited","Certain contractor proposals","20"
"National Aeronautics and Space Administration","Agency Overall","2011","22 USC § 2751","None cited","Information subject to the Arms Exports Control; Technical data withheld according to regulations establishing lists or categories of technical data that may not be exported, under the Arms Export Control Act.","10"
"National Aeronautics and Space Administration","Agency Overall","2011","15 U.S.C. § 638(j)","","SBIR Program Policy Directive","2"
"National Aeronautics and Space Administration","Agency Overall","2011","16 USC § 470hh","None cited","Information concerning the nature and location of certain archeological resources.","1"
"Federal Retirement Thrift Investment Board","Agency Overall","2011","0","N/A","0","0"
"Overseas Private Investment Corporation","Agency Overall","2011","41 U.S.C. 253b(m)(1)","","Contractor proposals that are in the possession or control of an executive agency that have not been set forth or incorporated by reference into contracts","1"
"Federal Financial Institutions Examination Council","Agency Overall","2011","0","0","0","0"
"Department of Education","Agency Overall","2011","41 U.S.C. § 253b(m)(1)","Margolin v. NASA, No. 09­CV-00421-LRH-VPC, 2011 WL 1303221, at *6 (D. Nev. Mar. 31, 2011); Hornbostel v. U.S. Dep't of the Interior, 305 F. Supp. 2d 21, 30 (D.D.C. 2003), summary affirmance granted, No. 03-5257, 2004 WL 1900562 (D.C. Cir. Aug. 25, 2004).","Contractor Proposals that are in the possession or control of an executive agency and that have not been set forth or incorporated by reference into contracts.","11"
"Department of Education","Agency Overall","2011","5 U.S.C § 574","n/a","Communications relating to proceedings","4"
"Department of Education","Agency Overall","2011","44 U.S.C. § 3541","n/a","Security controls over information resources supporting Federal operations and systems","1"
"Department of Veterans Affairs","Agency Overall","2011","5 U.S.C. app 3 (IG Act)","","Names or employees who provide information or complaints to the Inspector General.","4"
"Department of Veterans Affairs","Agency Overall","2011","41 U.S.C. 253b(m)(1)","Margolin v. NASA, No. 09¬CV-00421-LRH-VPC, 2011 WL 1303221, at *6 (D. Nev. Mar. 31, 2011); Hornbostel v. U.S. Dep't of the Interior, 305 F. Supp. 2d 21, 30 (D.D.C. 2003), summary affirmance granted, No. 03-5257, 2004 WL 1900562 (D.C. Cir. Aug. 25, 2004).","Contractor proposals that are in the possession or control of an executive agency and that have not been set forth or incorporated by reference into contracts","54"
"Department of Veterans Affairs","Agency Overall","2011","38 U.S.C. 5701","Ashton v. VA, No. 99-6018, 1999 WL 753331, at *1 (2d Cir. Sept. 3, 1999) (unpublished disposition).","Records pertaining to any claim filed with the Department for names and addresses of present and former members of the Armed Forces and their dependents","1417"
"Department of Veterans Affairs","Agency Overall","2011","38 U.S.C. 5705","Schulte & Sun-Sentinel Co. v. VA, No. 86-6251, slip op. at 3-4, 12 (S.D. Fla. Feb. 2, 1996).","Records created by VA as part of its medical quality-assurance program; certain other information pertaining to VA's medical quality-assurance program","58"
"Department of Veterans Affairs","Agency Overall","2011","38 U.S.C. 7332","Palmer v. Derwinski, No. 91-197, slip op. at 3-4 (E.D. Ky. June 10, 1992).","Records of the identity, diagnosis, prognosis, or treatment of any patient or subject which are maintained in connection with the performance of any program or activity relating to drug abuse, alcoholism, or alcohol abuse, infection with the human immunodeficiency virus (HIV) or sickle cell anemia","1921"
"Department of Veterans Affairs","Agency Overall","2011","35 U.S.C. 205","","Information pertaining to invention in which the Federal Government owns or may own a right, title, or interest (including a nonexclusive license) for a reasonable time in order for a patent application to be filed.","3"
"Department of Veterans Affairs","Agency Overall","2011","38 U.S.C. 7451","","Information collected in VA nurse and other health-care personnel wage surveys.","1"
"Department of Veterans Affairs","Agency Overall","2011","26 U.S.C. 6103","Church of Scientology v. IRS, 484 U.S. 9, 15 (1987) (26 U.S.C. § 6103)","Certain tax return information and certain tax convention information.","4"
"National Railroad Passenger Corporation","Agency Overall","2011","41 U.S.C. Section 253b(m)(1)","None","Bid proposals not incorporated in contracts","3"
"Institute of Museum and Library Services","Agency Overall","2011","N/A","N/A","N/A","0"
"Surface Transportation Board","Agency Overall","2011","5 U.S.C. 552(b)(2)","U.S. Dept. of Justice v. Reporters Committee, 489 U.S. 749, 773 (1989)","Personal email information","2"
"Surface Transportation Board","Agency Overall","2011","5 U.S.C. 552(b)(5)","Jordan v. DOJ, 591 F.2d 753, 774 (D.C. Cir. 1978)","Internal draft decisions and correspondence","1"
"Surface Transportation Board","Agency Overall","2011","5 U.S.C. 552(b)(6)","None","Personal email information","1"
"Occupational Safety and Health Review Commission","Agency Overall","2011","0","N/A","0","0"
"Securities and Exchange Commission","Agency Overall","2011","15 U.S.C 78x(d)","N","Records from Foreign Securities Authorities","2"
"Securities and Exchange Commission","Agency Overall","2011","15 U.S.C 80b-10(b)","N","Investment Advisors examinations or investigations","3"
"Securities and Exchange Commission","Agency Overall","2011","15 U.S.C 78u-6","N","Information that could identify a whistleblower","4"
"Securities and Exchange Commission","Agency Overall","2011","42 U.S.C 247d-6b(d)","N","Information identifying the location of certain stockpiles","1"
"Department of Justice","Agency Overall","2011","5 U.S.C. app. § 107(a)","Meyerhoff v. EPA, 958 F.2d 1498, 1500-02 (9th Cir. 1992) Concepcion v. FBI, 606 F. Supp. 2d 14, 33 (D.D.C. 2009), renewed motion for summary judgment granted in part on other grounds, 699 F. Supp. 2d 106 (D.D.C. 2010)","Financial disclosure information pertaining to certain government employees","84"
"Department of Justice","Agency Overall","2011","5 U.S.C. § 574","None","Dispute resolution communications","2"
"Department of Justice","Agency Overall","2011","10 U.S.C. § 130b","Hiken v. DOD, 521 F. Supp. 2d 1047, 1062 (N.D. Cal. 2007) O'Keefe v. DOD, 463 F. Supp. 2d 317, 325 (E.D.N.Y. 2006) Windel v. United States, No. A02-306, 2005 WL 846206, at *2 (D. Alaska Apr. 11, 2005)","Personally identifiable information pertaining to members of the armed forces assigned to ""routinely deployable unit[s]"" and certain employees of DOD and DHS","1"
"Department of Justice","Agency Overall","2011","10 U.S.C. § 130c","Nat'l Inst. of Military Justice v. DOD, 404 F. Supp. 2d 325, 335-37 (D.D.C. 2005), aff'd on other grounds, 512 F.3d 677 (D.C. Cir. 2008) ACLU v. DOD, 389 F. Supp. 2d 547, 554 (S.D.N.Y. 2005) Gerstein v. DOD, No. 03-5193, slip op. at 8 (N.D. Ca. Dec. 21, 2004)","Certain ""sensitive information of foreign governments"" and certain international organizations","1"
"Department of Justice","Agency Overall","2011","10 U.S.C. § 424","Physicians for Human Rights v. DOD, No. RDB-08-273, 2011 WL 1495942, at *7 (D.D.C. Apr. 19, 2011) Miller v. DOJ, 562 F. Supp. 2d 82, 112 (D.D.C. 2008) Wickwire Gavin, P.C. v. Def. Intelligence Agency, 330 F. Supp. 2d 592, 602 (E.D. Va. 2004)","Organization or any function of, and certain information pertaining to, employees of the Defense Intelligence Agency, the National Reconnaissance Office, and the National Geospatial-Intelligence Agency","2"
"Department of Justice","Agency Overall","2011","10 U.S.C. § 2305(g)","Margolin v. NASA, No. 09-CV-00421-LRH-VPC, 2011 WL 1303221, at *6 (D. Nev. Mar. 31, 2011) Chesterfield Assocs., Inc. v. U.S. Coast Guard, No. 08-CV-4674, 2009 WL 1406994, at *1-2 (E.D.N.Y. May 19, 2009)","Certain contractor proposals that are not set forth or incorporated into the contract","3"
"Department of Justice","Agency Overall","2011","15 U.S.C. § 18a(h)","Lieberman v. FTC, 771 F.2d 32, 39 n.14 (2d Cir. 1985) (dictum)","Information submitted in connection with the premerger notification provisions of the Hart-Scott-Rodino Antitrust Improvements Act of 1976","6"
"Department of Justice","Agency Overall","2011","15 U.S.C. § 1314(g)","Motion Picture Ass'n of Am. v. DOJ, No. 80 Civ. 6612, slip op. at 1 (S.D.N.Y. Oct. 6, 1981)","""Any documentary material, answers to written interrogatories, or transcripts of oral testimony"" provided pursuant to any demand issued under chapter 34 of title 15 of the United States Code","6"
"Department of Justice","Agency Overall","2011","15 U.S.C. § 4305(d)","None","Information submitted under the National Cooperative Research and Production Act of 1993","1"
"Department of Justice","Agency Overall","2011","18 U.S.C. §§ 2510-20","Mendoza v. DEA, No. 07-5006, 2007 U.S. App. LEXIS 22175, at *2 (D.C. Cir. Sept. 14, 2007) (per curiam) Payne v. DOJ, No. 96-30840, slip op. at 5-6 (5th Cir. July 11, 1997) Lam Lek Chong v. DEA, 929 F.2d 729, 733 (D.C. Cir. 1991)","Wiretap requests and the contents of any wire, oral, or electronic communication obtained through wiretaps","129"
"Department of Justice","Agency Overall","2011","18 U.S.C. § 3123(d)","Jennings v. FBI, No 03-1651, slip op. at 11-12 (D.D.C. May 6, 2004) Riley v. FBI, No. 00-2378, 2002 U.S. Dist. LEXIS 2632, at *5-6 (D.D.C. Feb. 11, 2002) Manna v. DOJ, 815 F. Supp. 798, 812 (D.N.J. 1993), aff'd on other grounds, 51 F.3d 1158 (3d Cir. 1995)","Certain court ""order[s] authorizing or approving the installation and use of a pen register or a trap and trace device""; information pertaining to ""the existence of the pen register or trap and trace device or the existence of the investigation""","35"
"Department of Justice","Agency Overall","2011","18 U.S.C. § 3153","None","Information regarding pre-trial services","5"
"Department of Justice","Agency Overall","2011","18 U.S.C. § 3509(d)","Tampico v. EOUSA, No. 04-2285, slip op. at 8 (D.D.C. Apr. 29, 2005)","Certain records containing identifying information pertaining to children involved in criminal proceedings","3"
"Department of Justice","Agency Overall","2011","18 U.S.C. § 3521(b)(1)(g)","Bonadonna v. DOJ, No. 09-40011-RWZ, 2010 WL 745790, at *1 (D. Mass. Feb. 22, 2010)","""[T]he identity or location of the person relocated or protected, or any other matter concerning the person or the program after weighing [various factors],"" subject to certain exceptions","58"
"Department of Justice","Agency Overall","2011","18 U.S.C. § 5038","None","Juvenile arrest records","5"
"Department of Justice","Agency Overall","2011","26 U.S.C. §§ 6103, 6105","Church of Scientology v. IRS. 484 U.S. 9, 15 (1987) (26 U.S.C. § 6103) Pac. Fisheries, Inc. v. IRS, No. 09-35618, 2010 WL 3611645, at *2 (9th Cir. September 15, 2010) (unpublished disposition) Tax Analysts v. IRS, 217 F. Supp. 2d 23, 27-29 (D.D.C. 2002) (26 U.S.C. § 6105)","Certain tax return information and certain tax convention information","29"
"Department of Justice","Agency Overall","2011","31 U.S.C. § 5319","Hulstein v. DEA, No. 10-4112, 2011 U.S. Dist. LEXIS 25788, at *7-8 (N.D. Iowa Mar. 11, 2011) Berger v. IRS, 487 F. Supp. 2d 482, 496-97 (D.N.J. 2007), aff'd on other grounds, 288 F. App'x 829 (3d Cir. 2008) Sciba v. Bd. of Governors of the Fed. Reserve Sys., No. 04-1011, 2005 WL 3201206, at *6 (D.D.C. Nov. 4, 2005)","Reports pertaining to monetary instrument transactions filed under subchapter II of chapter 53 of title 31 and records of those reports","24"
"Department of Justice","Agency Overall","2011","41 U.S.C. § 253b(m)(1)","Margolin v. NASA, No. 09-CV-00421-LRH-VPC, 2011 WL 1303221, at *6 (D. Nev. Mar. 31, 2011) Hornbostel v. U.S. Dep't of the Interior, 305 F. Supp. 2d 21, 30 (D.D.C. 2003), summary affirmance granted, No. 03-5257, 2004 WL 1900562 (D.C. Cir. Aug. 25, 2004)","Certain contractor proposals that have not been set forth or incorporated by reference into the contract","3"
"Department of Justice","Agency Overall","2011","41 U.S.C. § 423(a)(1)","Legal & Safety Employer Research, Inc. v. U.S. Dep't of the Army, No. Civ. S001748, 2001 WL 34098652, at *3-4 (E.D. Cal. May 4, 2001) (dictum)","Contractor bid or proposal information; source selection information prior to contract award","1"
"Department of Justice","Agency Overall","2011","41 U.S.C. § 4702","None","Certain contractor proposals that have not been set forth or incorporated by reference into the contract","3"
"Department of Justice","Agency Overall","2011","42 U.S.C. § 2000g-2(b)","None","Community Relations Service confidentiality information","2"
"Department of Justice","Agency Overall","2011","42 U.S.C. § 3789g","None","Data received by the Bureau of Justice Statistics and used only for statistical or research purposes","5"
"Department of Justice","Agency Overall","2011","50 U.S.C. § 402 note","Houghton v. NSA, No. 09-4440, 2010 WL 1784058, at *3 (3d Cir. May 5, 2010) (per curiam) Larson v. Dep’t of State, 565 F.3d 857, 868-69 (D.C. Cir. 2009) Founding Church of Scientology v. NSA, 610 F.2d 824, 827-28 (D.C. Cir. 1979) Roman v. NSA, No. 07-CV-4502, 2009 WL 303686, at *5-6 (E.D.N.Y. Feb. 9, 2009), summary affirmance granted, 354 F. App’x. 591 (2d Cir. 2009)","Intelligence-related information","3"
"Department of Justice","Agency Overall","2011","50 U.S.C. § 403g","Larson v. Dep't of State, 565 F. 3d 857, 865 n.2 (D.C. Cir. 2009) Berman v. CIA, 501 F.3d 1136, 1137-38, 1140 (9th Cir. 2007) Makky v. Chertoff, 489 F. Supp. 2d 421, 442 (D.N.J. 2007), aff'd on other grounds, 541 F. 3d 205 (3d Cir. 2008)","Intelligence sources and methods; certain information pertaining to Agency employees, specifically: ""the organization, functions, names, official titles, salaries, or numbers of personnel employed by the Agency""","89"
"Department of Justice","Agency Overall","2011","50 U.S.C. § 403-1(i)(1)","CIA v. Sims, 471 U.S. 159, 167 (1985) Berman v. CIA, 501 F.3d 1136, 1137-38, 1140 (9th Cir. 2007) Wolf v. CIA, 473 F.3d 370, 378, 380 (D.C. Cir. 2007)","Intelligence sources and methods","83"
"Department of Justice","Agency Overall","2011","50 U.S.C. § 1806(b)","None","Electronic surveillance information acquired pursuant to subchapter I of chapter 36 of title 50","1"
"Department of Justice","Agency Overall","2011","Fed. R. Crim. P. 6(e), enacted by Act of July 30, 1977, Pub. L. No. 95-78, 91 Stat. 319 by Act of July 30, 1977,  Pub. L. No. 95-78, 91 Stat. 319","Sussman v. USMS, 494 F.3d 1106, 1113 (D.C. Cir. 2007) Fund for Constitutional Gov't v. Nat'l Archives & Records Serv., 656 F.2d 856, 867-68 (D.C. Cir. 1981) Durham v. U.S. Atty. Gen., No. 06-843, 2008 WL 620744, at *2 (E.D. Tex. Mar. 3, 2008) Cozen O'Connor v. U.S. Dep't of Treasury, 570 F. Supp. 2d 749, 776 (E.D. Pa. 2008)","Certain records pertaining to grand jury proceedings","841"
"Department of Justice","Agency Overall","2011","Pub. L. No. 99-93, 99 Stat. 405","None","Records pertaining to the arbitration of claims before the Iran-United States Claims Tribunal","1"
"Department of Justice","Agency Overall","2011","Pub. L. No. 110-161, 121 Stat. 1844, 1903-04 (2007)","City of Chicago v. U.S. Dep't of the Treasury, 423 F.3d 777, 781-82 (7th Cir. 2005)","Certain firearms database information","208"
"U.S. Commission on Civil Rights","Agency Overall","2011","N/A","N/A","N/A","0"
"Armed Forces Retirement Home","Agency Overall","2011","N/A","N/A","N/A","0"
"Council of the Inspectors General on Integrity and Efficiency","Agency Overall","2011","0","N/A","0","0"
"Office of Management and Budget","Agency Overall","2011","Consolidated Appropriations Act 2010, Pub. L. 111-117","None","Firearms Trace System Database Information","1"
"U.S. Agency for International Development","Agency Overall","2011","26 U.S. C. § 6103","Church of Scientology v. IRS, 484 U.S. 9,15 (1987); Pac. Fisheries, Inc. v. IRS, No. 09-35618, 2010 WL 3611645, at *w (9th Cir. September 15, 2010) (unpublished disposition)","Certain tax return information and certain tax convention information","61"
"U.S. Agency for International Development","Agency Overall","2011","41 U.S.C. § 253b(m)(1)","Margolin v. NASA, No. 09CV-00421-LRH-VPC, 2011 WL 1303221, at *6(D. New.Mar. 31, 2011); Hornbostel v. United States Dep’t of the Interior, 305 F. Supp. 2d 21, 30 (D.D.C. 2003), summary affirmance granted, No. 03-5257, 2004 WL 1900562 (D.C. Cir. Aug. 25, 2004).","Contractor proposals that are in the possession or control of an executive agency and that have not been set forth or incorporated by reference into contracts","6"
"U.S. Agency for International Development","Agency Overall","2011","5 U.S.C. app. § 7(b)","N","Information pertaining to an anonymous source","2"
"Federal Energy Regulatory Commission","Agency Overall","2011","16 U.S.C. 470aa, et seq. (1994) [Specifically 16 U.S.C. 470hh(a)]","None","Archaeological survey data and resource reports.","3"
"Court Services and Offender Supervision Agency","Agency Overall","2011","42 § U.S.C. 290dd-3","","Patient Records","1"
"National Capital Planning Commission","Agency Overall","2011","0","N/A","0","0"
"Office of Special Counsel","Agency Overall","2011","N/A","N/A","N/A","0"
"Merit Systems Protection Board","Agency Overall","2011","0","N/A","0","0"
"National Endowment for the Arts","Agency Overall","2011","20 U.S.C. § 959(c)(4)(B)","N/A","Identities of recent panelists; panelists’ notes and comments","2"
"Federal Mediation and Conciliation Service","Agency Overall","2011","N/A","N/A","N/A","0"
"Millennium Challenge Corporation","Agency Overall","2011","N/A","N/A","N/A","0"
"Department of Defense","Agency Overall","2011","5 USC § 574(j)","N/A","Dispute Resolution Communications between a Neutral and a Party to the Dispute","5"
"Department of Defense","Agency Overall","2011","10 USC § 128","N/A","Unclassified Special Nuclear Weapons Information","9"
"Department of Defense","Agency Overall","2011","10 USC § 130","Newport Aeronautical Sales v. Dep’t of the Air Force, 660 F. Supp. 2d 60, 65 (D.D.C. 2009); Chenkin v. Department of the Army, No. 93-494, 1994 U.S. Dist. LEXIS 20907, at *8 (E.D. Pa. Jan. 14, 1994), aff’d, 61 F.3d 894 (3d Cir. 1995) (unpublished table decision).","Certain technical data with military or space application in the possession of, or under the control of, the Department of Defense","152"
"Department of Defense","Agency Overall","2011","10 USC § 130b","Hiken v. DOD, 521 F. Supp. 2d 1047, 1062(N.D. Cal. 2007); O’Keefe v. DOD, 463 F. Supp. 2d 317, 325 (E.D.N.Y. 2006); Windel v. United States, No. A02-306, 2005 WL 846206, at *2 (D. Alaska Apr. 11, 2005).","Personally identifying information of DoD and Coast Guard personnel in overseas, sensitive or routinely deployable units","858"
"Department of Defense","Agency Overall","2011","10 USC § 130c","Nat’l Inst. Of Military Justice v. DoD 404 F. Supp 2d 325, 335-37 (D.D.C. 2005), aff’d on other grounds, 512 F.3d 677 (D.C. Cir 2008); ACLU v. DOD, 389 F. Supp. 2d 547, 554 (S.D.N.Y. 2005); Gerstein v. DOD, No. 03-5193, slip op. at 8 (N.D. Ca. Dec. 21, 2004).","Certain Sensitive Information of Foreign Governments and International Organizations","52"
"Department of Defense","Agency Overall","2011","10 USC § 424","Physicians for Human Rights v. DOD, No. RDB-08-273, 2011 WS 1495942, at *7 (D.D.C. Apr. 19, 2011); Miller v. DoJ, 562 D. Supp. 2d 82, 112 (D.D.C. 2008). Wickerwire Gavin, P.C. v. Def Intelligence Agency, 330 F. Supp. 2d 592, 602 (E.D. Va. 2004).","Organization or any function of, and certain information pertaining to, employees of DIA, NRO, and NGA","687"
"Department of Defense","Agency Overall","2011","10 USC § 455","N/A","Maps, Charts, and Geodetic Data","14"
"Department of Defense","Agency Overall","2011","10 USC § 457","N/A","Operational files of former National Photographic Interpretation Agency","2"
"Department of Defense","Agency Overall","2011","10 USC § 1102","Goodrich v. Dept of Air Force, 404 F. Supp. 2d 48, 50-51 (D.D.C. 2005); Dayton Newspapers, Inc. v Dep’t of the Air Force, 107 F Supp. 2d 912, 917 (S.D. Ohio 1999).","Medical Quality Assurance Records","39"
"Department of Defense","Agency Overall","2011","10 USC § 1506 (d) & (f)","N/A","Records pertaining to the debriefing of a missing person returned to U.S control","2"
"Department of Defense","Agency Overall","2011","10 USC § 2305 (g)","Margolin v. NASA, No. 09-CV-00421-LRH-VPC, 2011 WL 1303551, at *6 (D. Nev. Mar. 31, 2011); Chesterfield Assocs. Inc. v U.S. Coast Guard, No. 08-CV-4674, 2009 WL 1406994 at *1-2 (E.D.N.Y May 19, 2009).","DoD Contractor Proposals","274"
"Department of Defense","Agency Overall","2011","10 USC § 2371(i)","N/A","Proposals, business plans, or technical information submitted to the DoD as part of a process resulting in awards other than contracts and grants","2"
"Department of Defense","Agency Overall","2011","12 USC § 3403","N/A","Financial Records","7"
"Department of Defense","Agency Overall","2011","16 USC § 470w-3","Hornbostel v. U.S. Dep’t of the Interior, 305 F. Supp. 2d 21, 30 (D.D.C. 2003), summary affirmance granted, No. 03-5257, 2004 WL 1900562 (D.D.Cir Aug. 25, 2004).","National Historic Preservation Information","37"
"Department of Defense","Agency Overall","2011","18 USC § 798(a)","Larson v. Dept of State, 565 F 3d 857, 868-869 (D.C. Cir. 2009);N.Y. Times Co. v. DoD 499 F. Supp. 2d 501, 512 (S.D.N.Y. 2007); Adejumobi v. NSA, No. 07-1237, 2007 WL 4247878, at *3 (M.D. Fla Dec 3, 2007), aff’d per curiam, 287 F. App’x 770 (11th Cir. 2008).","Certain classified information pertaining to the communication intelligence and cytological devices of the United States or any foreign government","427"
"Department of Defense","Agency Overall","2011","18 USC § 3509 (d)","Tampico v. EOUSA, No. 04-2285, slip op. at 8 (D.D.C. Apr. 29, 2005).","Certain records containing identifying information pertaining to children involved in criminal proceedings","1"
"Department of Defense","Agency Overall","2011","22 USC § 2778 (e)","Council for a Livable World v. U.S. Dept. of State, No 96-1807, slip op. at 11 (D.D.C. Jan. 21, 1998), amended (D.D.C Nov. 23, 1998).","Certain information pertaining to export license applications","19"
"Department of Defense","Agency Overall","2011","41 USC § 423","Legal & Safety Employer Research, Inc v. U.S. Dept of Army. No. Civ. S001748, 2001 WL 34098652 at *3-4 (E.D. Cal. May 4, 2001) (dictum).","Contractor bid or proposal information; source selection information","18"
"Department of Defense","Agency Overall","2011","42 USC § 2162(a)","Meeropol v. Smith, No. 75-1121, slip op. at 53-55 (D.D.C. Feb. 29 1984), aff’d in relevant part & remanded in part on other grounds sub nom, Meeropol v. Meese, 790 F.2d 942 (D.C. Cir. 1986).","Information regarding atomic energy: Restricted and Formerly Restricted Data","51"
"Department of Defense","Agency Overall","2011","50 USC § 402 Note Sec 6 P.L.","Houghton v. NSA, No. 09-4440, 2010 WL 1784058, at *3 (3d Cir. May 5, 2010)(per curiam); Larson v. Dept of State, 565 F. 3d 857, 868-869 (D.C. Cir. 2009); Founding Church of Scientology v. NSA, 610 F.2d 824, 827-28 (D.C. Cir. 1979); Roman v. NSA, No. 07-CV-4502, 2009 WL 303686, at *5-6 (E.D.N.Y Feb. 9, 2009), summary affirmance granted, 354 F. App’x. 591 (2d Cir. 2009).","Information pertaining to the functions or information of NSA; certain information pertaining to NSA employees","758"
"Department of Defense","Agency Overall","2011","50 USC § 403 (g)","Larson v. Dept of State, 565 F. 3d 857, 868-869 (D.C. Cir. 2009); Berman v. CIA, 501 F.3d 1136, 1137-38, 1140 (9th Cir. 2007); Makky v Chertoff, 489 F.Supp. 2d 421, 442 (D.N.J. 2007), aff’d on other grounds, 541 F. 3d 205 (3d Cir 2008).","Certain information pertaining to CIA employees, specifically: the organization, functions, names, official titles, salaries, or numbers of personnel employed by the CIA","41"
"Department of Defense","Agency Overall","2011","50 USC § 403-1 (i)(1)","CIA v. Sims, 471 U.S. 159, 167 (1985); Berman v. CIA, 501 F.3d 1136, 1137-38, 1140 (9th Cir. 2007); Wolf v. CIA, 473 F.3d 370, 378, 380 (D.D. Cir. 2007).","Intelligence Sources and Methods","561"
"Department of Defense","Agency Overall","2011","50 USC § 421","N/A","Identities of U.S. Undercover Intelligence Officers, Agents, Informants and Sources","1"
"Department of Defense","Agency Overall","2011","50 USC § 432b","N/A","NSA Operational Files","2"
"Department of Defense","Agency Overall","2011","50 USC §435 Note Sec 1082, P.L. 102-190","N/A","Information concerning US personnel classified as POW/MIA during the Vietnam and Korean Conflicts (“McCain Bill”)","2"
"Department of Defense","Agency Overall","2011","IG Act of 1978, Sec 7(b), P.L. 95-452","N/A","Confidentiality of Employee Complaints to the IG","9"
"Department of Defense","Agency Overall","2011","P.L. 103-236, Sec 533","N/A","Certain  Open Skies Treaty Information","3"
"Inter-American Foundation","Agency Overall","2011","0","N/A","0","0"
"Farm Credit Administration","Agency Overall","2011","0","N/A","0","0"
"American Battle Monuments Commission","Agency Overall","2011","N/A","N/A","N/A","0"
"National Credit Union Administration","Agency Overall","2011","0","N/A","0","0"
"National Archives and Records Administration","Agency Overall","2011","41 U.S.C. 253(b)(m)(1)","Margolin v. NASA, No. 09-CV-00421-LRH-VPC, 2011 WL 1303221, at *6 (D. Nev. Mar 31, 2011); Hornbostel v. U.S. Dep't of Interior, 305 F. Supp. 2d 21, 30 (D.D.C. 2003), summary affirmance granted, No. 03-5257, 2004 WL 1900562 (D.C. Cir. Aug. 25, 2004).","Contractor proposals that are in the possession or control of an executive agency and that have not been set forth or incorporated by reference into contracts.","2"
"National Archives and Records Administration","Agency Overall","2011","42 U.S.C. 2162 (Atomic Energy Act)","Meeropol v. Smith, No. 75-1121, slip op. at 53-55 (D.D.C. Feb. 29, 1984), aff'd in relevant part & remanded in part on other grounds sub nom, Meeropol v. Meese, 790 F.2d 942 (D.C. Cir. 1986).","""Restricted Data"" pertaining to atomic weapons and special nuclear material.","2"
"National Archives and Records Administration","Agency Overall","2011","42 U.S.C. 2168(a)(1)(c) (FRD)","Meeropol v. Smith, No. 75-1121, slip op. at 53-55 (D.D.C. Feb. 29, 1984), aff'd in relevant part & remanded in part on other grounds sub nom, Meeropol v. Meese, 790 F.2d 942 (D.C. Cir. 1986).","Restricted and Formerly Restricted Data (Atomic Energy Act of 1954)","1"
"National Archives and Records Administration","Agency Overall","2011","50 U.S.C. 403(g) (CIA Act of 1949)","Larson v. Dep't of State, 565 F.3d 857, 865 n.2 (D.C. Cir. 2009); Berman v. CIA, 501 F.3d 1136, 1137-38, 1140 (9th Cir. 2007); Makky v. Chertoff, 489 F. Supp. 2d 421, 442 (D.N.J. 2007), aff'd on other grounds, 541 F.3d 205 (3d Cir. 2008).","Intelligence sources and methods; certain information pertaining to Agency employees, specifically: ""the organization, functions, names, official titles, salaries, or numbers of personnel employed by the Agency""","24"
"National Archives and Records Administration","Agency Overall","2011","50 U.S.C. 421 (Intelligence Identies Protection Act of 1982)","None","Identies of US Undercover Intelligence Officers, Agents, Informants and Sources","1"
"National Archives and Records Administration","Agency Overall","2011","Fed. R. Crim. P. 6(e), enacted by Act of July 30, 1977, Pub. L. No. 95-78, 91 Stat. 319","Sussman v. USMS, 494 F.3d 1106, 1113 (D.C. Cir. 2007); Fund for Constitutional Gov't v. Nat'l Archives & Records Serv., 656 F.2d 856, 867-68 (D.C. Cir. 1981); Durham v. U.S. Atty. Gen., No. 06-843, 2008 WL 620744, at *2 (E.D. Tex. Mar. 3, 2008); Cozen O'Connor v. U.S. Dep't of Treasury, 570 F. Supp. 2d 749, 776 (E.D. Pa. 2008).","Certain records pertining to grand jury proceedings.","1"
"Department of Energy","Agency Overall","2011","41 U.S.C. 423 (a)(1)","Legal and Safety Employer Research, Inc. v. U.S. Dep't of the Army, No. Civ. S001748, 2001 WL 34098652, At *3-4 (E.D. Cal. May 4, 2001)(dictum).","Procurement Integrity Act - Agency withheld contractor bid information, proposal information, or source selection information","10"
"Department of Energy","Agency Overall","2011","15 U.S.C. 638(k)(4)","","Company commercialization information","1"
"Department of Energy","Agency Overall","2011","42 U.S.C. 2162","Meeropool v. Smith, No. 75-1121, slip op. at 53-55 (d.D.C. Feb. 29, 1984), aff'd in relevant part & remanded in part on other grounds sub nom, Meeropol v. Meese, 790 F.2d 942 (D.C. Cir. 1986).","Information that is classified as Restricted Data, Formerly Restricted Data, or Unclassified Controlled Nuclear Information.","19"
"Department of Energy","Agency Overall","2011","35 U.S.C. 181","","Patent Information","1"
"Department of Energy","Agency Overall","2011","42 U.S.C. 7256(g)(5)","","Contracts, leases, etc., with public agencies and private organizations and persons","2"
"Department of Energy","Agency Overall","2011","41 U.S.C 253","Hornbostel v. United States Dept. of the Interior, 305 F. supp. 2d 21, 30 (D.D.C. 2003), summary affirmance granted, No. 03-5257, 2004 WL 1900562 (D.C. cir. Aug. 25, 2004).","Contractor proposals, technical, management, and cost proposals submitted in response to the requirements of a solicitation for a competitive proposal.","4"
"Department of Energy","Agency Overall","2011","16 U.S.C. 470hh","Hornbostel v. United States Dept. of the Interior, 305 F. supp. 2d 21, 30 (D.D.C. 2003), summary affirmance granted, No. 03-5257, 2004 WL 1900562 (D.C. cir. Aug. 25, 2004).","Information pertinaing to the nature and location of certain archaeologicial resources.","1"
"Department of Commerce","Agency Overall","2011","50 U.S.C. § app. 2411(c)","Wis. Project on Nuclear Arms Control v. Dep’t of Commerce, 317 F.3d 275, 284 (D.C. Cir. 2003); Times Publ’g Co. v. U.S. Dep’t of Commerce, 236 F.3d 1286, 1292 (11th Cir. 2001).","Information pertaining to license applications under the Export Administration Act","8"
"Department of Commerce","Agency Overall","2011","35 U.S.C. § 122","Irons & Sears v Dann, 606 F.2d 1215, 1219-21 (D.C. Cir. 1979)","Applications for patents; certain information pertaining to applications for patents","7"
"Department of Commerce","Agency Overall","2011","13 U.S.C. §§ 8(b), 9(a)","Baldrige v Shapiro, 455 U.S. 345, 355 (1982)","Certain Census data","35"
"Department of Commerce","Agency Overall","2011","5 U.S.C. app. § 107(a)","Meyerhoff v EPA, 958 F.2d 1498, 1500-02 (9th Cir. 1992); Concepcion v. FBI, 606 F. Supp.2d 14, 33 (D.D.C. 209), renewed motion for summary judgment granted in part on other grounds, 699F.Supp. 2d 106 (D.D.C. 2010)","FinFinancial disclosure information pertaining to certain government employees","1"
"Department of Commerce","Agency Overall","2011","21 U.S.C.§ 331(j)","Anderson v. HHS, 907 F.2d 936, 950-51 (10th Cir. 1990)","Certain information “concerning any method or process which as a trade secret is entitled to protection”","1"
"Department of Commerce","Agency Overall","2011","13 U.S.C. § 301(g)","Afr. Fund v. Mosbacher, No. 92 Civ. 289, 1993 WL 183736, at *5 (S.D.N.Y. May 26, 1993); Young Conservative Found., Inc. v. U.S. Dep’t of Commerce, No. 85-3982, 1987 WL 9244, at *2-3 (D.D.C. Mar. 25, 1987).","Shippers’ export declarations or successor documents","2"
"Department of Commerce","Agency Overall","2011","41 U.S.C. § 253b(m)(1)","Margolin v. NASA, No. 09-CV-00421-LRH-VPC, 2022 WL 1303221, at *6 (D. Nev. Mar. 31, 2011); Hornbostel v U.S. Dep’t of Interior, 305 F. Supp. 2d 21, 30 (D.D.C. 2003), summary affirmance granted, No. 03-5257, 2004 WL 1900562 (D.C. Cir. Aug. 25, 2004).","Contractor proposals that are in the possession or control of an executive agency and that have not been set forth or incorporated by reference into contracts","18"
"Department of Commerce","Agency Overall","2011","16 U.S.C. § 1881(a)","N/A","Statistical information contained in fishery management plans.","11"
"Department of Agriculture","Agency Overall","2011","7 U.S.C. §136i-1","Doe v. Veneman, 380 F.3d 807, 818 (5th Cir. 2004)","Information in connection with the location and the use of pesticides","1"
"Department of Agriculture","Agency Overall","2011","7 U.S.C. §1502 (c )","None","Personal information in connection with policy holder; yield data","11"
"Department of Agriculture","Agency Overall","2011","7 U.S.C. §2011-2036","","Names and other personally identifiable information of SNAP (Food Stamp) recipients and firms participating in program","36"
"Department of Agriculture","Agency Overall","2011","7 U.S.C. §2276","Strunk v. U.S. Dept. of Interior, 752 F.Supp 2d, 39, 44","Respondents' identity and unaggregated survey data","2"
"Department of Agriculture","Agency Overall","2011","7 U.S.C. §7411-7425","None","Confidential communication","1"
"Department of Agriculture","Agency Overall","2011","15 U.S.C. §3710(a)","Pub. Citizens Health Research Group v. NIH, 209 F Supp 2d 37, 43, 51 (DDC 2002); DeLorme Pub Co. Inc. v. NOAA, 917 F Supp 867, 871-72 (D.Me 1996), appeal dismissed per stipulation, No 96-1601 (1st Cir. July 8, 1996).","Trade secrets or commerical or financial information that pertain to cooperative research and development agreements for the purpose of technological and industrial innovation","3"
"Department of Agriculture","Agency Overall","2011","16 U.S.C. § 470(h)(h)","Hornbostel v. U.S. Dep’t of the Interior, 305 F. Supp. 2d 21, 30 (D.D.C. 2003), summary affirmance granted, No. 03-5257, 2004 WL 1900562 (D.C. Cir. Aug. 25, 2004).","Archaeological site maps, cultural resources and historic sites","14"
"Department of Agriculture","Agency Overall","2011","16 U.S.C. § 470 w-3","None","Archaeological site maps, cultural resources and historic sites","14"
"Department of Agriculture","Agency Overall","2011","35 U.S.C. §122","Irons & Sears v. Dann, 606 F2d 1215, 1219-21 (DC Cir. 1979).","Information in connection with the application of patents","1"
"Department of Agriculture","Agency Overall","2011","35 U.S.C. §205","None","Information in connection with a patent prior to the filing of an application","1"
"Department of Agriculture","Agency Overall","2011","41 U.S.C. §253 (b)(m)(1)","Hornbostel v. Dept of the Interior, 305 Fsupp 2d 21 (D.D.C. 2003)","Confidential commercial information including contract proposals","15"
"Department of Agriculture","Agency Overall","2011","42 U.S.C. §1320 d-6(a)","None","Patient medical files","1"
"Department of Agriculture","Agency Overall","2011","7 U.S.C. §8791A(2)(a)","Ctr. for Biological Diversity v. USDA, 626 F. 3d 1113, 1118 (9th Cir. 2010); Zanoni v. USDA, 605 F.Supp. 2d 230, 237-381 (D.D.C. 2009)","Information provided by an agriculture producer or owner of agricultural land in connection with participation in a USDA program and concerning agricultural operations, farming or conservation practices or the land itself; information contained in any type of USDA geospatial information system where producer provided information about agricultural land or operations","90"
"Federal Reserve System","Agency Overall","2011","31 U.S.C. § 5319 (Bank Secrecy Act)","Hulstein v. DEA, No. 10-4112, 2011 U.S. Dist. LEXIS 25788, at *7-8 (N.D. Iowa Mar. 11, 2011); Berger v. IRS, 487 F. Supp. 2d 482, 496-97 (D.N.J. 2007), aff'd on other grounds, 288 F. App'x 829 (3d Cir. 2008), cert. denied, 129 S. Ct. 2789 (U.S. 2009); Sciba v. Bd. of Governors of the Fed. Reserve Sys., No. 04-1011, 2005 WL 3201206, at *6 (D.D.C. Nov. 4, 2005). 35 U.S.C. § 122 (Patent Act) Applications for patents; certain information pertaining to applications for patents Irons & Sears v. Dann, 606","Reports pertaining to monetary instrument transactions filed under subchapter II of chapter 53 of title 31 and records of those reports","3"
"Office of Government Ethics","Agency Overall","2011","5 U.S.C. app. §  107(a)","Meyerhoff v. EPA, 958 F.2d 1498, 1500-02 (9th Cir. 1992); Concepcion v. FBI, 606 F. Supp. 2d 14, 33 (D.D.C. 2009), renewed motion for summary judgment granted in part on other grounds, 699 F. Supp. 2d 106 (D.D.C. 2010).","Financial disclosure information pertaining to certain government employees","6"
"Small Business Administration","Agency Overall","2011","26 U.S.C. § 6103","Church of Scientology v IRS, 484 U.S. 9, 15 (1987)","Certain tax return information","8"
"General Services Administration","Agency Overall","2011","41 U.S.C. § 253b(m)(1)","Margolin v. NASA, No. 09-CV-00421-LRH-VPC, 2011 WL 1303221, at *6 (D. Nev. Mar. 31, 2011); Hornbostel v. U.S. Dep't of the Interior, 305 F. Supp. 2d 21, 30 (D.D.C. 2003), summary affirmance granted, No. 03-5257, 2004 WL 1900562 (D.C. Cir. Aug. 25, 2004).","Contractor proposals that are in the possession or control of an executive agency and that have not been set forth or incorporated by reference into contracts","56"
"National Mediation Board","Agency Overall","2011","0","N/A","0","0"
"Federal Election Commission","Agency Overall","2011","2 U.S.C. sec 437g(a)(12)(A)","Citizens for Responsibility and Ethics in Washington v. FEC, No. 04-1672, slip op. at 5 (D.D.C. May 16, 2005).","Any notification or investigation made under this section of the Federal Election Campaign Act pertaining to federal campaign funds","7"
"Office of Navajo and Hopi Indian Relocation","Agency Overall","2011","0","N/A","0","0"
"National Indian Gaming Commission","Agency Overall","2011","N/A","N/A","N/A","0"
"Administrative Conference of the United States","Agency Overall","2011","0","N/A","0","0"
"Federal Mine Safety and Health Review Commission","Agency Overall","2011","0","N/A","0","0"
"Commodity Futures Trading Commission","Agency Overall","2011","7 U.S.C. §12","Hunt v. CFTC, 484 F. Supp. 47, 49 (D.D.C. 1979)","Data and information that would separately disclose the business transactions of any person and trade secrets or names of customers gathered in the course of the Commissions investigations under the Commodity Exchange Act","16"
"Federal Deposit Insurance Corporation","Agency Overall","2011","N/A","N/A","N/A","0"
"Chemical Safety and Hazard Investigation Board","Agency Overall","2011","None","Not Applicable","Not Applicable","0"
"National Endowment for the Humanities","Agency Overall","2011","5 U.S.C. app. 107(a)","Meyerhoff v. EPA, 958 F.2d 1498, 1500-02 (9th Cir. 1992); Concepcion v. FBI, 606 F. Supp. 2d 14, 33 (D.D.C. 2009), renewed motion for summary judgment granted in part on other grounds, 699 F. Supp. 2d 106 (D.D.C. 2010)","Financial disclosure information pertaining to certain government employees","1"
"Federal Trade Commission","Agency Overall","2011","15 U.S.C. § 46(f), (Federal Trade Commission Act)","Doherty v. FTC, No. 80-0513, 1981 WL 2094, at *3 (D.D.C. June 24, 1981) (15 U.S.C. § 46(f)).","""[A]ny trade secret or any commercial or financial information which is obtained from any person and which is privileged or confidential""","65"
"Federal Trade Commission","Agency Overall","2011","15 U.S.C. 57(b)-2(b)","A. Michael's Piano, Inc. v. FTC, 18 F.3d 138, 143-44 (2d Cir. 1994) (15 U.S.C. § 57b-2); Carter, Fullerton & Hayes, LLC v. FTC, 637 F. Supp. 2d 1, 9 (D.D.C. 2009) (15 U.S.C. § 57b-2); National Educ. Ass'n v. FTC, No. 79-959-S, 1983 WL 1883, at *1 (D. Mass. Sept. 26, 1983) (15 U.S.C. § 57b-2).","Materials received pursuant to compulsory process in a law enforcement investigation.","1"
"Federal Trade Commission","Agency Overall","2011","15 U.S.C. 57(b)-2","Dairymen, Inc. v. FTC, 1980-2 Trade Cas. (CCH) 63,479 (D.D.C. July 9, 1980)","Certain investigative materials received by the FTC and ""provided pursuant to any compulsory process under this subchapter or which is provided voluntarily in place of such compulsory process","125"
"Federal Trade Commission","Agency Overall","2011","15 U.S.C. §18a(h)","Lieberman v. FTC, 771 F.2d 32 (2d Cir. 1985)","Information submitted in connection with the premerger notification provisions of the Hart-Scott-Rodino Antitrust Improvements Act of 1976","15"
"Federal Trade Commission","Agency Overall","2011","21 U.S.C. 355","None","Any information or documentary material that may have been filed pursuant to the pharmaceutical agreement notification.","3"
"Federal Trade Commission","Agency Overall","2011","41 U.S.C. § 253b(m)(1)","Margolin v. NASA, No. 09¬CV-00421-LRH-VPC, 2011 WL 1303221, at *6 (D. Nev. Mar. 31, 2011); Hornbostel v. U.S. Dep't of the Interior, 305 F. Supp. 2d 21, 30 (D.D.C. 2003), summary affirmance granted, No. 03-5257, 2004 WL 1900562 (D.C. Cir. Aug. 25, 2004)","Contractor proposals that are in the possession or control of an executive agency and that have not been set forth or incorporated by reference into contracts","1"
"United States African Development Foundation","Agency Overall","2011","N/A","N/A","N/A","0"
"Nuclear Regulatory Commission","Agency Overall","2011","41 U.S.C. 253b(m)(1)","Margolin v. NASA, No. 09CV-00421-LRH-VPC, 2011 WL 1303221, at *6 (D. Nev. Mar. 31, 2011); Hornbostel v. U.S. Dep't of the Interior, 305 F. Supp. 2d 21, 30 (D.D.C. 2003), summary affirmance granted, No. 03-5257, 2004 WL 1900562 (D.C. Cir. Aug. 25, 2004).","Contractor proposals that are in the possession or control of an executive agency and that have not been set forth or incorporated by reference into contracts","2"
"Nuclear Regulatory Commission","Agency Overall","2011","42 U.S.C. 2167","","Unclassified safeguards information","2"
"Postal Regulatory Commission","Agency Overall","2011","0","N/A","0","0"
"Recovery Accountability and Transparency Board","Agency Overall","2011","41 U.S.C. 253b(m)(1)","Margolin v. NASA, 09-CV-004210LRH-VPC, 2011 WL 1303221, at *6 (D. Nev. Mar. 31, 2011); Hornbostel v. U.S. Dept't of the Interior, 305 F. Supp. 2d 21, 30 (D.D.C. 2003), summary affirmance granted, No. 03-5257, 2004 WL 1900562 (D.C. Cir. Aug. 25, 2004).","Contractor proposals that are in the possession or control of an executive agency and that have not been set forth or incorporated by reference into contracts","1"
"Office of the Director of National Intelligence","Agency Overall","2011","50 U.S.C. section 404-1(i)(1)","CIA v. Sims, 471 U.S. 159, 167 (1985); Berman v. CIA, 501 F.3d 1136, 1137-38, 1140 (9th Cir. 2007); Wolf v. CIA, 473 F.3d 370, 378, 380 (D.C. Cir. 2007)","Intelligence sources and methods","64"
"Office of the Special Inspector General for Afghanistan Reconstruction","Agency Overall","2011","0","N/A","0","0"
"Environmental Protection Agency","Agency Overall","2011","Fed. R. Crim. P. 6(e), enacted by Act of July 30, 1977, Pub. L. No. 95-78, 91 Stat. 319","Sussman v. USMS. 494 F. 3d 1106, 1113 (D.C. Cir. 2007); Fund for Constitutional Gov't v. Nat'l Archives & Records Serv., 656 F. 2d 856, 867-68 (D.C. Cir, 1981); Durham v. U.S. Atty. Gen. No. 06-843, 2008 WL 62744, at *2 (E.D. Tex. Mar. 3, 2008). Cozen O'Connor v. U.S.Dep't  of Treasury, 570 F. Supp, 2d 749, 776 (E.D. Pa. 2008)","Certain records pertaining to grand jury proceedings","2"
"Environmental Protection Agency","Agency Overall","2011","7 U.S.C. § 1361-1 (Federal Insecticide, Fungicide, and Rodenticide Act)","Doe v. Veneman, 380 F. 3d 807, 818 (5th Cir. 2004).","Data ""that would directly or indirectly reveal the identity of individual producers [of certain pesticides]""","11"
"Environmental Protection Agency","Agency Overall","2011","41 U.S.C. § 253b(m)(1)","Margolin v. NASA, No. 09-CV-00421-LRH-VPC, 2011 WL 1303221, at *6 (D. Nev. Mar, 31, 2011); Hornbostel v. U.S. Dep't of the Interior, 305 F. Supp. 2d 21, 30 (D.D.C. 2003), summary affirmance granted, No 03-5257, 2004 WL 1900562 (D.C. Cir. Aug. 25, 2004).","Contractor proposals that are in the possession or control of an executive agency and that have not been set forth or incorporated by reference into contracts","1"
"Social Security Administration","Agency Overall","2011","26 U.S.C. 6103, 6105","Church of Scientology v. IRS, 484 U.S. 9, 15 (1987) (26 U.S.C. § 6103); Pac. Fisheries, Inc. v. IRS, No. 09-35618, 2010 WL 3611645, at *2 (9th Cir. September 15, 2010) (unpublished disposition); Tax Analysts v. IRS, 217 F. Supp. 2d 23, 27-29 (D.D.C. 2002) (26 U.S.C. § 6105).","Certain tax return information and certain tax convention information","50"
"Social Security Administration","Agency Overall","2011","44 U.S.C. 3541, et seq.","","Information security controls and programs that support Federal operations","3"
"Social Security Administration","Agency Overall","2011","41 U.S.C. 253b(m)(1)","Margolin v. NASA, No. 09¬CV-00421-LRH-VPC, 2011 WL 1303221, at *6 (D. Nev. Mar. 31, 2011); Hornbostel v. U.S. Dep't of the Interior, 305 F. Supp. 2d 21, 30 (D.D.C. 2003), summary affirmance granted, No. 03-5257, 2004 WL 1900562 (D.C. Cir. Aug. 25, 2004).","Contract proposals that are in the possession or control of an executive agency and that have not been set forth or incorporated by reference into contracts","2"
"Department of Labor","Agency Overall","2011","Federal Mine Safety and Health Act of 1977, Sestions 103(g)(1), 30 USC 813(g)","None","Complainant Information & Interviews of Miners","5"
"Department of Labor","Agency Overall","2011","41 U.S.C. 253 (b)(1)","Hornbostel v. US Dep't of the Interior, 305 F. Supp. 2d 21, 30 (D.D.C. 2003), summary affirmance granted, No. 03-5257, 2004 Wl 1900562 (D.C. Cir. Aug. 25, 2004)","Contractor Proposals","1"
"Department of Labor","Agency Overall","2011","Fed. R. Crim. P. 6(e), enacted by Act of July 30, 1997, Pub. L. No. 98-78, 91 Stat. 319","Sussman v. USMC, 494 F. 3d 1106, 1113 (D.C. Cir. 2007); Fund for Constitutional Gov't v. NARS, 656 F.2d 856, 867-68 (D.C. Cir. 1981)","Grand Jury Proceedings","2"
"Department of Labor","Agency Overall","2011","Confidential Information Protection and Statistical Efficiency Act of 2002, Title V of Public Law 107-347","","Confidential respondent data","2"
"Department of Labor","Agency Overall","2011","Occupational Safety and Health Act of 1970, 29 USC 666(f)","None","Advance Notice of Inspection","52"
"Federal Open Market Committee","Agency Overall","2011","None","N/A","N/A","0"
"Department of the Interior","Agency Overall","2011","41 USC § 423 (Procurement Integrity Act)","","Procurement info prior to award of a contract.","5"
"Department of the Interior","Agency Overall","2011","41 USC § 253b(m) (Federal Property and Administrative Services Act)","","Certain information in contractor proposals; & proposals of successful bidders.","16"
"Department of the Interior","Agency Overall","2011","16 USC § 4301 (Federal Cave Resources Protection Act)","","Specific location of significant caves.","1"
"Department of the Interior","Agency Overall","2011","16 USC § 470hh(a) (Archaeological Resources Protection Act)","","Descriptions of historical & cultural resources and/or their specific locations.","19"
"Department of the Interior","Agency Overall","2011","16 USC § 5937 (National Parks Omnibus Management Act)","","Nature/location of endangered/threatened/rare or commercially valuable resource, mineral or paleontological objects or objects of cultural patrimony in National Park System.","2"
"Department of the Interior","Agency Overall","2011","5 USC app. 7(b)  (Inspector General Act, as amended)","","Part of an ongoing criminal investigation.","1"
"Department of the Interior","Agency Overall","2011","16 USC § 470w-3 (Nat’l Historic Preservation Act Amendments)","","Location, character or ownership of historic resource.","9"
"Department of the Interior","Agency Overall","2011","25 USC 2103(c) (Indian Mineral Development Act of 1982)","","Related to decision to grant/disapprove Minerals Agreements for Indian tribes.","1"
"Department of the Interior","Agency Overall","2011","18 USC Appendix (Federal Rules of Criminal Procedure 6(e), enacted by Act of July 30, 1977, PL 95-78, 91 Stat. 319)","","Grand jury material re identities of witnesses/ jurors, substance of testimony, strategy or direction of an investigation, juror deliberations/questions.","3"
"National Science Foundation","Agency Overall","2011","35 U.S.C. §122 (Patent Act)","Irons & Sears v. Dann, 606 F.2d 1215, 1219-21 (D.C. Cir. 1979).","Applications for patents; certain information pertaining to applications for patents","13"
"National Science Foundation","Agency Overall","2011","41 U.S.C 253b(m)(1)(National Defense Authorization Act for Fiscal Year 1997)","Hornbostel v. U.S. Dep't of the Interior, 305 F. Supp. 2d 21, 30 (D.D.C. 2003), summary affirmance granted, No. 03-5257, 2004 WL 1900562 (D.C. Cir. Aug. 25, 2004).","Contractor proposals that are in the possession or control of an executive agency and that have not been set forth or incorporated by reference into contracts","1"
"United States Copyright Office","Agency Overall","2011","Copyright Law*","none","copyrighted material","3"
"Consumer Product Safety Commission","Agency Overall","2011","15 U.S.C. 2055(a)(2)","Mulloy v. Consumer Prod. Safety Comm'n, No. C-2-85-645, 1985 U.S. Dist. LEXIS 17194, at **2-5 (S.D. Ohio Aug. 2, 1985)","Trade secret and other confidential business information","203"
"Consumer Product Safety Commission","Agency Overall","2011","15 U.S.C. 2055(b)(1)","Consumer Prod. Safety Comm'n v. GTE Sylvania, Inc., 447 U.S. 102, 122 (1980); and Krugler v. U.S. Consumer Prod. Safety Comm'n, 1:03-CV-1905-JTC (N.D.GA. June 22, 2004), and Reliance Elec. Co. v. Consumer Prod. Saefty Comm'n, 924 F. 2d 274 (D.C. Cir. 1991)","Information that identifies a particular brand name of a consumer product","260"
"Consumer Product Safety Commission","Agency Overall","2011","15 U.S.C. 2055(b)(5)","Reliance Elec. Co. v. Consumer Prod. Safety Comm'n, 924 F.2d 274 (D.C. Cir. 1991)","Informaiton submitted under statutory reporting requirement for certain potentially unsafe consumer products","20"
"Consumer Product Safety Commission","Agency Overall","2011","15 U.S.C. 2055(e)(1)","None","Information submitted under statutory reporting requirement for certain consumer products involved in product liability actions","11"
"Consumer Product Safety Commission","Agency Overall","2011","15 U.S.C. 2074(c )","None","Information that identifies injured persons or those treating injured persons, absent consent","301"
"United States International Boundary and Water Commission","Agency Overall","2011","0","N/A","0","0"