"Agency","Component","Fiscal Year","<1-20 Days","21-40 Days","41-60 Days","61-80 Days","81-100 Days","101-120 Days","121-140 Days","141-160 Days","161-180 Days","181-200 Days","201-300 Days","301-400 Days","401+ Days","Total"
"Department of Health and Human Services","Agency Overall","2011","42243","6181","2512","1593","1341","879","551","294","278","190","606","201","427","57296"
"U.S. Agency for Global Media","Agency Overall","2011","0","0","0","0","0","0","0","0","0","0","0","0","0","0"
"United States Postal Service","Agency Overall","2011","1936","212","38","29","14","9","3","4","0","2","1","0","1","2249"
"Department of the Treasury","Agency Overall","2011","2479","173","57","23","18","21","5","1","1","0","3","1","0","2782"
"Tennessee Valley Authority","Agency Overall","2011","134","0","0","0","0","0","0","0","0","0","0","0","0","134"
"Office of the United States Trade Representative","Agency Overall","2011","12","6","1","0","0","0","0","0","0","0","0","0","0","19"
"Council on Environmental Quality","Agency Overall","2011","8","8","3","0","0","0","0","0","0","0","0","0","0","19"
"Committee for Purchase from People Who Are Blind or Severely Disabled","Agency Overall","2011","14","0","0","0","0","0","0","0","0","0","0","0","0","14"
"Department of Housing and Urban Development","Agency Overall","2011","1442","411","102","62","34","22","20","12","7","6","22","11","6","2157"
"Federal Maritime Commission","Agency Overall","2011","0","0","0","0","0","0","0","0","0","0","0","0","0","0"
"Pension Benefit Guaranty Corporation","Agency Overall","2011","6925","357","66","10","4","1","0","0","1","0","0","0","0","7364"
"Special Inspector General for Iraq Reconstruction","Agency Overall","2011","13","1","0","0","0","0","0","0","0","0","0","0","0","14"
"U.S. Railroad Retirement Board","Agency Overall","2011","94","8","1","0","0","0","1","0","0","0","1","0","0","105"
"Selective Service System","Agency Overall","2011","17","1","0","0","0","0","0","0","0","0","0","0","0","18"
"Export-Import Bank of the U.S.","Agency Overall","2011","34","17","14","3","0","2","1","1","1","0","0","0","0","73"
"U.S. Department of State","Agency Overall","2011","1356","987","606","751","577","2337","1456","1304","1023","1212","5250","341","124","17324"
"Central Intelligence Agency","Agency Overall","2011","1268","195","44","12","14","4","1","2","0","0","8","3","17","1568"
"Federal Communications Commission","Agency Overall","2011","416","117","33","12","5","1","1","2","0","0","4","1","2","594"
"National Transportation Safety Board","Agency Overall","2011","10","9","1","1","0","0","0","0","0","0","0","0","0","21"
"United States Trade and Development Agency","Agency Overall","2011","0","0","0","0","0","0","0","0","0","0","0","0","0","0"
"Corporation for National and Community Service (operating as AmeriCorps)","Agency Overall","2011","37","15","0","1","0","0","0","0","0","0","0","0","0","53"
"Department of Transportation","Agency Overall","2011","6960","1371","696","150","63","33","31","35","31","26","73","56","102","9627"
"Farm Credit System Insurance Corporation","Agency Overall","2011","10","0","0","0","0","0","0","0","0","0","0","0","0","10"
"Department of Homeland Security","Agency Overall","2011","38147","5206","5111","4006","2778","2638","3689","1295","371","179","169","61","1245","64895"
"Office of National Drug Control Policy","Agency Overall","2011","19","0","0","0","0","0","0","0","0","0","0","0","0","19"
"Defense Nuclear Facilities Safety Board","Agency Overall","2011","21","0","0","0","0","0","0","0","0","0","0","0","0","21"
"Office of Science and Technology Policy","Agency Overall","2011","38","1","2","0","0","0","0","0","1","0","0","0","0","42"
"United States International Trade Commission","Agency Overall","2011","24","8","0","0","0","0","0","0","0","0","0","0","0","32"
"Equal Employment Opportunity Commission","Agency Overall","2011","13957","2492","396","100","31","20","9","16","12","9","16","0","0","17058"
"Federal Housing Finance Agency","Agency Overall","2011","64","8","1","2","0","0","0","0","0","0","0","0","0","75"
"National Aeronautics and Space Administration","Agency Overall","2011","319","63","21","9","13","0","1","1","2","0","5","3","1","438"
"Federal Retirement Thrift Investment Board","Agency Overall","2011","19","5","0","0","0","0","0","0","0","0","0","0","0","24"
"Overseas Private Investment Corporation","Agency Overall","2011","0","0","0","0","0","0","0","0","0","0","0","0","0","0"
"Federal Financial Institutions Examination Council","Agency Overall","2011","22","0","0","0","0","0","0","0","0","0","0","0","0","22"
"Department of Education","Agency Overall","2011","962","389","213","58","11","5","13","9","30","19","33","10","1","1753"
"Department of Veterans Affairs","Agency Overall","2011","171","0","0","0","0","0","0","0","0","0","0","0","0","171"
"National Railroad Passenger Corporation","Agency Overall","2011","34","3","2","1","0","0","1","0","0","0","3","0","0","44"
"Institute of Museum and Library Services","Agency Overall","2011","31","1","0","0","0","0","0","0","0","0","0","0","0","32"
"Surface Transportation Board","Agency Overall","2011","37","2","0","0","0","0","0","0","0","0","0","0","0","39"
"Occupational Safety and Health Review Commission","Agency Overall","2011","76","0","0","0","0","0","0","0","0","0","0","0","0","76"
"Securities and Exchange Commission","Agency Overall","2011","9747","1115","337","138","89","44","18","14","12","10","8","3","1","11536"
"Department of Justice","Agency Overall","2011","29539","9792","2735","1309","912","537","462","306","169","172","398","95","43","46469"
"U.S. Commission on Civil Rights","Agency Overall","2011","0","0","0","0","0","0","0","0","0","0","0","0","0","0"
"Armed Forces Retirement Home","Agency Overall","2011","0","2","0","0","0","0","0","0","0","0","0","0","0","2"
"Council of the Inspectors General on Integrity and Efficiency","Agency Overall","2011","17","1","1","0","0","0","0","0","0","0","0","0","0","19"
"Office of Management and Budget","Agency Overall","2011","12","41","28","21","11","22","12","9","4","5","8","0","0","173"
"U.S. Agency for International Development","Agency Overall","2011","20","11","7","4","7","1","2","3","2","1","8","13","6","85"
"Federal Energy Regulatory Commission","Agency Overall","2011","24","16","0","0","0","0","0","0","0","0","0","0","0","40"
"Court Services and Offender Supervision Agency","Agency Overall","2011","243","413","74","17","7","4","1","1","4","2","0","0","0","766"
"National Capital Planning Commission","Agency Overall","2011","17","0","0","0","0","0","0","0","0","0","0","0","0","17"
"Legal Services Corporation","Agency Overall","2011","10","3","4","1","1","1","0","1","1","2","6","3","12","45"
"Office of Special Counsel","Agency Overall","2011","23","1","0","0","0","0","0","0","0","0","0","0","0","24"
"Merit Systems Protection Board","Agency Overall","2011","97","13","0","0","0","0","0","0","0","0","0","0","0","110"
"National Endowment for the Arts","Agency Overall","2011","100","9","4","1","0","0","0","0","0","0","0","0","4","118"
"Federal Mediation and Conciliation Service","Agency Overall","2011","64","1","0","0","0","0","0","0","0","0","0","0","0","65"
"Millennium Challenge Corporation","Agency Overall","2011","25","1","0","0","0","0","0","0","0","0","0","0","0","26"
"Department of Defense","Agency Overall","2011","37934","3580","1178","596","297","186","132","95","81","60","248","169","241","44797"
"Inter-American Foundation","Agency Overall","2011","14","2","0","0","0","0","0","0","0","0","0","0","0","16"
"Farm Credit Administration","Agency Overall","2011","35","0","0","0","0","0","0","0","0","0","0","0","0","35"
"American Battle Monuments Commission","Agency Overall","2011","25","0","0","0","0","0","0","0","0","0","0","0","0","25"
"National Credit Union Administration","Agency Overall","2011","102","17","6","0","1","0","0","0","0","0","0","0","0","126"
"Federal Labor Relations Authority","Agency Overall","2011","80","5","0","1","0","0","0","0","0","0","0","0","0","86"
"National Archives and Records Administration","Agency Overall","2011","15590","543","150","54","29","17","16","13","9","7","17","13","111","16569"
"Department of Energy","Agency Overall","2011","1138","279","81","64","36","23","17","20","12","5","24","11","12","1722"
"Office of Personnel Management","Agency Overall","2011","0","0","0","0","0","0","0","0","0","0","0","0","0","0"
"Department of Commerce","Agency Overall","2011","1041","655","144","70","21","21","10","5","2","5","18","9","13","2014"
"Department of Agriculture","Agency Overall","2011","15446","839","250","108","65","41","31","24","24","18","55","20","27","16948"
"Federal Reserve System","Agency Overall","2011","305","8","0","0","0","0","0","0","0","0","0","0","0","313"
"Office of Government Ethics","Agency Overall","2011","60","11","1","0","0","0","0","0","0","0","0","0","0","72"
"Small Business Administration","Agency Overall","2011","2992","102","14","6","2","0","1","0","0","0","4","0","1","3122"
"General Services Administration","Agency Overall","2011","502","654","321","80","45","27","26","6","4","6","2","2","2","1677"
"National Mediation Board","Agency Overall","2011","5","7","6","3","0","0","0","1","0","0","0","0","0","22"
"Federal Election Commission","Agency Overall","2011","29","25","7","1","3","3","0","1","1","0","2","1","0","73"
"Peace Corps","Agency Overall","2011","65","37","28","12","7","4","2","1","1","0","0","0","0","157"
"Office of Navajo and Hopi Indian Relocation","Agency Overall","2011","120","0","0","0","0","0","0","0","0","0","0","0","0","120"
"National Indian Gaming Commission","Agency Overall","2011","35","12","5","7","1","1","0","0","0","0","1","0","0","62"
"Administrative Conference of the United States","Agency Overall","2011","7","0","0","0","0","0","0","0","0","0","0","0","0","7"
"Federal Mine Safety and Health Review Commission","Agency Overall","2011","174","4","0","0","0","0","0","0","0","0","0","0","0","178"
"Commodity Futures Trading Commission","Agency Overall","2011","71","16","8","8","4","2","4","1","0","0","0","0","0","114"
"National Labor Relations Board","Agency Overall","2011","5620","217","18","2","2","0","0","1","0","0","0","0","0","5860"
"Federal Deposit Insurance Corporation","Agency Overall","2011","1019","178","36","13","3","2","1","0","0","0","0","0","0","1252"
"Chemical Safety and Hazard Investigation Board","Agency Overall","2011","21","0","0","0","0","0","0","0","0","0","0","0","0","21"
"National Endowment for the Humanities","Agency Overall","2011","24","8","0","0","0","0","0","0","0","0","0","0","0","32"
"Federal Trade Commission","Agency Overall","2011","1169","26","5","5","3","1","1","0","0","0","0","0","0","1210"
"United States African Development Foundation","Agency Overall","2011","8","0","0","0","0","0","0","0","0","0","0","0","0","8"
"Nuclear Regulatory Commission","Agency Overall","2011","220","12","4","1","0","0","0","0","0","0","0","0","0","237"
"Postal Regulatory Commission","Agency Overall","2011","24","4","2","0","0","0","0","0","0","0","0","0","0","30"
"Recovery Accountability and Transparency Board","Agency Overall","2011","15","0","0","0","0","0","0","0","0","0","0","0","0","15"
"Office of the Director of National Intelligence","Agency Overall","2011","261","7","6","1","2","2","2","6","3","4","3","24","14","335"
"Office of the Special Inspector General for Afghanistan Reconstruction","Agency Overall","2011","14","3","2","1","0","0","0","0","0","0","0","0","0","20"
"Environmental Protection Agency","Agency Overall","2011","5311","2401","640","366","222","174","358","249","91","37","123","151","91","10214"
"Social Security Administration","Agency Overall","2011","28616","2226","412","205","200","135","1","1","0","0","0","0","0","31796"
"Department of Labor","Agency Overall","2011","7172","982","300","155","76","36","15","13","17","18","25","3","10","8822"
"Federal Open Market Committee","Agency Overall","2011","19","0","0","0","0","0","0","0","0","0","0","0","0","19"
"Department of the Interior","Agency Overall","2011","599","9","3","0","0","0","0","0","0","0","0","0","0","611"
"National Science Foundation","Agency Overall","2011","343","131","18","7","4","3","7","0","2","1","3","0","0","519"
"United States Copyright Office","Agency Overall","2011","30","10","0","0","0","0","0","0","0","0","0","0","0","40"
"Consumer Product Safety Commission","Agency Overall","2011","1701","24","16","21","11","8","3","0","0","2","4","6","5","1801"
"United States International Boundary and Water Commission","Agency Overall","2011","0","0","0","0","0","0","0","0","0","0","0","0","0","0"
"All agencies","Agency Overall","2011","287243","42700","16771","10101","6964","7267","6905","3747","2197","1998","7151","1211","2519","396774"