<?xml version="1.0"?>
<iepd:FoiaAnnualReport xmlns:iepd="http://leisp.usdoj.gov/niem/FoiaAnnualReport/exchange/1.03"
                       xmlns:foia="http://leisp.usdoj.gov/niem/FoiaAnnualReport/extension/1.03" xmlns:i="http://niem.gov/niem/appinfo/2.0"
                       xmlns:j="http://niem.gov/niem/domains/jxdm/4.1" xmlns:nc="http://niem.gov/niem/niem-core/2.0"
                       xmlns:s="http://niem.gov/niem/structures/2.0" xmlns:xsi="http://www.w3.org/2001/XMLSchema-instance"
                       xsi:schemaLocation="http://leisp.usdoj.gov/niem/FoiaAnnualReport/exchange/1.03 ../schema/exchange/FoiaAnnualReport.xsd">
    <nc:DocumentApplicationName nc:applicationVersionText="1.1">FOIA Annual Report Workbook</nc:DocumentApplicationName>
    <nc:DocumentCreationDate>
        <nc:Date>2020-08-24</nc:Date>
    </nc:DocumentCreationDate>
    <nc:DocumentDescriptionText>FOIA Annual Report</nc:DocumentDescriptionText>
    <nc:Organization s:id="ORG0">
        <nc:OrganizationAbbreviationText>USIBWC</nc:OrganizationAbbreviationText>
        <nc:OrganizationName>United States International Boundary and Water Commission</nc:OrganizationName>
    </nc:Organization>
    <foia:DocumentFiscalYearDate>2012</foia:DocumentFiscalYearDate>
    <foia:Exemption3StatuteSection>
        <foia:ReliedUponStatute s:id="ES1">
            <j:StatuteDescriptionText>N/A</j:StatuteDescriptionText>
            <foia:ReliedUponStatuteInformationWithheldText>N/A</foia:ReliedUponStatuteInformationWithheldText>
            <nc:Case>
                <nc:CaseTitleText>N/A</nc:CaseTitleText>
            </nc:Case>
        </foia:ReliedUponStatute>
        <foia:ReliedUponStatuteOrganizationAssociation>
            <foia:ComponentDataReference s:ref="ES1" />
            <nc:OrganizationReference s:ref="ORG0" />
            <foia:ReliedUponStatuteQuantity>0</foia:ReliedUponStatuteQuantity>
        </foia:ReliedUponStatuteOrganizationAssociation>
        <foia:ReliedUponStatuteOrganizationAssociation>
            <foia:ComponentDataReference s:ref="ES1" />
            <nc:OrganizationReference s:ref="ORG0" />
            <foia:ReliedUponStatuteQuantity>0</foia:ReliedUponStatuteQuantity>
        </foia:ReliedUponStatuteOrganizationAssociation>
    </foia:Exemption3StatuteSection>
    <foia:ProcessedRequestSection>
        <foia:ProcessingStatistics s:id="PS1">
            <foia:ProcessingStatisticsPendingAtStartQuantity>2</foia:ProcessingStatisticsPendingAtStartQuantity>
            <foia:ProcessingStatisticsReceivedQuantity>15</foia:ProcessingStatisticsReceivedQuantity>
            <foia:ProcessingStatisticsProcessedQuantity>14</foia:ProcessingStatisticsProcessedQuantity>
            <foia:ProcessingStatisticsPendingAtEndQuantity>3</foia:ProcessingStatisticsPendingAtEndQuantity>
        </foia:ProcessingStatistics>
        <foia:ProcessingStatisticsOrganizationAssociation>
            <foia:ComponentDataReference s:ref="PS1" />
            <nc:OrganizationReference s:ref="ORG0" />
        </foia:ProcessingStatisticsOrganizationAssociation>
    </foia:ProcessedRequestSection>
    <foia:RequestDispositionSection>
        <foia:RequestDisposition s:id="RD1">
            <foia:RequestDispositionFullGrantQuantity>11</foia:RequestDispositionFullGrantQuantity>
            <foia:RequestDispositionPartialGrantQuantity>1</foia:RequestDispositionPartialGrantQuantity>
            <foia:RequestDispositionFullExemptionDenialQuantity>0</foia:RequestDispositionFullExemptionDenialQuantity>
            <foia:NonExemptionDenial>
                <foia:NonExemptionDenialReasonCode>NoRecords</foia:NonExemptionDenialReasonCode>
                <foia:NonExemptionDenialQuantity>2</foia:NonExemptionDenialQuantity>
            </foia:NonExemptionDenial>
            <foia:RequestDispositionTotalQuantity>14</foia:RequestDispositionTotalQuantity>
        </foia:RequestDisposition>
        <foia:RequestDispositionOrganizationAssociation>
            <foia:ComponentDataReference s:ref="RD1" />
            <nc:OrganizationReference s:ref="ORG0" />
        </foia:RequestDispositionOrganizationAssociation>
    </foia:RequestDispositionSection>
    <foia:RequestDenialOtherReasonSection>
        <foia:ComponentOtherDenialReason s:id="CODR1">
            <foia:OtherDenialReason>
                <foia:OtherDenialReasonDescriptionText>N/A</foia:OtherDenialReasonDescriptionText>
                <foia:OtherDenialReasonQuantity>0</foia:OtherDenialReasonQuantity>
            </foia:OtherDenialReason>
            <foia:ComponentOtherDenialReasonQuantity>0</foia:ComponentOtherDenialReasonQuantity>
        </foia:ComponentOtherDenialReason>
        <foia:OtherDenialReasonOrganizationAssociation>
            <foia:ComponentDataReference s:ref="CODR1" />
            <nc:OrganizationReference s:ref="ORG0" />
        </foia:OtherDenialReasonOrganizationAssociation>
    </foia:RequestDenialOtherReasonSection>
    <foia:RequestDispositionAppliedExemptionsSection>
        <foia:ComponentAppliedExemptions s:id="RDE1">
            <foia:AppliedExemption>
                <foia:AppliedExemptionCode>Ex. 2</foia:AppliedExemptionCode>
                <foia:AppliedExemptionQuantity>1</foia:AppliedExemptionQuantity>
            </foia:AppliedExemption>
            <foia:AppliedExemption>
                <foia:AppliedExemptionCode>Ex. 5</foia:AppliedExemptionCode>
                <foia:AppliedExemptionQuantity>1</foia:AppliedExemptionQuantity>
            </foia:AppliedExemption>
            <foia:AppliedExemption>
                <foia:AppliedExemptionCode>Ex. 6</foia:AppliedExemptionCode>
                <foia:AppliedExemptionQuantity>1</foia:AppliedExemptionQuantity>
            </foia:AppliedExemption>
        </foia:ComponentAppliedExemptions>
        <foia:ComponentAppliedExemptionsOrganizationAssociation>
            <foia:ComponentDataReference s:ref="RDE1" />
            <nc:OrganizationReference s:ref="ORG0" />
        </foia:ComponentAppliedExemptionsOrganizationAssociation>
    </foia:RequestDispositionAppliedExemptionsSection>
    <foia:ProcessedAppealSection>
        <foia:ProcessingStatistics s:id="PA1">
            <foia:ProcessingStatisticsPendingAtStartQuantity>0</foia:ProcessingStatisticsPendingAtStartQuantity>
            <foia:ProcessingStatisticsReceivedQuantity>0</foia:ProcessingStatisticsReceivedQuantity>
            <foia:ProcessingStatisticsProcessedQuantity>0</foia:ProcessingStatisticsProcessedQuantity>
            <foia:ProcessingStatisticsPendingAtEndQuantity>0</foia:ProcessingStatisticsPendingAtEndQuantity>
        </foia:ProcessingStatistics>
        <foia:ProcessingStatisticsOrganizationAssociation>
            <foia:ComponentDataReference s:ref="PA1" />
            <nc:OrganizationReference s:ref="ORG0" />
        </foia:ProcessingStatisticsOrganizationAssociation>
    </foia:ProcessedAppealSection>
    <foia:AppealDispositionSection>
        <foia:AppealDisposition s:id="AD1">
            <foia:AppealDispositionAffirmedQuantity>0</foia:AppealDispositionAffirmedQuantity>
            <foia:AppealDispositionPartialQuantity>0</foia:AppealDispositionPartialQuantity>
            <foia:AppealDispositionReversedQuantity>0</foia:AppealDispositionReversedQuantity>
            <foia:AppealDispositionOtherQuantity>0</foia:AppealDispositionOtherQuantity>
            <foia:AppealDispositionTotalQuantity>0</foia:AppealDispositionTotalQuantity>
        </foia:AppealDisposition>
        <foia:AppealDispositionOrganizationAssociation>
            <foia:ComponentDataReference s:ref="AD1" />
            <nc:OrganizationReference s:ref="ORG0" />
        </foia:AppealDispositionOrganizationAssociation>
    </foia:AppealDispositionSection>
    <foia:AppealDispositionAppliedExemptionsSection>
        <foia:ComponentAppliedExemptions s:id="ADE1" />
        <foia:ComponentAppliedExemptionsOrganizationAssociation>
            <foia:ComponentDataReference s:ref="ADE1" />
            <nc:OrganizationReference s:ref="ORG0" />
        </foia:ComponentAppliedExemptionsOrganizationAssociation>
    </foia:AppealDispositionAppliedExemptionsSection>
    <foia:AppealNonExemptionDenialSection>
        <foia:AppealNonExemptionDenial s:id="ANE1" />
        <foia:AppealNonExemptionDenialOrganizationAssociation>
            <foia:ComponentDataReference s:ref="ANE1" />
            <nc:OrganizationReference s:ref="ORG0" />
        </foia:AppealNonExemptionDenialOrganizationAssociation>
    </foia:AppealNonExemptionDenialSection>
    <foia:AppealDenialOtherReasonSection>
        <foia:ComponentOtherDenialReason s:id="ADOR1">
            <foia:OtherDenialReason>
                <foia:OtherDenialReasonDescriptionText>N/A</foia:OtherDenialReasonDescriptionText>
                <foia:OtherDenialReasonQuantity>0</foia:OtherDenialReasonQuantity>
            </foia:OtherDenialReason>
            <foia:ComponentOtherDenialReasonQuantity>0</foia:ComponentOtherDenialReasonQuantity>
        </foia:ComponentOtherDenialReason>
        <foia:OtherDenialReasonOrganizationAssociation>
            <foia:ComponentDataReference s:ref="ADOR1" />
            <nc:OrganizationReference s:ref="ORG0" />
        </foia:OtherDenialReasonOrganizationAssociation>
    </foia:AppealDenialOtherReasonSection>
    <foia:AppealResponseTimeSection>
        <foia:ResponseTime s:id="ART1">
            <foia:ResponseTimeMedianDaysValue>0.0000</foia:ResponseTimeMedianDaysValue>
            <foia:ResponseTimeAverageDaysValue>0.0000</foia:ResponseTimeAverageDaysValue>
            <foia:ResponseTimeLowestDaysValue>0.0000</foia:ResponseTimeLowestDaysValue>
            <foia:ResponseTimeHighestDaysValue>0.0000</foia:ResponseTimeHighestDaysValue>
        </foia:ResponseTime>
        <foia:ResponseTimeOrganizationAssociation>
            <foia:ComponentDataReference s:ref="ART1" />
            <nc:OrganizationReference s:ref="ORG0" />
        </foia:ResponseTimeOrganizationAssociation>
    </foia:AppealResponseTimeSection>
    <foia:OldestPendingAppealSection>
        <foia:OldestPendingItems s:id="OPA1" />
        <foia:OldestPendingItemsOrganizationAssociation>
            <foia:ComponentDataReference s:ref="OPA1" />
            <nc:OrganizationReference s:ref="ORG0" />
        </foia:OldestPendingItemsOrganizationAssociation>
    </foia:OldestPendingAppealSection>
    <foia:ProcessedResponseTimeSection>
        <foia:ProcessedResponseTime s:id="PRT1">
            <foia:SimpleResponseTime>
                <foia:ResponseTimeMedianDaysValue>5</foia:ResponseTimeMedianDaysValue>
                <foia:ResponseTimeAverageDaysValue>5.6</foia:ResponseTimeAverageDaysValue>
                <foia:ResponseTimeLowestDaysValue>1</foia:ResponseTimeLowestDaysValue>
                <foia:ResponseTimeHighestDaysValue>12</foia:ResponseTimeHighestDaysValue>
            </foia:SimpleResponseTime>
            <foia:ComplexResponseTime>
                <foia:ResponseTimeMedianDaysValue>30</foia:ResponseTimeMedianDaysValue>
                <foia:ResponseTimeAverageDaysValue>31.9</foia:ResponseTimeAverageDaysValue>
                <foia:ResponseTimeLowestDaysValue>14</foia:ResponseTimeLowestDaysValue>
                <foia:ResponseTimeHighestDaysValue>62</foia:ResponseTimeHighestDaysValue>
            </foia:ComplexResponseTime>
            <foia:ExpeditedResponseTime>
                <foia:ResponseTimeMedianDaysValue>0.0000</foia:ResponseTimeMedianDaysValue>
                <foia:ResponseTimeAverageDaysValue>0.0000</foia:ResponseTimeAverageDaysValue>
                <foia:ResponseTimeLowestDaysValue>0.0000</foia:ResponseTimeLowestDaysValue>
                <foia:ResponseTimeHighestDaysValue>0.0000</foia:ResponseTimeHighestDaysValue>
            </foia:ExpeditedResponseTime>
        </foia:ProcessedResponseTime>
        <foia:ProcessedResponseTimeOrganizationAssociation>
            <foia:ComponentDataReference s:ref="PRT1" />
            <nc:OrganizationReference s:ref="ORG0" />
        </foia:ProcessedResponseTimeOrganizationAssociation>
    </foia:ProcessedResponseTimeSection>
    <foia:InformationGrantedResponseTimeSection>
        <foia:ProcessedResponseTime s:id="IGR1">
            <foia:SimpleResponseTime>
                <foia:ResponseTimeMedianDaysValue>5</foia:ResponseTimeMedianDaysValue>
                <foia:ResponseTimeAverageDaysValue>6.2</foia:ResponseTimeAverageDaysValue>
                <foia:ResponseTimeLowestDaysValue>1</foia:ResponseTimeLowestDaysValue>
                <foia:ResponseTimeHighestDaysValue>12</foia:ResponseTimeHighestDaysValue>
            </foia:SimpleResponseTime>
            <foia:ComplexResponseTime>
                <foia:ResponseTimeMedianDaysValue>30</foia:ResponseTimeMedianDaysValue>
                <foia:ResponseTimeAverageDaysValue>31.9</foia:ResponseTimeAverageDaysValue>
                <foia:ResponseTimeLowestDaysValue>14</foia:ResponseTimeLowestDaysValue>
                <foia:ResponseTimeHighestDaysValue>62</foia:ResponseTimeHighestDaysValue>
            </foia:ComplexResponseTime>
            <foia:ExpeditedResponseTime>
                <foia:ResponseTimeMedianDaysValue>0.0000</foia:ResponseTimeMedianDaysValue>
                <foia:ResponseTimeAverageDaysValue>0.0000</foia:ResponseTimeAverageDaysValue>
                <foia:ResponseTimeLowestDaysValue>0.0000</foia:ResponseTimeLowestDaysValue>
                <foia:ResponseTimeHighestDaysValue>0.0000</foia:ResponseTimeHighestDaysValue>
            </foia:ExpeditedResponseTime>
        </foia:ProcessedResponseTime>
        <foia:ProcessedResponseTimeOrganizationAssociation>
            <foia:ComponentDataReference s:ref="IGR1" />
            <nc:OrganizationReference s:ref="ORG0" />
        </foia:ProcessedResponseTimeOrganizationAssociation>
    </foia:InformationGrantedResponseTimeSection>
    <foia:SimpleResponseTimeIncrementsSection>
        <foia:ComponentResponseTimeIncrements s:id="SRT1">
            <foia:TimeIncrement>
                <foia:TimeIncrementCode>1-20</foia:TimeIncrementCode>
                <foia:TimeIncrementProcessedQuantity>7</foia:TimeIncrementProcessedQuantity>
            </foia:TimeIncrement>
            <foia:TimeIncrement>
                <foia:TimeIncrementCode>21-40</foia:TimeIncrementCode>
                <foia:TimeIncrementProcessedQuantity>0</foia:TimeIncrementProcessedQuantity>
            </foia:TimeIncrement>
            <foia:TimeIncrement>
                <foia:TimeIncrementCode>41-60</foia:TimeIncrementCode>
                <foia:TimeIncrementProcessedQuantity>0</foia:TimeIncrementProcessedQuantity>
            </foia:TimeIncrement>
            <foia:TimeIncrement>
                <foia:TimeIncrementCode>61-80</foia:TimeIncrementCode>
                <foia:TimeIncrementProcessedQuantity>0</foia:TimeIncrementProcessedQuantity>
            </foia:TimeIncrement>
            <foia:TimeIncrement>
                <foia:TimeIncrementCode>81-100</foia:TimeIncrementCode>
                <foia:TimeIncrementProcessedQuantity>0</foia:TimeIncrementProcessedQuantity>
            </foia:TimeIncrement>
            <foia:TimeIncrement>
                <foia:TimeIncrementCode>101-120</foia:TimeIncrementCode>
                <foia:TimeIncrementProcessedQuantity>0</foia:TimeIncrementProcessedQuantity>
            </foia:TimeIncrement>
            <foia:TimeIncrement>
                <foia:TimeIncrementCode>121-140</foia:TimeIncrementCode>
                <foia:TimeIncrementProcessedQuantity>0</foia:TimeIncrementProcessedQuantity>
            </foia:TimeIncrement>
            <foia:TimeIncrement>
                <foia:TimeIncrementCode>141-160</foia:TimeIncrementCode>
                <foia:TimeIncrementProcessedQuantity>0</foia:TimeIncrementProcessedQuantity>
            </foia:TimeIncrement>
            <foia:TimeIncrement>
                <foia:TimeIncrementCode>161-180</foia:TimeIncrementCode>
                <foia:TimeIncrementProcessedQuantity>0</foia:TimeIncrementProcessedQuantity>
            </foia:TimeIncrement>
            <foia:TimeIncrement>
                <foia:TimeIncrementCode>181-200</foia:TimeIncrementCode>
                <foia:TimeIncrementProcessedQuantity>0</foia:TimeIncrementProcessedQuantity>
            </foia:TimeIncrement>
            <foia:TimeIncrement>
                <foia:TimeIncrementCode>201-300</foia:TimeIncrementCode>
                <foia:TimeIncrementProcessedQuantity>0</foia:TimeIncrementProcessedQuantity>
            </foia:TimeIncrement>
            <foia:TimeIncrement>
                <foia:TimeIncrementCode>301-400</foia:TimeIncrementCode>
                <foia:TimeIncrementProcessedQuantity>0</foia:TimeIncrementProcessedQuantity>
            </foia:TimeIncrement>
            <foia:TimeIncrement>
                <foia:TimeIncrementCode>401+</foia:TimeIncrementCode>
                <foia:TimeIncrementProcessedQuantity>0</foia:TimeIncrementProcessedQuantity>
            </foia:TimeIncrement>
            <foia:TimeIncrementTotalQuantity>7</foia:TimeIncrementTotalQuantity>
        </foia:ComponentResponseTimeIncrements>
        <foia:ResponseTimeIncrementsOrganizationAssociation>
            <foia:ComponentDataReference s:ref="SRT1" />
            <nc:OrganizationReference s:ref="ORG0" />
        </foia:ResponseTimeIncrementsOrganizationAssociation>
    </foia:SimpleResponseTimeIncrementsSection>
    <foia:ComplexResponseTimeIncrementsSection>
        <foia:ComponentResponseTimeIncrements s:id="CRT1">
            <foia:TimeIncrement>
                <foia:TimeIncrementCode>1-20</foia:TimeIncrementCode>
                <foia:TimeIncrementProcessedQuantity>1</foia:TimeIncrementProcessedQuantity>
            </foia:TimeIncrement>
            <foia:TimeIncrement>
                <foia:TimeIncrementCode>21-40</foia:TimeIncrementCode>
                <foia:TimeIncrementProcessedQuantity>5</foia:TimeIncrementProcessedQuantity>
            </foia:TimeIncrement>
            <foia:TimeIncrement>
                <foia:TimeIncrementCode>41-60</foia:TimeIncrementCode>
                <foia:TimeIncrementProcessedQuantity>0</foia:TimeIncrementProcessedQuantity>
            </foia:TimeIncrement>
            <foia:TimeIncrement>
                <foia:TimeIncrementCode>61-80</foia:TimeIncrementCode>
                <foia:TimeIncrementProcessedQuantity>1</foia:TimeIncrementProcessedQuantity>
            </foia:TimeIncrement>
            <foia:TimeIncrement>
                <foia:TimeIncrementCode>81-100</foia:TimeIncrementCode>
                <foia:TimeIncrementProcessedQuantity>0</foia:TimeIncrementProcessedQuantity>
            </foia:TimeIncrement>
            <foia:TimeIncrement>
                <foia:TimeIncrementCode>101-120</foia:TimeIncrementCode>
                <foia:TimeIncrementProcessedQuantity>0</foia:TimeIncrementProcessedQuantity>
            </foia:TimeIncrement>
            <foia:TimeIncrement>
                <foia:TimeIncrementCode>121-140</foia:TimeIncrementCode>
                <foia:TimeIncrementProcessedQuantity>0</foia:TimeIncrementProcessedQuantity>
            </foia:TimeIncrement>
            <foia:TimeIncrement>
                <foia:TimeIncrementCode>141-160</foia:TimeIncrementCode>
                <foia:TimeIncrementProcessedQuantity>0</foia:TimeIncrementProcessedQuantity>
            </foia:TimeIncrement>
            <foia:TimeIncrement>
                <foia:TimeIncrementCode>161-180</foia:TimeIncrementCode>
                <foia:TimeIncrementProcessedQuantity>0</foia:TimeIncrementProcessedQuantity>
            </foia:TimeIncrement>
            <foia:TimeIncrement>
                <foia:TimeIncrementCode>181-200</foia:TimeIncrementCode>
                <foia:TimeIncrementProcessedQuantity>0</foia:TimeIncrementProcessedQuantity>
            </foia:TimeIncrement>
            <foia:TimeIncrement>
                <foia:TimeIncrementCode>201-300</foia:TimeIncrementCode>
                <foia:TimeIncrementProcessedQuantity>0</foia:TimeIncrementProcessedQuantity>
            </foia:TimeIncrement>
            <foia:TimeIncrement>
                <foia:TimeIncrementCode>301-400</foia:TimeIncrementCode>
                <foia:TimeIncrementProcessedQuantity>0</foia:TimeIncrementProcessedQuantity>
            </foia:TimeIncrement>
            <foia:TimeIncrement>
                <foia:TimeIncrementCode>401+</foia:TimeIncrementCode>
                <foia:TimeIncrementProcessedQuantity>0</foia:TimeIncrementProcessedQuantity>
            </foia:TimeIncrement>
            <foia:TimeIncrementTotalQuantity>7</foia:TimeIncrementTotalQuantity>
        </foia:ComponentResponseTimeIncrements>
        <foia:ResponseTimeIncrementsOrganizationAssociation>
            <foia:ComponentDataReference s:ref="CRT1" />
            <nc:OrganizationReference s:ref="ORG0" />
        </foia:ResponseTimeIncrementsOrganizationAssociation>
    </foia:ComplexResponseTimeIncrementsSection>
    <foia:ExpeditedResponseTimeIncrementsSection>
        <foia:ComponentResponseTimeIncrements s:id="ERT1">
            <foia:TimeIncrement>
                <foia:TimeIncrementCode>1-20</foia:TimeIncrementCode>
                <foia:TimeIncrementProcessedQuantity>0</foia:TimeIncrementProcessedQuantity>
            </foia:TimeIncrement>
            <foia:TimeIncrement>
                <foia:TimeIncrementCode>21-40</foia:TimeIncrementCode>
                <foia:TimeIncrementProcessedQuantity>0</foia:TimeIncrementProcessedQuantity>
            </foia:TimeIncrement>
            <foia:TimeIncrement>
                <foia:TimeIncrementCode>41-60</foia:TimeIncrementCode>
                <foia:TimeIncrementProcessedQuantity>0</foia:TimeIncrementProcessedQuantity>
            </foia:TimeIncrement>
            <foia:TimeIncrement>
                <foia:TimeIncrementCode>61-80</foia:TimeIncrementCode>
                <foia:TimeIncrementProcessedQuantity>0</foia:TimeIncrementProcessedQuantity>
            </foia:TimeIncrement>
            <foia:TimeIncrement>
                <foia:TimeIncrementCode>81-100</foia:TimeIncrementCode>
                <foia:TimeIncrementProcessedQuantity>0</foia:TimeIncrementProcessedQuantity>
            </foia:TimeIncrement>
            <foia:TimeIncrement>
                <foia:TimeIncrementCode>101-120</foia:TimeIncrementCode>
                <foia:TimeIncrementProcessedQuantity>0</foia:TimeIncrementProcessedQuantity>
            </foia:TimeIncrement>
            <foia:TimeIncrement>
                <foia:TimeIncrementCode>121-140</foia:TimeIncrementCode>
                <foia:TimeIncrementProcessedQuantity>0</foia:TimeIncrementProcessedQuantity>
            </foia:TimeIncrement>
            <foia:TimeIncrement>
                <foia:TimeIncrementCode>141-160</foia:TimeIncrementCode>
                <foia:TimeIncrementProcessedQuantity>0</foia:TimeIncrementProcessedQuantity>
            </foia:TimeIncrement>
            <foia:TimeIncrement>
                <foia:TimeIncrementCode>161-180</foia:TimeIncrementCode>
                <foia:TimeIncrementProcessedQuantity>0</foia:TimeIncrementProcessedQuantity>
            </foia:TimeIncrement>
            <foia:TimeIncrement>
                <foia:TimeIncrementCode>181-200</foia:TimeIncrementCode>
                <foia:TimeIncrementProcessedQuantity>0</foia:TimeIncrementProcessedQuantity>
            </foia:TimeIncrement>
            <foia:TimeIncrement>
                <foia:TimeIncrementCode>201-300</foia:TimeIncrementCode>
                <foia:TimeIncrementProcessedQuantity>0</foia:TimeIncrementProcessedQuantity>
            </foia:TimeIncrement>
            <foia:TimeIncrement>
                <foia:TimeIncrementCode>301-400</foia:TimeIncrementCode>
                <foia:TimeIncrementProcessedQuantity>0</foia:TimeIncrementProcessedQuantity>
            </foia:TimeIncrement>
            <foia:TimeIncrement>
                <foia:TimeIncrementCode>401+</foia:TimeIncrementCode>
                <foia:TimeIncrementProcessedQuantity>0</foia:TimeIncrementProcessedQuantity>
            </foia:TimeIncrement>
            <foia:TimeIncrementTotalQuantity>0</foia:TimeIncrementTotalQuantity>
        </foia:ComponentResponseTimeIncrements>
        <foia:ResponseTimeIncrementsOrganizationAssociation>
            <foia:ComponentDataReference s:ref="ERT1" />
            <nc:OrganizationReference s:ref="ORG0" />
        </foia:ResponseTimeIncrementsOrganizationAssociation>
    </foia:ExpeditedResponseTimeIncrementsSection>
    <foia:PendingPerfectedRequestsSection>
        <foia:PendingPerfectedRequests s:id="PPR1">
            <foia:SimplePendingRequestStatistics>
                <foia:PendingRequestQuantity>0</foia:PendingRequestQuantity>
            </foia:SimplePendingRequestStatistics>
            <foia:ComplexPendingRequestStatistics>
                <foia:PendingRequestQuantity>3</foia:PendingRequestQuantity>
                <foia:PendingRequestMedianDaysValue>30</foia:PendingRequestMedianDaysValue>
                <foia:PendingRequestAverageDaysValue>36.3</foia:PendingRequestAverageDaysValue>
            </foia:ComplexPendingRequestStatistics>
            <foia:ExpeditedPendingRequestStatistics>
                <foia:PendingRequestQuantity>0</foia:PendingRequestQuantity>
            </foia:ExpeditedPendingRequestStatistics>
        </foia:PendingPerfectedRequests>
        <foia:PendingPerfectedRequestsOrganizationAssociation>
            <foia:ComponentDataReference s:ref="PPR1" />
            <nc:OrganizationReference s:ref="ORG0" />
        </foia:PendingPerfectedRequestsOrganizationAssociation>
    </foia:PendingPerfectedRequestsSection>
    <foia:OldestPendingRequestSection>
        <foia:OldestPendingItems s:id="OPR1">
            <foia:OldItem>
                <foia:OldItemReceiptDate>2012-08-07</foia:OldItemReceiptDate>
                <foia:OldItemPendingDaysQuantity>30</foia:OldItemPendingDaysQuantity>
            </foia:OldItem>
            <foia:OldItem>
                <foia:OldItemReceiptDate>2012-09-04</foia:OldItemReceiptDate>
                <foia:OldItemPendingDaysQuantity>10</foia:OldItemPendingDaysQuantity>
            </foia:OldItem>
            <foia:OldItem>
                <foia:OldItemReceiptDate>2012-09-06</foia:OldItemReceiptDate>
                <foia:OldItemPendingDaysQuantity>9</foia:OldItemPendingDaysQuantity>
            </foia:OldItem>
        </foia:OldestPendingItems>
        <foia:OldestPendingItemsOrganizationAssociation>
            <foia:ComponentDataReference s:ref="OPR1" />
            <nc:OrganizationReference s:ref="ORG0" />
        </foia:OldestPendingItemsOrganizationAssociation>
    </foia:OldestPendingRequestSection>
    <foia:ExpeditedProcessingSection>
        <foia:ExpeditedProcessing s:id="EP1">
            <foia:RequestGrantedQuantity>0</foia:RequestGrantedQuantity>
            <foia:RequestDeniedQuantity>0</foia:RequestDeniedQuantity>
            <foia:AdjudicationMedianDaysValue>0</foia:AdjudicationMedianDaysValue>
            <foia:AdjudicationAverageDaysValue>0</foia:AdjudicationAverageDaysValue>
            <foia:AdjudicationWithinTenDaysQuantity>0</foia:AdjudicationWithinTenDaysQuantity>
        </foia:ExpeditedProcessing>
        <foia:ExpeditedProcessingOrganizationAssociation>
            <foia:ComponentDataReference s:ref="EP1" />
            <nc:OrganizationReference s:ref="ORG0" />
        </foia:ExpeditedProcessingOrganizationAssociation>
    </foia:ExpeditedProcessingSection>
    <foia:FeeWaiverSection>
        <foia:FeeWaiver s:id="FW1">
            <foia:RequestGrantedQuantity>5</foia:RequestGrantedQuantity>
            <foia:RequestDeniedQuantity>0</foia:RequestDeniedQuantity>
            <foia:AdjudicationMedianDaysValue>1</foia:AdjudicationMedianDaysValue>
            <foia:AdjudicationAverageDaysValue>1</foia:AdjudicationAverageDaysValue>
        </foia:FeeWaiver>
        <foia:FeeWaiverOrganizationAssociation>
            <foia:ComponentDataReference s:ref="FW1" />
            <nc:OrganizationReference s:ref="ORG0" />
        </foia:FeeWaiverOrganizationAssociation>
    </foia:FeeWaiverSection>
    <foia:PersonnelAndCostSection>
        <foia:PersonnelAndCost s:id="PC1">
            <foia:FullTimeEmployeeQuantity>0</foia:FullTimeEmployeeQuantity>
            <foia:EquivalentFullTimeEmployeeQuantity>0.50</foia:EquivalentFullTimeEmployeeQuantity>
            <foia:TotalFullTimeStaffQuantity>0.50</foia:TotalFullTimeStaffQuantity>
            <foia:ProcessingCostAmount>40250.00</foia:ProcessingCostAmount>
            <foia:LitigationCostAmount>0.00</foia:LitigationCostAmount>
            <foia:TotalCostAmount>40250.00</foia:TotalCostAmount>
        </foia:PersonnelAndCost>
        <foia:PersonnelAndCostOrganizationAssociation>
            <foia:ComponentDataReference s:ref="PC1" />
            <nc:OrganizationReference s:ref="ORG0" />
        </foia:PersonnelAndCostOrganizationAssociation>
    </foia:PersonnelAndCostSection>
    <foia:FeesCollectedSection>
        <foia:FeesCollected s:id="FC1">
            <foia:FeesCollectedAmount>0.00</foia:FeesCollectedAmount>
            <foia:FeesCollectedCostPercent>0.0000</foia:FeesCollectedCostPercent>
        </foia:FeesCollected>
        <foia:FeesCollectedOrganizationAssociation>
            <foia:ComponentDataReference s:ref="FC1" />
            <nc:OrganizationReference s:ref="ORG0" />
        </foia:FeesCollectedOrganizationAssociation>
    </foia:FeesCollectedSection>
    <foia:SubsectionUsedSection />
    <foia:SubsectionPostSection />
    <foia:BacklogSection>
        <foia:Backlog s:id="BK1">
            <foia:BackloggedRequestQuantity>1</foia:BackloggedRequestQuantity>
            <foia:BackloggedAppealQuantity>0</foia:BackloggedAppealQuantity>
        </foia:Backlog>
        <foia:BacklogOrganizationAssociation>
            <foia:ComponentDataReference s:ref="BK1" />
            <nc:OrganizationReference s:ref="ORG0" />
        </foia:BacklogOrganizationAssociation>
    </foia:BacklogSection>
    <foia:ProcessedConsultationSection>
        <foia:ProcessingStatistics s:id="PCN1">
            <foia:ProcessingStatisticsPendingAtStartQuantity>0</foia:ProcessingStatisticsPendingAtStartQuantity>
            <foia:ProcessingStatisticsReceivedQuantity>0</foia:ProcessingStatisticsReceivedQuantity>
            <foia:ProcessingStatisticsProcessedQuantity>0</foia:ProcessingStatisticsProcessedQuantity>
            <foia:ProcessingStatisticsPendingAtEndQuantity>0</foia:ProcessingStatisticsPendingAtEndQuantity>
        </foia:ProcessingStatistics>
        <foia:ProcessingStatisticsOrganizationAssociation>
            <foia:ComponentDataReference s:ref="PCN1" />
            <nc:OrganizationReference s:ref="ORG0" />
        </foia:ProcessingStatisticsOrganizationAssociation>
    </foia:ProcessedConsultationSection>
    <foia:OldestPendingConsultationSection>
        <foia:OldestPendingItems s:id="OPC1" />
        <foia:OldestPendingItemsOrganizationAssociation>
            <foia:ComponentDataReference s:ref="OPC1" />
            <nc:OrganizationReference s:ref="ORG0" />
        </foia:OldestPendingItemsOrganizationAssociation>
    </foia:OldestPendingConsultationSection>
    <foia:ProcessedRequestComparisonSection>
        <foia:ProcessingComparison s:id="RPC1">
            <foia:ItemsReceivedLastYearQuantity>24</foia:ItemsReceivedLastYearQuantity>
            <foia:ItemsReceivedCurrentYearQuantity>15</foia:ItemsReceivedCurrentYearQuantity>
            <foia:ItemsProcessedLastYearQuantity>23</foia:ItemsProcessedLastYearQuantity>
            <foia:ItemsProcessedCurrentYearQuantity>14</foia:ItemsProcessedCurrentYearQuantity>
        </foia:ProcessingComparison>
        <foia:ProcessingComparisonOrganizationAssociation>
            <foia:ComponentDataReference s:ref="RPC1" />
            <nc:OrganizationReference s:ref="ORG0" />
        </foia:ProcessingComparisonOrganizationAssociation>
    </foia:ProcessedRequestComparisonSection>
    <foia:BackloggedRequestComparisonSection>
        <foia:BacklogComparison s:id="RBC1">
            <foia:BacklogLastYearQuantity>0</foia:BacklogLastYearQuantity>
            <foia:BacklogCurrentYearQuantity>1</foia:BacklogCurrentYearQuantity>
        </foia:BacklogComparison>
        <foia:BacklogComparisonOrganizationAssociation>
            <foia:ComponentDataReference s:ref="RBC1" />
            <nc:OrganizationReference s:ref="ORG0" />
        </foia:BacklogComparisonOrganizationAssociation>
    </foia:BackloggedRequestComparisonSection>
    <foia:ProcessedAppealComparisonSection>
        <foia:ProcessingComparison s:id="APC1">
            <foia:ItemsReceivedLastYearQuantity>2</foia:ItemsReceivedLastYearQuantity>
            <foia:ItemsReceivedCurrentYearQuantity>0</foia:ItemsReceivedCurrentYearQuantity>
            <foia:ItemsProcessedLastYearQuantity>2</foia:ItemsProcessedLastYearQuantity>
            <foia:ItemsProcessedCurrentYearQuantity>0</foia:ItemsProcessedCurrentYearQuantity>
        </foia:ProcessingComparison>
        <foia:ProcessingComparisonOrganizationAssociation>
            <foia:ComponentDataReference s:ref="APC1" />
            <nc:OrganizationReference s:ref="ORG0" />
        </foia:ProcessingComparisonOrganizationAssociation>
    </foia:ProcessedAppealComparisonSection>
    <foia:BackloggedAppealComparisonSection>
        <foia:BacklogComparison s:id="ABC1">
            <foia:BacklogLastYearQuantity>0</foia:BacklogLastYearQuantity>
            <foia:BacklogCurrentYearQuantity>0</foia:BacklogCurrentYearQuantity>
        </foia:BacklogComparison>
        <foia:BacklogComparisonOrganizationAssociation>
            <foia:ComponentDataReference s:ref="ABC1" />
            <nc:OrganizationReference s:ref="ORG0" />
        </foia:BacklogComparisonOrganizationAssociation>
    </foia:BackloggedAppealComparisonSection>
</iepd:FoiaAnnualReport>
