"Agency","Component","Fiscal Year","<1-20 Days","21-40 Days","41-60 Days","61-80 Days","81-100 Days","101-120 Days","121-140 Days","141-160 Days","161-180 Days","181-200 Days","201-300 Days","301-400 Days","401+ Days","Total"
"Federal Reserve System","Agency Overall","2023","60","99","49","30","11","6","9","8","6","3","1","1","0","283"
"Federal Mediation and Conciliation Service","Agency Overall","2023","1","0","0","0","0","0","0","0","0","0","0","0","0","1"
"Commodity Futures Trading Commission","Agency Overall","2023","51","17","6","4","2","0","1","3","6","3","1","1","0","95"
"Consumer Product Safety Commission","Agency Overall","2023","138","69","48","34","50","30","7","11","5","4","7","20","258","681"
"Administrative Conference of the United States","Agency Overall","2023","0","0","0","0","0","0","0","0","0","0","0","0","0","0"
"Farm Credit Administration","Agency Overall","2023","0","0","0","0","0","0","0","0","0","0","0","0","0","0"
"Nuclear Regulatory Commission","Agency Overall","2023","21","6","3","6","1","2","3","3","1","2","3","1","7","59"
"National Transportation Safety Board","Agency Overall","2023","14","16","7","6","4","5","5","6","11","1","39","48","15","177"
"Department of Veterans Affairs","Agency Overall","2023","4777","2157","486","248","184","440","1309","569","33","19","16","66","62","10366"
"Department of Homeland Security","Agency Overall","2023","216385","147513","21026","23937","23112","18249","9580","6754","7074","3985","12520","1665","2049","493849"
"Office of Management and Budget","Agency Overall","2023","47","9","11","3","1","0","0","1","0","0","0","0","73","145"
"Social Security Administration","Agency Overall","2023","98","80","63","24","30","12","15","17","12","13","27","7","3","401"
"U.S. Election Assistance Commission","Agency Overall","2023","0","0","0","0","0","0","0","0","0","0","0","0","0","0"
"Office of Personnel Management","Agency Overall","2023","1","6","1","2","1","1","0","1","1","0","7","2","23","46"
"National Indian Gaming Commission","Agency Overall","2023","0","2","5","0","0","0","0","0","0","0","0","0","1","8"
"Office of the Special Inspector General for Afghanistan Reconstruction","Agency Overall","2023","0","8","0","1","0","8","4","0","0","0","0","0","0","21"
"Peace Corps","Agency Overall","2023","6","6","5","0","5","3","7","2","2","1","6","0","13","56"
"Court Services and Offender Supervision Agency","Agency Overall","2023","140","0","0","0","0","0","0","0","0","0","0","0","0","140"
"Office of National Drug Control Policy","Agency Overall","2023","0","2","0","0","0","0","0","0","0","0","1","0","2","5"
"Department of Energy","Agency Overall","2023","110","73","53","64","46","38","22","28","25","20","80","43","102","704"
"National Endowment for the Humanities","Agency Overall","2023","0","1","3","1","0","0","0","0","0","0","0","0","0","5"
"National Railroad Passenger Corporation","Agency Overall","2023","11","0","1","3","1","1","0","2","0","2","6","13","112","152"
"Occupational Safety and Health Review Commission","Agency Overall","2023","0","4","2","1","0","0","0","1","0","0","0","0","0","8"
"Committee for Purchase from People Who Are Blind or Severely Disabled","Agency Overall","2023","26","15","4","1","0","0","0","0","0","0","0","0","0","46"
"Institute of Museum and Library Services","Agency Overall","2023","0","0","0","0","0","0","0","0","0","0","0","0","0","0"
"National Science Foundation","Agency Overall","2023","15","24","19","22","5","3","2","2","1","0","2","2","1","98"
"Department of Commerce","Agency Overall","2023","38","59","34","25","27","8","19","8","11","16","26","9","66","346"
"Department of Defense","Agency Overall","2023","7277","4444","2310","1068","745","577","503","608","322","252","1061","669","2680","22516"
"Morris K. Udall and Stewart L. Udall Foundation","Agency Overall","2023","0","0","0","0","0","0","0","0","0","0","0","0","0","0"
"Department of the Interior","Agency Overall","2023","474","254","155","104","69","65","51","42","35","33","108","58","519","1967"
"National Archives and Records Administration","Agency Overall","2023","103","48","43","94","11","25","19","25","10","7","32","23","3116","3556"
"Department of Labor","Agency Overall","2023","3457","732","311","170","127","100","69","40","25","31","89","77","149","5377"
"U.S. Interagency Council on Homelessness","Agency Overall","2023","0","0","0","0","0","0","0","0","0","0","0","0","0","0"
"Office of Navajo and Hopi Indian Relocation","Agency Overall","2023","0","0","0","0","0","0","0","0","0","0","0","0","0","0"
"Office of Science and Technology Policy","Agency Overall","2023","10","1","0","0","1","4","0","1","0","1","2","0","5","25"
"Advisory Council on Historic Preservation","Agency Overall","2023","0","0","0","0","0","0","0","0","0","0","0","0","0","0"
"U.S. International Development Finance Corporation","Agency Overall","2023","1","0","0","1","0","0","0","0","0","0","0","1","0","3"
"Office of Special Counsel","Agency Overall","2023","1","3","5","3","0","0","0","0","0","0","1","0","0","13"
"Federal Open Market Committee","Agency Overall","2023","0","1","0","1","0","4","0","0","0","0","0","0","0","6"
"Department of Agriculture","Agency Overall","2023","312","171","131","83","79","60","30","32","25","26","88","72","287","1396"
"Environmental Protection Agency","Agency Overall","2023","466","389","201","137","108","48","48","47","26","16","89","52","367","1994"
"Millennium Challenge Corporation","Agency Overall","2023","0","0","0","0","0","0","0","0","0","0","0","0","0","0"
"Appraisal Subcommittee","Agency Overall","2023","0","0","0","0","0","0","0","0","0","0","0","0","0","0"
"Federal Maritime Commission","Agency Overall","2023","0","0","1","1","2","0","0","1","0","0","1","1","0","7"
"Farm Credit System Insurance Corporation","Agency Overall","2023","0","0","0","0","0","0","0","0","0","0","0","0","0","0"
"General Services Administration","Agency Overall","2023","62","76","31","21","17","9","9","8","10","6","37","18","44","348"
"Federal Financial Institutions Examination Council","Agency Overall","2023","0","1","0","0","0","0","0","0","0","0","0","0","0","1"
"Defense Nuclear Facilities Safety Board","Agency Overall","2023","0","0","0","0","0","0","0","0","0","0","0","0","0","0"
"Neighborhood Reinvestment Corporation","Agency Overall","2023","0","0","0","0","0","0","0","0","0","0","0","0","0","0"
"Inter-American Foundation","Agency Overall","2023","0","0","0","0","0","0","0","0","0","0","0","0","0","0"
"Export-Import Bank of the U.S.","Agency Overall","2023","6","8","5","3","1","2","3","1","0","1","3","1","5","39"
"Office of the United States Trade Representative","Agency Overall","2023","0","0","7","1","1","0","1","1","0","0","0","0","0","11"
"Central Intelligence Agency","Agency Overall","2023","16","68","44","76","89","86","56","49","50","53","85","22","194","888"
"U.S. Department of State","Agency Overall","2023","246","716","3732","2572","2025","161","105","85","21","21","96","106","710","10596"
"Federal Election Commission","Agency Overall","2023","72","7","1","1","1","1","0","0","0","1","0","0","1","85"
"United States Trade and Development Agency","Agency Overall","2023","0","0","0","0","0","0","0","0","0","0","0","0","0","0"
"Merit Systems Protection Board","Agency Overall","2023","5","5","3","4","3","3","1","0","0","0","1","0","2","27"
"U.S. Nuclear Waste Technical Review Board","Agency Overall","2023","0","0","0","0","0","0","0","0","0","0","0","0","0","0"
"Federal Retirement Thrift Investment Board","Agency Overall","2023","0","0","0","0","0","0","0","0","0","0","0","0","0","0"
"Legal Services Corporation","Agency Overall","2023","1","0","1","0","0","0","0","0","0","0","0","0","0","2"
"Corporation for National and Community Service (operating as AmeriCorps)","Agency Overall","2023","3","1","2","1","0","1","0","0","0","0","0","0","0","8"
"United States Postal Service","Agency Overall","2023","21","14","6","2","1","1","0","0","1","0","2","4","12","64"
"Chemical Safety and Hazard Investigation Board","Agency Overall","2023","0","0","0","0","0","0","0","0","0","0","0","0","0","0"
"Privacy and Civil Liberties Oversight Board","Agency Overall","2023","0","0","0","0","0","0","0","0","0","0","0","0","0","0"
"National Credit Union Administration","Agency Overall","2023","11","22","1","0","0","0","0","0","0","0","0","0","0","34"
"National Council on Disability","Agency Overall","2023","0","0","0","0","0","0","0","0","0","0","0","0","0","0"
"Council on Environmental Quality","Agency Overall","2023","0","1","1","0","0","1","3","0","0","1","3","1","4","15"
"Federal Permitting Improvement Steering Council","Agency Overall","2023","0","1","1","0","0","0","0","0","0","0","1","0","0","3"
"Surface Transportation Board","Agency Overall","2023","0","0","0","0","0","0","0","0","0","0","0","0","0","0"
"Social Security Advisory Board","Agency Overall","2023","0","0","0","0","0","0","0","0","0","0","0","0","0","0"
"Selective Service System","Agency Overall","2023","0","0","0","0","0","0","0","0","0","0","0","0","0","0"
"American Battle Monuments Commission","Agency Overall","2023","0","4","0","0","0","0","0","0","0","0","0","0","0","4"
"U.S. Commission for the Preservation of America’s Heritage Abroad","Agency Overall","2023","0","0","0","0","0","0","0","0","0","0","0","0","0","0"
"United States Institute of Peace","Agency Overall","2023","0","0","0","0","0","0","0","0","0","0","0","0","0","0"
"United States International Boundary and Water Commission","Agency Overall","2023","0","0","0","0","0","0","0","0","0","0","0","0","0","0"
"United States Copyright Office","Agency Overall","2023","0","1","0","1","0","1","0","0","1","0","1","0","1","6"
"U.S. Railroad Retirement Board","Agency Overall","2023","0","0","0","0","0","0","0","0","0","0","0","0","0","0"
"National Labor Relations Board","Agency Overall","2023","0","0","0","0","0","0","0","0","0","0","0","0","0","0"
"National Capital Planning Commission","Agency Overall","2023","0","1","0","0","0","0","0","0","0","0","0","0","0","1"
"U.S. Commission on Civil Rights","Agency Overall","2023","2","4","1","5","0","0","0","0","0","0","0","0","0","12"
"Federal Deposit Insurance Corporation","Agency Overall","2023","31","47","13","14","3","1","0","1","1","0","0","1","1","113"
"United States International Trade Commission","Agency Overall","2023","0","4","0","0","0","0","0","0","0","0","1","0","0","5"
"Equal Employment Opportunity Commission","Agency Overall","2023","495","58","4","4","2","1","1","2","2","1","0","0","1","571"
"Department of Transportation","Agency Overall","2023","466","214","131","77","64","51","59","29","26","34","136","137","565","1989"
"Department of Justice","Agency Overall","2023","4940","1896","987","611","449","344","258","247","225","204","770","547","4566","16044"
"National Aeronautics and Space Administration","Agency Overall","2023","246","68","44","17","16","12","1","4","1","7","3","5","0","424"
"United States African Development Foundation","Agency Overall","2023","0","0","0","0","0","0","0","0","0","0","0","0","0","0"
"Denali Commission","Agency Overall","2023","0","0","0","0","0","0","0","0","0","0","0","0","0","0"
"Pension Benefit Guaranty Corporation","Agency Overall","2023","1487","139","1","1","0","0","0","0","0","0","0","0","0","1628"
"Postal Regulatory Commission","Agency Overall","2023","0","0","0","0","0","0","0","0","0","0","0","0","0","0"
"National Mediation Board","Agency Overall","2023","0","0","0","0","0","0","0","0","0","0","0","0","0","0"
"U.S. Agency for International Development","Agency Overall","2023","108","25","8","12","14","7","5","3","6","6","18","10","95","317"
"Department of Health and Human Services","Agency Overall","2023","18080","2324","1233","730","519","442","334","308","258","205","840","518","2034","27825"
"Harry S. Truman Scholarship Foundation","Agency Overall","2023","0","0","0","0","0","0","0","0","0","0","0","0","0","0"
"Gulf Coast Ecosystem Restoration Council","Agency Overall","2023","0","0","0","0","0","0","0","0","0","0","0","0","0","0"
"Federal Mine Safety and Health Review Commission","Agency Overall","2023","3","0","0","0","0","0","0","0","0","0","0","0","1","4"
"Department of Education","Agency Overall","2023","790","119","58","44","39","55","40","40","35","19","93","78","122","1532"
"Council of the Inspectors General on Integrity and Efficiency","Agency Overall","2023","0","3","8","0","4","1","1","0","1","0","0","1","3","22"
"Department of Housing and Urban Development","Agency Overall","2023","465","188","107","56","59","43","28","17","26","21","51","40","121","1222"
"Tennessee Valley Authority","Agency Overall","2023","0","15","7","3","2","2","1","2","1","0","5","2","0","40"
"Department of the Treasury","Agency Overall","2023","2911","853","324","238","164","128","109","80","68","47","209","128","299","5558"
"Marine Mammal Commission","Agency Overall","2023","0","0","0","0","0","0","0","0","0","0","0","1","0","1"
"Securities and Exchange Commission","Agency Overall","2023","1942","881","354","333","253","247","205","178","82","52","134","58","68","4787"
"Federal Trade Commission","Agency Overall","2023","324","94","36","23","4","11","6","5","0","2","3","0","0","508"
"Consumer Financial Protection Bureau","Agency Overall","2023","58","37","28","23","9","6","10","4","12","5","11","3","2","208"
"James Madison Memorial Fellowship Foundation","Agency Overall","2023","0","0","0","0","0","0","0","0","0","0","0","0","0","0"
"Office of the National Cyber Director","Agency Overall","2023","0","0","1","0","1","0","0","0","0","0","0","0","0","2"
"Armed Forces Retirement Home","Agency Overall","2023","0","0","0","0","0","0","0","0","0","0","0","0","0","0"
"United States Access Board","Agency Overall","2023","0","0","0","0","0","0","0","0","0","0","0","0","0","0"
"National Endowment for the Arts","Agency Overall","2023","1","5","0","0","0","0","0","0","0","0","0","0","0","6"
"Commission of Fine Arts","Agency Overall","2023","0","0","0","0","0","0","0","1","0","0","0","0","0","1"
"Office of the Director of National Intelligence","Agency Overall","2023","29","10","6","7","7","3","3","0","5","1","9","4","21","105"
"Federal Communications Commission","Agency Overall","2023","0","6","15","4","5","5","3","3","3","3","4","3","6","60"
"Federal Energy Regulatory Commission","Agency Overall","2023","21","32","15","1","4","2","3","0","1","1","1","0","0","81"
"Federal Labor Relations Authority","Agency Overall","2023","0","0","0","0","0","0","0","0","0","0","0","0","0","0"
"Office of the Intellectual Property Enforcement Coordinator","Agency Overall","2023","0","0","0","0","0","0","0","0","0","0","0","0","0","0"
"Small Business Administration","Agency Overall","2023","6","5","2","0","0","1","0","0","0","0","0","0","1","15"
"U.S. Agency for Global Media","Agency Overall","2023","3","3","4","2","9","3","3","4","1","3","8","1","4","48"
"Presidio Trust","Agency Overall","2023","0","0","0","0","0","0","0","0","0","0","0","0","0","0"
"Federal Housing Finance Agency","Agency Overall","2023","2","4","3","3","3","0","0","0","0","0","0","0","2","17"
"Office of Government Ethics","Agency Overall","2023","0","0","0","0","0","0","0","0","0","0","0","0","0","0"
"All agencies","Agency Overall","2023","266893","164169","32208","30964","28390","21320","12951","9284","8468","5129","16738","4520","18795","619829"