"Agency","Component","Fiscal Year","Median Number of Days","Average Number of Days","Lowest Number of Days","Highest Number of Days"
"National Council on Disability","Agency Overall","2021","N/A","N/A","N/A","N/A"
"United States Copyright Office","Agency Overall","2021","19","19","19","19"
"Federal Financial Institutions Examination Council","Agency Overall","2021","0","0","N/A","N/A"
"National Credit Union Administration","Agency Overall","2021","18","18","16","20"
"Pension Benefit Guaranty Corporation","Agency Overall","2021","14.5","14.7","6","32"
"Commission of Fine Arts","Agency Overall","2021","N/A","N/A","N/A","N/A"
"United States African Development Foundation","Agency Overall","2021","N/A","N/A","N/A","N/A"
"Consumer Product Safety Commission","Agency Overall","2021","19","28.65","19","63"
"Council on Environmental Quality","Agency Overall","2021","84.5","84.5","77","92"
"Council of the Inspectors General on Integrity and Efficiency","Agency Overall","2021","20","20","20","20"
"Harry S. Truman Scholarship Foundation","Agency Overall","2021","N/A","N/A","N/A","N/A"
"Corporation for National and Community Service (operating as AmeriCorps)","Agency Overall","2021","35","35","35","35"
"Advisory Council on Historic Preservation","Agency Overall","2021","N/A","N/A","N/A","N/A"
"Federal Mediation and Conciliation Service","Agency Overall","2021","N/A","N/A","N/A","N/A"
"U.S. Agency for Global Media","Agency Overall","2021","N/A","N/A","N/A","N/A"
"Office of the United States Trade Representative","Agency Overall","2021","14","14","8","19"
"Social Security Advisory Board","Agency Overall","2021","N/A","N/A","N/A","N/A"
"National Endowment for the Humanities","Agency Overall","2021","N/A","N/A","N/A","N/A"
"Marine Mammal Commission","Agency Overall","2021","N/A","N/A","N/A","N/A"
"Administrative Conference of the United States","Agency Overall","2021","4","4","4","4"
"Legal Services Corporation","Agency Overall","2021","0","0","0","0"
"Surface Transportation Board","Agency Overall","2021","N/A","N/A","N/A","N/A"
"Department of the Interior","Agency Overall","2021","30.25","180.5","<1","1626"
"Office of Special Counsel","Agency Overall","2021","35","34.33","5","63"
"Office of Science and Technology Policy","Agency Overall","2021","10.5","10.5","8","13"
"Federal Energy Regulatory Commission","Agency Overall","2021","22","22","17","28"
"Armed Forces Retirement Home","Agency Overall","2021","N/A","N/A","N/A","N/A"
"U.S. Agency for International Development","Agency Overall","2021","76","87.33","32","154"
"Department of Education","Agency Overall","2021","179","284.54","<1","983"
"Department of Health and Human Services","Agency Overall","2021","323.33","513.27","<1","2420"
"Department of Housing and Urban Development","Agency Overall","2021","34.00","103.18","<1","840"
"Federal Mine Safety and Health Review Commission","Agency Overall","2021","N/A","N/A","N/A","N/A"
"U.S. Interagency Council on Homelessness","Agency Overall","2021","N/A","N/A","N/A","N/A"
"United States International Boundary and Water Commission","Agency Overall","2021","N/A","N/A","N/A","N/A"
"Gulf Coast Ecosystem Restoration Council","Agency Overall","2021","0","0","0","0"
"U.S. Commission on Civil Rights","Agency Overall","2021","58","58","58","58"
"Committee for Purchase from People Who Are Blind or Severely Disabled","Agency Overall","2021","N/A","N/A","N/A","N/A"
"Institute of Museum and Library Services","Agency Overall","2021","N/A","N/A","N/A","N/A"
"Federal Retirement Thrift Investment Board","Agency Overall","2021","N/A","N/A","N/A","N/A"
"Equal Employment Opportunity Commission","Agency Overall","2021","29.528","29.528","<1","258"
"U.S. Commission for the Preservation of America’s Heritage Abroad","Agency Overall","2021","N/A","N/A","N/A","N/A"
"Millennium Challenge Corporation","Agency Overall","2021","46","92","1","92"
"James Madison Memorial Fellowship Foundation","Agency Overall","2021","N/A","N/A","N/A","N/A"
"Office of the Special Inspector General for Afghanistan Reconstruction","Agency Overall","2021","22","22","22","22"
"Department of Justice","Agency Overall","2021","42","72.17","1","627"
"Office of the Director of National Intelligence","Agency Overall","2021","26","69","<1","349"
"Selective Service System","Agency Overall","2021","10","10","10","10"
"Federal Open Market Committee","Agency Overall","2021","0","0","N/A","N/A"
"General Services Administration","Agency Overall","2021","39.0","111.24","2","1053"
"National Endowment for the Arts","Agency Overall","2021","0","0","<1","48"
"Federal Labor Relations Authority","Agency Overall","2021","21","24.4","14","35"
"U.S. Department of State","Agency Overall","2021","3.5","80","<1","1953"
"National Aeronautics and Space Administration","Agency Overall","2021","19.5","42.17","18","134"
"Denali Commission","Agency Overall","2021","N/A","N/A","N/A","N/A"
"U.S. Election Assistance Commission","Agency Overall","2021","N/A","N/A","N/A","N/A"
"U.S. Railroad Retirement Board","Agency Overall","2021","53","53","53","53"
"Social Security Administration","Agency Overall","2021","11","18","<1","347"
"Central Intelligence Agency","Agency Overall","2021","<1","258.66","<1","2316"
"United States Postal Service","Agency Overall","2021","15.5","15.6","6","25"
"National Labor Relations Board","Agency Overall","2021","20","19.4","18","20"
"Privacy and Civil Liberties Oversight Board","Agency Overall","2021","N/A","N/A","N/A","N/A"
"U.S. International Development Finance Corporation","Agency Overall","2021","3","3","3","3"
"Farm Credit Administration","Agency Overall","2021","N/A","N/A","N/A","N/A"
"Department of Veterans Affairs","Agency Overall","2021","46","89.08","<1","1036"
"Farm Credit System Insurance Corporation","Agency Overall","2021","N/A","N/A","N/A","N/A"
"United States International Trade Commission","Agency Overall","2021","<1","<1","<1","<1"
"National Capital Planning Commission","Agency Overall","2021","N/A","N/A","N/A","N/A"
"Office of Government Ethics","Agency Overall","2021","18","18","18","18"
"National Railroad Passenger Corporation","Agency Overall","2021","N/A","N/A","N/A","N/A"
"Appraisal Subcommittee","Agency Overall","2021","N/A","N/A","N/A","N/A"
"Department of Energy","Agency Overall","2021","10","11","1","22"
"Occupational Safety and Health Review Commission","Agency Overall","2021","N/A","N/A","N/A","N/A"
"Inter-American Foundation","Agency Overall","2021","N/A","N/A","N/A","N/A"
"Court Services and Offender Supervision Agency","Agency Overall","2021","18","18","16","20"
"Federal Housing Finance Agency","Agency Overall","2021","34.5","34.5","9","60"
"Office of Personnel Management","Agency Overall","2021","77","152","50","428"
"Postal Regulatory Commission","Agency Overall","2021","N/A","N/A","N/A","N/A"
"Department of Transportation","Agency Overall","2021","33.50","75.17","<1","738"
"Presidio Trust","Agency Overall","2021","N/A","N/A","N/A","N/A"
"Environmental Protection Agency","Agency Overall","2021","18.0","17.78","<1","448"
"National Mediation Board","Agency Overall","2021","N/A","N/A","N/A","N/A"
"American Battle Monuments Commission","Agency Overall","2021","N/A","N/A","N/A","N/A"
"National Transportation Safety Board","Agency Overall","2021","25","29.1","12","73"
"Federal Deposit Insurance Corporation","Agency Overall","2021","20","25.14","9","46"
"Federal Communications Commission","Agency Overall","2021","33.0","59.65","<1","284"
"Small Business Administration","Agency Overall","2021","17","29","13","67"
"Department of Commerce","Agency Overall","2021","87.0","222.57","3","737"
"Office of National Drug Control Policy","Agency Overall","2021","19","19","19","19"
"Consumer Financial Protection Bureau","Agency Overall","2021","20","20.23","13","25"
"Peace Corps","Agency Overall","2021","64.50","64.50","<1","128"
"Office of Navajo and Hopi Indian Relocation","Agency Overall","2021","5","5","5","5"
"National Science Foundation","Agency Overall","2021","20","18.5","11","20"
"Department of Agriculture","Agency Overall","2021","393","403.04","<1","1787"
"Department of Labor","Agency Overall","2021","270.50","364.19","<1","1463"
"Commodity Futures Trading Commission","Agency Overall","2021","17","17.33","8","27"
"United States Institute of Peace","Agency Overall","2021","N/A","N/A","N/A","N/A"
"Department of the Treasury","Agency Overall","2021","40.50","247.97","<1","2361"
"Chemical Safety and Hazard Investigation Board","Agency Overall","2021","19","19","19","19"
"Nuclear Regulatory Commission","Agency Overall","2021","17.5","195.13","<1","988"
"Federal Maritime Commission","Agency Overall","2021","N/A","N/A","N/A","N/A"
"Neighborhood Reinvestment Corporation","Agency Overall","2021","N/A","N/A","N/A","N/A"
"Merit Systems Protection Board","Agency Overall","2021","15","14.57","<1","40"
"National Archives and Records Administration","Agency Overall","2021","33","119.62","4","1547"
"Securities and Exchange Commission","Agency Overall","2021","7","10.68","<1","148"
"Federal Reserve System","Agency Overall","2021","36","73","1","276"
"Federal Election Commission","Agency Overall","2021","48","70.3","6","157"
"Office of Management and Budget","Agency Overall","2021","238","348","62","852"
"United States Trade and Development Agency","Agency Overall","2021","N/A","N/A","N/A","N/A"
"U.S. Nuclear Waste Technical Review Board","Agency Overall","2021","0","0","N/A","0"
"United States Access Board","Agency Overall","2021","N/A","N/A","N/A","N/A"
"Federal Trade Commission","Agency Overall","2021","14.50","14.94","5","27"
"National Indian Gaming Commission","Agency Overall","2021","0","0","N/A","N/A"
"Morris K. Udall and Stewart L. Udall Foundation","Agency Overall","2021","N/A","N/A","N/A","N/A"
"Department of Defense","Agency Overall","2021","144.50","305.56","1","2748"
"Tennessee Valley Authority","Agency Overall","2021","20","20.33","20","22"
"Export-Import Bank of the U.S.","Agency Overall","2021","39","39","15","63"
"Department of Homeland Security","Agency Overall","2021","7","24","<1","1032"
"Defense Nuclear Facilities Safety Board","Agency Overall","2021","N/A","N/","N/A","N/A"