"Agency","Component","Fiscal Year","Simple - Median Number of Days","Simple - Average Number of Days","Simple - Lowest Number of Days","Simple - Highest Number of Days","Complex - Median Number of Days","Complex - Average Number of Days","Complex - Lowest Number of Days","Complex - Highest Number of Days","Expedited Processing - Median Number of Days","Expedited Processing - Average Number of Days","Expedited Processing - Lowest Number of Days","Expedited Processing - Highest Number of Days"
"National Council on Disability","Agency Overall","2021","16","16.5","4","29","N/A","N/A","N/A","N/A","N/A","N/A","N/A","N/A"
"United States Copyright Office","Agency Overall","2021","21","21","21","21","N/A","N/A","N/A","N/A","N/A","N/A","N/A","N/A"
"Federal Financial Institutions Examination Council","Agency Overall","2021","30","30","30","30","N/A","N/A","N/A","N/A","N/A","N/A","N/A","N/A"
"National Credit Union Administration","Agency Overall","2021","5","4.78","<1","11","28","26.82","2","144","20","20","20","20"
"Pension Benefit Guaranty Corporation","Agency Overall","2021","11","12.85","<1","63","14.0","19.36","<1","235","N/A","N/A","N/A","N/A"
"Commission of Fine Arts","Agency Overall","2021","15","15","8","22","48","48","37","65","N/A","N/A","N/A","N/A"
"United States African Development Foundation","Agency Overall","2021","23","23","23","23","N/A","N/A","N/A","N/A","N/A","N/A","N/A","N/A"
"Consumer Product Safety Commission","Agency Overall","2021","32","101.82","<1","857","68","180.44","3","1166","82","82","82","82"
"Council on Environmental Quality","Agency Overall","2021","38","108.44","5","715","414","436","108","900","N/A","N/A","N/A","N/A"
"Council of the Inspectors General on Integrity and Efficiency","Agency Overall","2021","2","2.33","1","4","370","376","1","1106","1","1","1","1"
"Harry S. Truman Scholarship Foundation","Agency Overall","2021","N/A","N/A","N/A","N/A","N/A","N/A","N/A","N/A","N/A","N/A","N/A","N/A"
"Corporation for National and Community Service (operating as AmeriCorps)","Agency Overall","2021","21","40.2","<1","195","99.5","125.5","12","248","187","187","187","187"
"Advisory Council on Historic Preservation","Agency Overall","2021","N/A","N/A","N/A","N/A","109","109","68","149","N/A","N/A","N/A","N/A"
"Federal Mediation and Conciliation Service","Agency Overall","2021","20","28.8","3","87","N/A","N/A","N/A","N/A","N/A","N/A","N/A","N/A"
"U.S. Agency for Global Media","Agency Overall","2021","94","134","5","378","N/A","N/A","N/A","N/A","N/A","N/A","N/A","N/A"
"Office of the United States Trade Representative","Agency Overall","2021","20","27","2","90","59","71","33","271","18","18","17","20"
"Social Security Advisory Board","Agency Overall","2021","19","20","16","25","n/a","na","N/A","N/A","0","na","N/A","N/A"
"National Endowment for the Humanities","Agency Overall","2021","19","14.7","0","20","38","54","21","155","N/A","N/A","N/A","N/A"
"Marine Mammal Commission","Agency Overall","2021","10","13","1","40","81","81","27","135","N/A","N/A","N/A","N/A"
"Administrative Conference of the United States","Agency Overall","2021","1","1.17","<1","2","19","19","19","19","N/A","N/A","N/A","N/A"
"Legal Services Corporation","Agency Overall","2021","21.5","18.44","5","45","N/A","N/A","N/A","N/A","N/A","N/A","N/A","N/A"
"Surface Transportation Board","Agency Overall","2021","13.5","11.43","<1","20","N/A","N/A","N/A","N/A","N/A","N/A","N/A","N/A"
"Department of the Interior","Agency Overall","2021","30.0","99.11","<1","1162","91.0","209.35","<1","1600","15.0","67.61","<1","485"
"Office of Special Counsel","Agency Overall","2021","47","52.79","4","159","106.5","114.78","1","339","10","10","10","10"
"Office of Science and Technology Policy","Agency Overall","2021","15","35.92","1","816","10.5","56.53","1","527","40","23.13","1","71"
"Federal Energy Regulatory Commission","Agency Overall","2021","24","24","20","28","75","237","19","713","N/A","N/A","N/A","N/A"
"Armed Forces Retirement Home","Agency Overall","2021","16","14","1","20","N/A","N/A","N/A","N/A","N/A","N/A","N/A","N/A"
"U.S. Agency for International Development","Agency Overall","2021","329","374.62","5","1072","188","363.2","1","1242","309","319","135","513"
"Department of Education","Agency Overall","2021","12.00","16.70","<1","877","135.00","276.98","1","1497","44.50","256.00","<1","935"
"Department of Health and Human Services","Agency Overall","2021","11.75","35.07","<1","1967","58.60","148.25","<1","2041","121.43","152.13","1","999"
"Department of Housing and Urban Development","Agency Overall","2021","20.00","63.11","<1","792","78.00","225.50","4","1348","18.50","26.10","3","95"
"Federal Mine Safety and Health Review Commission","Agency Overall","2021","1","2.3","1","13","33","48.4","2","145","N/A","N/A","N/A","N/A"
"U.S. Interagency Council on Homelessness","Agency Overall","2021","N/A","N/A","N/A","N/A","N/A","N/A","N/A","N/A","N/A","N/A","N/A","N/A"
"United States International Boundary and Water Commission","Agency Overall","2021","27","30.14","9","100","N/A","N/A","N/A","N/A","N/A","N/A","N/A","N/A"
"Gulf Coast Ecosystem Restoration Council","Agency Overall","2021","1","2.5","1","7","N/A","N/A","N/A","N/A","N/A","N/A","N/A","N/A"
"U.S. Commission on Civil Rights","Agency Overall","2021","37","56","8","117","67","66","34","94","N/A","N/A","N/A","N/A"
"Committee for Purchase from People Who Are Blind or Severely Disabled","Agency Overall","2021","20.3","20.3","6","48","256","266.7","222","333","N/A","N/A","N/A","N/A"
"Institute of Museum and Library Services","Agency Overall","2021","8","9.03","3","22","29","29","29","29","N/A","N/A","N/A","N/A"
"Federal Retirement Thrift Investment Board","Agency Overall","2021","36","34","1","132","N/A","N/A","N/A","N/A","N/A","N/A ","N/A","N/A"
"Equal Employment Opportunity Commission","Agency Overall","2021","18.50","32.28","<1","516","27.50","39.20","<1","410","31","31","31","31"
"U.S. Commission for the Preservation of America’s Heritage Abroad","Agency Overall","2021","19","30","9","30","N/A","N/A","N/A","N/A","N/A","N/A","N/A","N/A"
"Millennium Challenge Corporation","Agency Overall","2021","9","7","1","13","N/A","N/A","N/A","N/A","N/A","N/A","N/A","N/A"
"James Madison Memorial Fellowship Foundation","Agency Overall","2021","4","12","<1","30","N/A","N/A","N/A","N/A","N/A","N/A","N/A","N/A"
"Office of the Special Inspector General for Afghanistan Reconstruction","Agency Overall","2021","20","20","20","20","20","20","20","29","N/A","N/A","N/A","N/A"
"Department of Justice","Agency Overall","2021","86","105.61","<1","1207","114","260.02","<1","2200","23","84.5","1","1271"
"Office of the Director of National Intelligence","Agency Overall","2021","1","2","<1","22","383","507","<1","1872","2","2","2","2"
"Selective Service System","Agency Overall","2021","2","5","1","17","N/A","N/A","N/A","N/A","7","7","7","7"
"Federal Open Market Committee","Agency Overall","2021","10.00","13.64","2","44","65.00","79.83","48","155","N/A","N/A","N/A","N/A"
"General Services Administration","Agency Overall","2021","11.5","11.37","0","20","40.0","87.47","8","976","41.0","56.21","1","204"
"National Endowment for the Arts","Agency Overall","2021","18","15","3","26","N/A","N/A","N/A","N/A","N/A","N/A","N/A","N/A"
"Federal Labor Relations Authority","Agency Overall","2021","7","8.2","<1","32","N/A","N/A","N/A","N/A","10","10","10","10"
"U.S. Department of State","Agency Overall","2021","140","180","3","983","250","203","<1","3693","203","400","3","1713"
"National Aeronautics and Space Administration","Agency Overall","2021","4","11.64","<1","158","36","54.94","<1","459","N/A","N/A","N/A","N/A"
"Denali Commission","Agency Overall","2021","2","2","1","4","N/A","N/A","N/A","N/A","N/A","N/A","N/A","N/A"
"U.S. Election Assistance Commission","Agency Overall","2021","129","183","10","579","340","355","297","488","176","144","47","178"
"U.S. Railroad Retirement Board","Agency Overall","2021","10","19.9","2","198","N/A","N/A","N/A","N/A","N/A","N/A","N/A","N/A"
"Social Security Administration","Agency Overall","2021","6","19","1","207","49","86","1","409","N/A","N/A","N/A","N/A"
"Central Intelligence Agency","Agency Overall","2021","4","5.71","<1","27","287","514","6","2506","291","231.33","111","292"
"United States Postal Service","Agency Overall","2021","15","18.77","<1","525","58","85.5","<1","270","8","18.93","<1","124"
"National Labor Relations Board","Agency Overall","2021","6","10.5","<1","280","N/A","N/A","N/A","N/A","5","8.69","<1","66"
"Privacy and Civil Liberties Oversight Board","Agency Overall","2021","39.5","39.5","13","66","N/A","N/A","N/A","N/A","N/A","N/A","N/A","N/A"
"U.S. International Development Finance Corporation","Agency Overall","2021","52.23","15","0","321","N/A","N/A","N/A","N/A","300","300","300","300"
"Farm Credit Administration","Agency Overall","2021","2","5","0","20","N/A","N/A","N/A","N/A","N/A","N/A","N/A","N/A"
"Department of Veterans Affairs","Agency Overall","2021","12","50.94","<1","1601","98","122.48","<1","2115","16","80.24","<1","722"
"Farm Credit System Insurance Corporation","Agency Overall","2021","7","8","6","13","N/A","N/A","N/A","N/A","N/A","N/A","N/A","N/A"
"United States International Trade Commission","Agency Overall","2021","19","19","1","20","30","28","26","82","N/A","N/A","N/A","N/A"
"National Capital Planning Commission","Agency Overall","2021","10","10","7","13","N/A","N/A","N/A","N/A","2","2","2","2"
"Office of Government Ethics","Agency Overall","2021","76","117","1","496","N/A","N/A","N/A","N/A","46","131.3","45","303"
"National Railroad Passenger Corporation","Agency Overall","2021","4","4","1","20","N/A","N/A","N/A","N/A","N/A","N/A","N/A","N/A"
"Appraisal Subcommittee","Agency Overall","2021","19.5","17.5","7","24","N/A","N/A","N/A","N/A","N/A","N/A","N/A","N/A"
"Department of Energy","Agency Overall","2021","45","106.43","<1","712","113.50","206.45","1","1523","492","363.20","153","500"
"Occupational Safety and Health Review Commission","Agency Overall","2021","7","7.5","1","16","49","137.6","28","509","11","11","11","11"
"Inter-American Foundation","Agency Overall","2021","18.5","17","5","26","N/A","N/A","N/A","N/A","N/A","N/A","N/A","N/A"
"Court Services and Offender Supervision Agency","Agency Overall","2021","11","9","1","19","19","18","9","20","N/A","N/A","N/A","N/A"
"Federal Housing Finance Agency","Agency Overall","2021","10","19.97","1","159","150","308.79","1","1249","N/A","N/A","N/A","N/A"
"Office of Personnel Management","Agency Overall","2021","41","103","2","972","95","225","1","1163","N/A","N/A","N/A","N/A"
"Postal Regulatory Commission","Agency Overall","2021","20","21.8","6","37","3","3","3","3","N/A","N/A","N/A","N/A"
"Department of Transportation","Agency Overall","2021","19","69.19","<1","2065","109","181","<1","2132","30.00","40.20","10","122"
"Presidio Trust","Agency Overall","2021","11","13","1","36","N/A","N/A","N/A","N/A","N/A","N/A","N/A","N/A"
"Environmental Protection Agency","Agency Overall","2021","14.0","50.92","<1","1347","66.0","176.63","1","1787","824.5","606.79","4","1870"
"National Mediation Board","Agency Overall","2021","2","6","1","15","N/A","N/A","N/A","N/A","N/A","N/A","N/A","N/A"
"American Battle Monuments Commission","Agency Overall","2021","10","8.33","1","14","12.5","13.25","1","16","N/A","N/A","N/A","N/A"
"National Transportation Safety Board","Agency Overall","2021","37.5","46.6","3","139","276","247.98","1","460","N/A","N/A","N/A","N/A"
"Federal Deposit Insurance Corporation","Agency Overall","2021","9","12.28","1","69","25.5","45.26","4","725","3","3","3","3"
"Federal Communications Commission","Agency Overall","2021","13","13.05","<1","47","65","86.57","8","410","7","26.51","<1","127"
"Small Business Administration","Agency Overall","2021","1","14.87","<1","315","N/A","N/A","N/A","N/A","1","8.66","<1","87"
"Department of Commerce","Agency Overall","2021","16.0","48.12","<1","833","47.0","123.13","<1","1046","14.0","38.79","<1","428"
"Office of National Drug Control Policy","Agency Overall","2021","7","9","1","23","330","372","35","795","N/A","N/A","N/A","N/A"
"Consumer Financial Protection Bureau","Agency Overall","2021","10","12.36","1","53","208","273","4","775","10","10","10","10"
"Peace Corps","Agency Overall","2021","29","107.1","1","1030","128","283.8","0","744","N/A","N/A","N/A","N/A"
"Office of Navajo and Hopi Indian Relocation","Agency Overall","2021","1","13","1","70","N/A","N/A","N/A","N/A","N/A","N/a","N/A","N/A"
"National Science Foundation","Agency Overall","2021","60","107.7","1","731","65","146","4","1216","29","29","29","29"
"Department of Agriculture","Agency Overall","2021","<1","15.74","<1","1551","58.5","167","<1","2114","<1","82.76","<1","895"
"Department of Labor","Agency Overall","2021","16.00","41.38","<1","1721","26.00","70.89","<1","1440","16.00","76.13","<1","381"
"Commodity Futures Trading Commission","Agency Overall","2021","12.5","32.06","<1","250","74.5","105.78","9","301","N/A","N/A","N/A","N/A"
"United States Institute of Peace","Agency Overall","2021","157","128","3","196","N/A","N/A","N/A","N/A","N/A","N/A","N/A","N/A"
"Department of the Treasury","Agency Overall","2021","2.00","14.30","<1","911","58.00","235.19","<1","1721","89.00","239.43","9","787"
"Chemical Safety and Hazard Investigation Board","Agency Overall","2021","46.0","46.0","22","70","N/A","N/A","N/A","N/A","52","52","52","52"
"Nuclear Regulatory Commission","Agency Overall","2021","14","24.71","<1","125","103","202.84","3","1105","16","17.75","6","33"
"Federal Maritime Commission","Agency Overall","2021","20","15.9","2","24","20.5","24.5","18","39","N/A","N/A","N/A","N/A"
"Neighborhood Reinvestment Corporation","Agency Overall","2021","N/A","N/A","N/A","N/A","N/A","N/A","N/A","N/A","N/A","N/A","N/A","N/A"
"Merit Systems Protection Board","Agency Overall","2021","3","4.93","<1","21","183","506.66","12","1432","N/A","N/A","N/A","N/A"
"National Archives and Records Administration","Agency Overall","2021","6","17","1","255","232","477","1","3442","N/A","N/A","N/A","N/A"
"Securities and Exchange Commission","Agency Overall","2021","7","17.1","<1","524","689","821","532","1285","162","162.33","52","273"
"Federal Reserve System","Agency Overall","2021","6","8","1","38","33","74","3","1451","124","124","124","124"
"Federal Election Commission","Agency Overall","2021","7","9.2","3","24","22.5","120.1","3","719","N/A","N/A","N/A","N/A"
"Office of Management and Budget","Agency Overall","2021","179","156","2","462","746","722","353","1222","N/A","N/A","N/A","N/A"
"United States Trade and Development Agency","Agency Overall","2021","19.5","19.75","19","21","N/A","N/A","N/A","N/A","N/A","N/A","N/A","N/A"
"U.S. Nuclear Waste Technical Review Board","Agency Overall","2021","20","24","3","24","N/A","N/A","N/A","N/A","N/A","N/A","N/A","N/A"
"United States Access Board","Agency Overall","2021","29","28","19","36","N/a","N/a","N/A","N/A","n/a","n/a","N/A","N/A"
"Federal Trade Commission","Agency Overall","2021","2.00","4.00","<1","125","17.00","30.44","<1","180","3.00","16.48","<1","258"
"National Indian Gaming Commission","Agency Overall","2021","3","6","1","22","108","599","22","1667","N/A","N/A","N/A","N/A"
"Morris K. Udall and Stewart L. Udall Foundation","Agency Overall","2021","N/A","N/A","N/A","N/A","N/A","N/A","N/A","N/A","N/A","N/A","N/A","N/A"
"Department of Defense","Agency Overall","2021","12","40.23","1","1628","70.00","233.55","1","3972","21","80","1","1433"
"Tennessee Valley Authority","Agency Overall","2021","13.5","14.77","1","66","59.5","76.95","19","242","40.5","40.5","8","73"
"Export-Import Bank of the U.S.","Agency Overall","2021","17.5","47.1","<1","564","64","179.29","9","839","N/A","N/A","N/A","N/A"
"Department of Homeland Security","Agency Overall","2021","19","35","0","1164","28","55","<1","1857","81","142","5","1628"
"Defense Nuclear Facilities Safety Board","Agency Overall","2021","17","31","5","30","N/A","N/A","N/A","N/A","N/A","N/A","N/A","N/A"