<?xml version="1.0"?>
<iepd:FoiaAnnualReport xmlns:iepd="http://leisp.usdoj.gov/niem/FoiaAnnualReport/exchange/1.03" xmlns:foia="http://leisp.usdoj.gov/niem/FoiaAnnualReport/extension/1.03" xmlns:i="http://niem.gov/niem/appinfo/2.0" xmlns:j="http://niem.gov/niem/domains/jxdm/4.1" xmlns:nc="http://niem.gov/niem/niem-core/2.0" xmlns:s="http://niem.gov/niem/structures/2.0" xmlns:xsi="http://www.w3.org/2001/XMLSchema-instance" xsi:schemaLocation="http://leisp.usdoj.gov/niem/FoiaAnnualReport/exchange/1.03 ../schema/exchange/FoiaAnnualReport.xsd">
  <nc:DocumentApplicationName nc:applicationVersionText="1.1">FOIA Annual Report Workbook</nc:DocumentApplicationName>
  <nc:DocumentCreationDate>
    <nc:Date>2020-08-20</nc:Date>
  </nc:DocumentCreationDate>
  <nc:DocumentDescriptionText>FOIA Annual Report</nc:DocumentDescriptionText>
<nc:Organization s:id="ORG0"><nc:OrganizationAbbreviationText>NRPC</nc:OrganizationAbbreviationText><nc:OrganizationName>National Railroad Passenger Corporation</nc:OrganizationName><nc:OrganizationSubUnit s:id="ORG1"><nc:OrganizationAbbreviationText>NRPC</nc:OrganizationAbbreviationText><nc:OrganizationName>National Railroad Passenger Corporation (AMTRAK)</nc:OrganizationName></nc:OrganizationSubUnit></nc:Organization><foia:DocumentFiscalYearDate>2008</foia:DocumentFiscalYearDate><foia:Exemption3StatuteSection><foia:ReliedUponStatute s:id="ES1"><j:StatuteDescriptionText>49 USC 24301 note</j:StatuteDescriptionText><foia:ReliedUponStatuteInformationWithheldText>Bid proposals not incorporated in contracts.</foia:ReliedUponStatuteInformationWithheldText><nc:Case><nc:CaseTitleText>None</nc:CaseTitleText></nc:Case></foia:ReliedUponStatute><foia:ReliedUponStatuteOrganizationAssociation><foia:ComponentDataReference s:ref="ES1"/><nc:OrganizationReference s:ref="ORG1"/><foia:ReliedUponStatuteQuantity>7</foia:ReliedUponStatuteQuantity></foia:ReliedUponStatuteOrganizationAssociation><foia:ReliedUponStatuteOrganizationAssociation><foia:ComponentDataReference s:ref="ES1"/><nc:OrganizationReference s:ref="ORG0"/><foia:ReliedUponStatuteQuantity>7</foia:ReliedUponStatuteQuantity></foia:ReliedUponStatuteOrganizationAssociation></foia:Exemption3StatuteSection><foia:ProcessedRequestSection><foia:ProcessingStatistics s:id="PS1"><foia:ProcessingStatisticsPendingAtStartQuantity>10</foia:ProcessingStatisticsPendingAtStartQuantity><foia:ProcessingStatisticsReceivedQuantity>258</foia:ProcessingStatisticsReceivedQuantity><foia:ProcessingStatisticsProcessedQuantity>240</foia:ProcessingStatisticsProcessedQuantity><foia:ProcessingStatisticsPendingAtEndQuantity>28</foia:ProcessingStatisticsPendingAtEndQuantity></foia:ProcessingStatistics><foia:ProcessingStatistics s:id="PS0"><foia:ProcessingStatisticsPendingAtStartQuantity>10</foia:ProcessingStatisticsPendingAtStartQuantity><foia:ProcessingStatisticsReceivedQuantity>258</foia:ProcessingStatisticsReceivedQuantity><foia:ProcessingStatisticsProcessedQuantity>240</foia:ProcessingStatisticsProcessedQuantity><foia:ProcessingStatisticsPendingAtEndQuantity>28</foia:ProcessingStatisticsPendingAtEndQuantity></foia:ProcessingStatistics><foia:ProcessingStatisticsOrganizationAssociation><foia:ComponentDataReference s:ref="PS1"/><nc:OrganizationReference s:ref="ORG1"/></foia:ProcessingStatisticsOrganizationAssociation><foia:ProcessingStatisticsOrganizationAssociation><foia:ComponentDataReference s:ref="PS0"/><nc:OrganizationReference s:ref="ORG0"/></foia:ProcessingStatisticsOrganizationAssociation></foia:ProcessedRequestSection><foia:RequestDispositionSection><foia:RequestDisposition s:id="RD1"><foia:RequestDispositionFullGrantQuantity>35</foia:RequestDispositionFullGrantQuantity><foia:RequestDispositionPartialGrantQuantity>28</foia:RequestDispositionPartialGrantQuantity><foia:RequestDispositionFullExemptionDenialQuantity>12</foia:RequestDispositionFullExemptionDenialQuantity><foia:NonExemptionDenial><foia:NonExemptionDenialReasonCode>NoRecords</foia:NonExemptionDenialReasonCode><foia:NonExemptionDenialQuantity>9</foia:NonExemptionDenialQuantity></foia:NonExemptionDenial><foia:NonExemptionDenial><foia:NonExemptionDenialReasonCode>Withdrawn</foia:NonExemptionDenialReasonCode><foia:NonExemptionDenialQuantity>13</foia:NonExemptionDenialQuantity></foia:NonExemptionDenial><foia:NonExemptionDenial><foia:NonExemptionDenialReasonCode>FeeRelated</foia:NonExemptionDenialReasonCode><foia:NonExemptionDenialQuantity>64</foia:NonExemptionDenialQuantity></foia:NonExemptionDenial><foia:NonExemptionDenial><foia:NonExemptionDenialReasonCode>NotDescribed</foia:NonExemptionDenialReasonCode><foia:NonExemptionDenialQuantity>11</foia:NonExemptionDenialQuantity></foia:NonExemptionDenial><foia:NonExemptionDenial><foia:NonExemptionDenialReasonCode>ImproperRequest</foia:NonExemptionDenialReasonCode><foia:NonExemptionDenialQuantity>35</foia:NonExemptionDenialQuantity></foia:NonExemptionDenial><foia:NonExemptionDenial><foia:NonExemptionDenialReasonCode>NotAgency</foia:NonExemptionDenialReasonCode><foia:NonExemptionDenialQuantity>3</foia:NonExemptionDenialQuantity></foia:NonExemptionDenial><foia:NonExemptionDenial><foia:NonExemptionDenialReasonCode>Duplicate</foia:NonExemptionDenialReasonCode><foia:NonExemptionDenialQuantity>28</foia:NonExemptionDenialQuantity></foia:NonExemptionDenial><foia:NonExemptionDenial><foia:NonExemptionDenialReasonCode>Other</foia:NonExemptionDenialReasonCode><foia:NonExemptionDenialQuantity>2</foia:NonExemptionDenialQuantity></foia:NonExemptionDenial><foia:RequestDispositionTotalQuantity>240</foia:RequestDispositionTotalQuantity></foia:RequestDisposition><foia:RequestDisposition s:id="RD0"><foia:RequestDispositionFullGrantQuantity>35</foia:RequestDispositionFullGrantQuantity><foia:RequestDispositionPartialGrantQuantity>28</foia:RequestDispositionPartialGrantQuantity><foia:RequestDispositionFullExemptionDenialQuantity>12</foia:RequestDispositionFullExemptionDenialQuantity><foia:NonExemptionDenial><foia:NonExemptionDenialReasonCode>NoRecords</foia:NonExemptionDenialReasonCode><foia:NonExemptionDenialQuantity>9</foia:NonExemptionDenialQuantity></foia:NonExemptionDenial><foia:NonExemptionDenial><foia:NonExemptionDenialReasonCode>Withdrawn</foia:NonExemptionDenialReasonCode><foia:NonExemptionDenialQuantity>13</foia:NonExemptionDenialQuantity></foia:NonExemptionDenial><foia:NonExemptionDenial><foia:NonExemptionDenialReasonCode>FeeRelated</foia:NonExemptionDenialReasonCode><foia:NonExemptionDenialQuantity>64</foia:NonExemptionDenialQuantity></foia:NonExemptionDenial><foia:NonExemptionDenial><foia:NonExemptionDenialReasonCode>NotDescribed</foia:NonExemptionDenialReasonCode><foia:NonExemptionDenialQuantity>11</foia:NonExemptionDenialQuantity></foia:NonExemptionDenial><foia:NonExemptionDenial><foia:NonExemptionDenialReasonCode>ImproperRequest</foia:NonExemptionDenialReasonCode><foia:NonExemptionDenialQuantity>35</foia:NonExemptionDenialQuantity></foia:NonExemptionDenial><foia:NonExemptionDenial><foia:NonExemptionDenialReasonCode>NotAgency</foia:NonExemptionDenialReasonCode><foia:NonExemptionDenialQuantity>3</foia:NonExemptionDenialQuantity></foia:NonExemptionDenial><foia:NonExemptionDenial><foia:NonExemptionDenialReasonCode>Duplicate</foia:NonExemptionDenialReasonCode><foia:NonExemptionDenialQuantity>28</foia:NonExemptionDenialQuantity></foia:NonExemptionDenial><foia:NonExemptionDenial><foia:NonExemptionDenialReasonCode>Other</foia:NonExemptionDenialReasonCode><foia:NonExemptionDenialQuantity>2</foia:NonExemptionDenialQuantity></foia:NonExemptionDenial><foia:RequestDispositionTotalQuantity>240</foia:RequestDispositionTotalQuantity></foia:RequestDisposition><foia:RequestDispositionOrganizationAssociation><foia:ComponentDataReference s:ref="RD1"/><nc:OrganizationReference s:ref="ORG1"/></foia:RequestDispositionOrganizationAssociation><foia:RequestDispositionOrganizationAssociation><foia:ComponentDataReference s:ref="RD0"/><nc:OrganizationReference s:ref="ORG0"/></foia:RequestDispositionOrganizationAssociation></foia:RequestDispositionSection><foia:RequestDenialOtherReasonSection><foia:ComponentOtherDenialReason s:id="CODR1"><foia:OtherDenialReason><foia:OtherDenialReasonDescriptionText>Authorization needed from third party</foia:OtherDenialReasonDescriptionText><foia:OtherDenialReasonQuantity>2</foia:OtherDenialReasonQuantity></foia:OtherDenialReason><foia:ComponentOtherDenialReasonQuantity>2</foia:ComponentOtherDenialReasonQuantity></foia:ComponentOtherDenialReason><foia:ComponentOtherDenialReason s:id="CODR0"><foia:ComponentOtherDenialReasonQuantity>2</foia:ComponentOtherDenialReasonQuantity></foia:ComponentOtherDenialReason><foia:OtherDenialReasonOrganizationAssociation><foia:ComponentDataReference s:ref="CODR1"/><nc:OrganizationReference s:ref="ORG1"/></foia:OtherDenialReasonOrganizationAssociation><foia:OtherDenialReasonOrganizationAssociation><foia:ComponentDataReference s:ref="CODR0"/><nc:OrganizationReference s:ref="ORG0"/></foia:OtherDenialReasonOrganizationAssociation></foia:RequestDenialOtherReasonSection><foia:RequestDispositionAppliedExemptionsSection><foia:ComponentAppliedExemptions s:id="RDE1"><foia:AppliedExemption><foia:AppliedExemptionCode>Ex. 2</foia:AppliedExemptionCode><foia:AppliedExemptionQuantity>10</foia:AppliedExemptionQuantity></foia:AppliedExemption><foia:AppliedExemption><foia:AppliedExemptionCode>Ex. 3</foia:AppliedExemptionCode><foia:AppliedExemptionQuantity>7</foia:AppliedExemptionQuantity></foia:AppliedExemption><foia:AppliedExemption><foia:AppliedExemptionCode>Ex. 4</foia:AppliedExemptionCode><foia:AppliedExemptionQuantity>8</foia:AppliedExemptionQuantity></foia:AppliedExemption><foia:AppliedExemption><foia:AppliedExemptionCode>Ex. 5</foia:AppliedExemptionCode><foia:AppliedExemptionQuantity>22</foia:AppliedExemptionQuantity></foia:AppliedExemption><foia:AppliedExemption><foia:AppliedExemptionCode>Ex. 6</foia:AppliedExemptionCode><foia:AppliedExemptionQuantity>12</foia:AppliedExemptionQuantity></foia:AppliedExemption><foia:AppliedExemption><foia:AppliedExemptionCode>Ex. 7(A)</foia:AppliedExemptionCode><foia:AppliedExemptionQuantity>2</foia:AppliedExemptionQuantity></foia:AppliedExemption><foia:AppliedExemption><foia:AppliedExemptionCode>Ex. 7(C)</foia:AppliedExemptionCode><foia:AppliedExemptionQuantity>5</foia:AppliedExemptionQuantity></foia:AppliedExemption><foia:AppliedExemption><foia:AppliedExemptionCode>Ex. 7(E)</foia:AppliedExemptionCode><foia:AppliedExemptionQuantity>1</foia:AppliedExemptionQuantity></foia:AppliedExemption></foia:ComponentAppliedExemptions><foia:ComponentAppliedExemptions s:id="RDE0"><foia:AppliedExemption><foia:AppliedExemptionCode>Ex. 2</foia:AppliedExemptionCode><foia:AppliedExemptionQuantity>10</foia:AppliedExemptionQuantity></foia:AppliedExemption><foia:AppliedExemption><foia:AppliedExemptionCode>Ex. 3</foia:AppliedExemptionCode><foia:AppliedExemptionQuantity>7</foia:AppliedExemptionQuantity></foia:AppliedExemption><foia:AppliedExemption><foia:AppliedExemptionCode>Ex. 4</foia:AppliedExemptionCode><foia:AppliedExemptionQuantity>8</foia:AppliedExemptionQuantity></foia:AppliedExemption><foia:AppliedExemption><foia:AppliedExemptionCode>Ex. 5</foia:AppliedExemptionCode><foia:AppliedExemptionQuantity>22</foia:AppliedExemptionQuantity></foia:AppliedExemption><foia:AppliedExemption><foia:AppliedExemptionCode>Ex. 6</foia:AppliedExemptionCode><foia:AppliedExemptionQuantity>12</foia:AppliedExemptionQuantity></foia:AppliedExemption><foia:AppliedExemption><foia:AppliedExemptionCode>Ex. 7(A)</foia:AppliedExemptionCode><foia:AppliedExemptionQuantity>2</foia:AppliedExemptionQuantity></foia:AppliedExemption><foia:AppliedExemption><foia:AppliedExemptionCode>Ex. 7(C)</foia:AppliedExemptionCode><foia:AppliedExemptionQuantity>5</foia:AppliedExemptionQuantity></foia:AppliedExemption><foia:AppliedExemption><foia:AppliedExemptionCode>Ex. 7(E)</foia:AppliedExemptionCode><foia:AppliedExemptionQuantity>1</foia:AppliedExemptionQuantity></foia:AppliedExemption></foia:ComponentAppliedExemptions><foia:ComponentAppliedExemptionsOrganizationAssociation><foia:ComponentDataReference s:ref="RDE1"/><nc:OrganizationReference s:ref="ORG1"/></foia:ComponentAppliedExemptionsOrganizationAssociation><foia:ComponentAppliedExemptionsOrganizationAssociation><foia:ComponentDataReference s:ref="RDE0"/><nc:OrganizationReference s:ref="ORG0"/></foia:ComponentAppliedExemptionsOrganizationAssociation></foia:RequestDispositionAppliedExemptionsSection><foia:ProcessedAppealSection><foia:ProcessingStatistics s:id="PA1"><foia:ProcessingStatisticsPendingAtStartQuantity>0</foia:ProcessingStatisticsPendingAtStartQuantity><foia:ProcessingStatisticsReceivedQuantity>2</foia:ProcessingStatisticsReceivedQuantity><foia:ProcessingStatisticsProcessedQuantity>1</foia:ProcessingStatisticsProcessedQuantity><foia:ProcessingStatisticsPendingAtEndQuantity>1</foia:ProcessingStatisticsPendingAtEndQuantity></foia:ProcessingStatistics><foia:ProcessingStatistics s:id="PA0"><foia:ProcessingStatisticsPendingAtStartQuantity>0</foia:ProcessingStatisticsPendingAtStartQuantity><foia:ProcessingStatisticsReceivedQuantity>2</foia:ProcessingStatisticsReceivedQuantity><foia:ProcessingStatisticsProcessedQuantity>1</foia:ProcessingStatisticsProcessedQuantity><foia:ProcessingStatisticsPendingAtEndQuantity>1</foia:ProcessingStatisticsPendingAtEndQuantity></foia:ProcessingStatistics><foia:ProcessingStatisticsOrganizationAssociation><foia:ComponentDataReference s:ref="PA1"/><nc:OrganizationReference s:ref="ORG1"/></foia:ProcessingStatisticsOrganizationAssociation><foia:ProcessingStatisticsOrganizationAssociation><foia:ComponentDataReference s:ref="PA0"/><nc:OrganizationReference s:ref="ORG0"/></foia:ProcessingStatisticsOrganizationAssociation></foia:ProcessedAppealSection><foia:AppealDispositionSection><foia:AppealDisposition s:id="AD1"><foia:AppealDispositionAffirmedQuantity>0</foia:AppealDispositionAffirmedQuantity><foia:AppealDispositionPartialQuantity>0</foia:AppealDispositionPartialQuantity><foia:AppealDispositionReversedQuantity>0</foia:AppealDispositionReversedQuantity><foia:AppealDispositionOtherQuantity>1</foia:AppealDispositionOtherQuantity><foia:AppealDispositionTotalQuantity>1</foia:AppealDispositionTotalQuantity></foia:AppealDisposition><foia:AppealDisposition s:id="AD0"><foia:AppealDispositionAffirmedQuantity>0</foia:AppealDispositionAffirmedQuantity><foia:AppealDispositionPartialQuantity>0</foia:AppealDispositionPartialQuantity><foia:AppealDispositionReversedQuantity>0</foia:AppealDispositionReversedQuantity><foia:AppealDispositionOtherQuantity>1</foia:AppealDispositionOtherQuantity><foia:AppealDispositionTotalQuantity>1</foia:AppealDispositionTotalQuantity></foia:AppealDisposition><foia:AppealDispositionOrganizationAssociation><foia:ComponentDataReference s:ref="AD1"/><nc:OrganizationReference s:ref="ORG1"/></foia:AppealDispositionOrganizationAssociation><foia:AppealDispositionOrganizationAssociation><foia:ComponentDataReference s:ref="AD0"/><nc:OrganizationReference s:ref="ORG0"/></foia:AppealDispositionOrganizationAssociation></foia:AppealDispositionSection><foia:AppealDispositionAppliedExemptionsSection><foia:ComponentAppliedExemptions s:id="ADE1"/><foia:ComponentAppliedExemptions s:id="ADE0"/><foia:ComponentAppliedExemptionsOrganizationAssociation><foia:ComponentDataReference s:ref="ADE1"/><nc:OrganizationReference s:ref="ORG1"/></foia:ComponentAppliedExemptionsOrganizationAssociation><foia:ComponentAppliedExemptionsOrganizationAssociation><foia:ComponentDataReference s:ref="ADE0"/><nc:OrganizationReference s:ref="ORG0"/></foia:ComponentAppliedExemptionsOrganizationAssociation></foia:AppealDispositionAppliedExemptionsSection><foia:AppealNonExemptionDenialSection><foia:AppealNonExemptionDenial s:id="ANE1"><foia:NonExemptionDenial><foia:NonExemptionDenialReasonCode>NoRecords</foia:NonExemptionDenialReasonCode><foia:NonExemptionDenialQuantity>1</foia:NonExemptionDenialQuantity></foia:NonExemptionDenial></foia:AppealNonExemptionDenial><foia:AppealNonExemptionDenial s:id="ANE0"><foia:NonExemptionDenial><foia:NonExemptionDenialReasonCode>NoRecords</foia:NonExemptionDenialReasonCode><foia:NonExemptionDenialQuantity>1</foia:NonExemptionDenialQuantity></foia:NonExemptionDenial></foia:AppealNonExemptionDenial><foia:AppealNonExemptionDenialOrganizationAssociation><foia:ComponentDataReference s:ref="ANE1"/><nc:OrganizationReference s:ref="ORG1"/></foia:AppealNonExemptionDenialOrganizationAssociation><foia:AppealNonExemptionDenialOrganizationAssociation><foia:ComponentDataReference s:ref="ANE0"/><nc:OrganizationReference s:ref="ORG0"/></foia:AppealNonExemptionDenialOrganizationAssociation></foia:AppealNonExemptionDenialSection><foia:AppealDenialOtherReasonSection><foia:ComponentOtherDenialReason s:id="ADOR1"><foia:OtherDenialReason><foia:OtherDenialReasonDescriptionText>N/A</foia:OtherDenialReasonDescriptionText><foia:OtherDenialReasonQuantity>0</foia:OtherDenialReasonQuantity></foia:OtherDenialReason><foia:ComponentOtherDenialReasonQuantity>0</foia:ComponentOtherDenialReasonQuantity></foia:ComponentOtherDenialReason><foia:ComponentOtherDenialReason s:id="ADOR0"><foia:ComponentOtherDenialReasonQuantity>0</foia:ComponentOtherDenialReasonQuantity></foia:ComponentOtherDenialReason><foia:OtherDenialReasonOrganizationAssociation><foia:ComponentDataReference s:ref="ADOR1"/><nc:OrganizationReference s:ref="ORG1"/></foia:OtherDenialReasonOrganizationAssociation><foia:OtherDenialReasonOrganizationAssociation><foia:ComponentDataReference s:ref="ADOR0"/><nc:OrganizationReference s:ref="ORG0"/></foia:OtherDenialReasonOrganizationAssociation></foia:AppealDenialOtherReasonSection><foia:AppealResponseTimeSection><foia:ResponseTime s:id="ART1"><foia:ResponseTimeMedianDaysValue>44</foia:ResponseTimeMedianDaysValue><foia:ResponseTimeAverageDaysValue>44</foia:ResponseTimeAverageDaysValue><foia:ResponseTimeLowestDaysValue>44</foia:ResponseTimeLowestDaysValue><foia:ResponseTimeHighestDaysValue>44</foia:ResponseTimeHighestDaysValue></foia:ResponseTime><foia:ResponseTime s:id="ART0"><foia:ResponseTimeMedianDaysValue>44</foia:ResponseTimeMedianDaysValue><foia:ResponseTimeAverageDaysValue>44</foia:ResponseTimeAverageDaysValue><foia:ResponseTimeLowestDaysValue>44</foia:ResponseTimeLowestDaysValue><foia:ResponseTimeHighestDaysValue>44</foia:ResponseTimeHighestDaysValue></foia:ResponseTime><foia:ResponseTimeOrganizationAssociation><foia:ComponentDataReference s:ref="ART1"/><nc:OrganizationReference s:ref="ORG1"/></foia:ResponseTimeOrganizationAssociation><foia:ResponseTimeOrganizationAssociation><foia:ComponentDataReference s:ref="ART0"/><nc:OrganizationReference s:ref="ORG0"/></foia:ResponseTimeOrganizationAssociation></foia:AppealResponseTimeSection><foia:OldestPendingAppealSection><foia:OldestPendingItems s:id="OPA1"><foia:OldItem><foia:OldItemReceiptDate>2008-03-10</foia:OldItemReceiptDate><foia:OldItemPendingDaysQuantity>143</foia:OldItemPendingDaysQuantity></foia:OldItem></foia:OldestPendingItems><foia:OldestPendingItems s:id="OPA0"><foia:OldItem><foia:OldItemReceiptDate>2008-03-10</foia:OldItemReceiptDate><foia:OldItemPendingDaysQuantity>143</foia:OldItemPendingDaysQuantity></foia:OldItem></foia:OldestPendingItems><foia:OldestPendingItemsOrganizationAssociation><foia:ComponentDataReference s:ref="OPA1"/><nc:OrganizationReference s:ref="ORG1"/></foia:OldestPendingItemsOrganizationAssociation><foia:OldestPendingItemsOrganizationAssociation><foia:ComponentDataReference s:ref="OPA0"/><nc:OrganizationReference s:ref="ORG0"/></foia:OldestPendingItemsOrganizationAssociation></foia:OldestPendingAppealSection><foia:ProcessedResponseTimeSection><foia:ProcessedResponseTime s:id="PRT1"><foia:SimpleResponseTime><foia:ResponseTimeMedianDaysValue>4</foia:ResponseTimeMedianDaysValue><foia:ResponseTimeAverageDaysValue>10</foia:ResponseTimeAverageDaysValue><foia:ResponseTimeLowestDaysCode>LT1</foia:ResponseTimeLowestDaysCode><foia:ResponseTimeHighestDaysValue>26</foia:ResponseTimeHighestDaysValue></foia:SimpleResponseTime><foia:ComplexResponseTime><foia:ResponseTimeMedianDaysValue>14</foia:ResponseTimeMedianDaysValue><foia:ResponseTimeAverageDaysValue>27</foia:ResponseTimeAverageDaysValue><foia:ResponseTimeLowestDaysCode>LT1</foia:ResponseTimeLowestDaysCode><foia:ResponseTimeHighestDaysValue>228</foia:ResponseTimeHighestDaysValue></foia:ComplexResponseTime><foia:ExpeditedResponseTime><foia:ResponseTimeMedianDaysValue>10</foia:ResponseTimeMedianDaysValue><foia:ResponseTimeAverageDaysValue>10</foia:ResponseTimeAverageDaysValue><foia:ResponseTimeLowestDaysValue>2</foia:ResponseTimeLowestDaysValue><foia:ResponseTimeHighestDaysValue>17</foia:ResponseTimeHighestDaysValue></foia:ExpeditedResponseTime></foia:ProcessedResponseTime><foia:ProcessedResponseTime s:id="PRT0"><foia:SimpleResponseTime><foia:ResponseTimeMedianDaysValue>4</foia:ResponseTimeMedianDaysValue><foia:ResponseTimeAverageDaysValue>10</foia:ResponseTimeAverageDaysValue><foia:ResponseTimeLowestDaysCode>LT1</foia:ResponseTimeLowestDaysCode><foia:ResponseTimeHighestDaysValue>26</foia:ResponseTimeHighestDaysValue></foia:SimpleResponseTime><foia:ComplexResponseTime><foia:ResponseTimeMedianDaysValue>14</foia:ResponseTimeMedianDaysValue><foia:ResponseTimeAverageDaysValue>27</foia:ResponseTimeAverageDaysValue><foia:ResponseTimeLowestDaysCode>LT1</foia:ResponseTimeLowestDaysCode><foia:ResponseTimeHighestDaysValue>228</foia:ResponseTimeHighestDaysValue></foia:ComplexResponseTime><foia:ExpeditedResponseTime><foia:ResponseTimeMedianDaysValue>10</foia:ResponseTimeMedianDaysValue><foia:ResponseTimeAverageDaysValue>10</foia:ResponseTimeAverageDaysValue><foia:ResponseTimeLowestDaysValue>2</foia:ResponseTimeLowestDaysValue><foia:ResponseTimeHighestDaysValue>17</foia:ResponseTimeHighestDaysValue></foia:ExpeditedResponseTime></foia:ProcessedResponseTime><foia:ProcessedResponseTimeOrganizationAssociation><foia:ComponentDataReference s:ref="PRT1"/><nc:OrganizationReference s:ref="ORG1"/></foia:ProcessedResponseTimeOrganizationAssociation><foia:ProcessedResponseTimeOrganizationAssociation><foia:ComponentDataReference s:ref="PRT0"/><nc:OrganizationReference s:ref="ORG0"/></foia:ProcessedResponseTimeOrganizationAssociation></foia:ProcessedResponseTimeSection><foia:InformationGrantedResponseTimeSection><foia:ProcessedResponseTime s:id="IGR1"><foia:SimpleResponseTime><foia:ResponseTimeMedianDaysValue>10</foia:ResponseTimeMedianDaysValue><foia:ResponseTimeAverageDaysValue>12</foia:ResponseTimeAverageDaysValue><foia:ResponseTimeLowestDaysCode>LT1</foia:ResponseTimeLowestDaysCode><foia:ResponseTimeHighestDaysValue>26</foia:ResponseTimeHighestDaysValue></foia:SimpleResponseTime><foia:ComplexResponseTime><foia:ResponseTimeMedianDaysValue>14</foia:ResponseTimeMedianDaysValue><foia:ResponseTimeAverageDaysValue>25</foia:ResponseTimeAverageDaysValue><foia:ResponseTimeLowestDaysCode>LT1</foia:ResponseTimeLowestDaysCode><foia:ResponseTimeHighestDaysValue>156</foia:ResponseTimeHighestDaysValue></foia:ComplexResponseTime><foia:ExpeditedResponseTime><foia:ResponseTimeMedianDaysValue>0.0000</foia:ResponseTimeMedianDaysValue><foia:ResponseTimeAverageDaysValue>0.0000</foia:ResponseTimeAverageDaysValue><foia:ResponseTimeLowestDaysValue>0.0000</foia:ResponseTimeLowestDaysValue><foia:ResponseTimeHighestDaysValue>0.0000</foia:ResponseTimeHighestDaysValue></foia:ExpeditedResponseTime></foia:ProcessedResponseTime><foia:ProcessedResponseTime s:id="IGR0"><foia:SimpleResponseTime><foia:ResponseTimeMedianDaysValue>10</foia:ResponseTimeMedianDaysValue><foia:ResponseTimeAverageDaysValue>12</foia:ResponseTimeAverageDaysValue><foia:ResponseTimeLowestDaysCode>LT1</foia:ResponseTimeLowestDaysCode><foia:ResponseTimeHighestDaysValue>26</foia:ResponseTimeHighestDaysValue></foia:SimpleResponseTime><foia:ComplexResponseTime><foia:ResponseTimeMedianDaysValue>14</foia:ResponseTimeMedianDaysValue><foia:ResponseTimeAverageDaysValue>25</foia:ResponseTimeAverageDaysValue><foia:ResponseTimeLowestDaysCode>LT1</foia:ResponseTimeLowestDaysCode><foia:ResponseTimeHighestDaysValue>156</foia:ResponseTimeHighestDaysValue></foia:ComplexResponseTime><foia:ExpeditedResponseTime><foia:ResponseTimeMedianDaysValue>0.0000</foia:ResponseTimeMedianDaysValue><foia:ResponseTimeAverageDaysValue>0.0000</foia:ResponseTimeAverageDaysValue><foia:ResponseTimeLowestDaysValue>0.0000</foia:ResponseTimeLowestDaysValue><foia:ResponseTimeHighestDaysValue>0.0000</foia:ResponseTimeHighestDaysValue></foia:ExpeditedResponseTime></foia:ProcessedResponseTime><foia:ProcessedResponseTimeOrganizationAssociation><foia:ComponentDataReference s:ref="IGR1"/><nc:OrganizationReference s:ref="ORG1"/></foia:ProcessedResponseTimeOrganizationAssociation><foia:ProcessedResponseTimeOrganizationAssociation><foia:ComponentDataReference s:ref="IGR0"/><nc:OrganizationReference s:ref="ORG0"/></foia:ProcessedResponseTimeOrganizationAssociation></foia:InformationGrantedResponseTimeSection><foia:SimpleResponseTimeIncrementsSection><foia:ComponentResponseTimeIncrements s:id="SRT1"><foia:TimeIncrement><foia:TimeIncrementCode>1-20</foia:TimeIncrementCode><foia:TimeIncrementProcessedQuantity>6</foia:TimeIncrementProcessedQuantity></foia:TimeIncrement><foia:TimeIncrement><foia:TimeIncrementCode>21-40</foia:TimeIncrementCode><foia:TimeIncrementProcessedQuantity>2</foia:TimeIncrementProcessedQuantity></foia:TimeIncrement><foia:TimeIncrement><foia:TimeIncrementCode>41-60</foia:TimeIncrementCode><foia:TimeIncrementProcessedQuantity>0</foia:TimeIncrementProcessedQuantity></foia:TimeIncrement><foia:TimeIncrement><foia:TimeIncrementCode>61-80</foia:TimeIncrementCode><foia:TimeIncrementProcessedQuantity>0</foia:TimeIncrementProcessedQuantity></foia:TimeIncrement><foia:TimeIncrement><foia:TimeIncrementCode>81-100</foia:TimeIncrementCode><foia:TimeIncrementProcessedQuantity>0</foia:TimeIncrementProcessedQuantity></foia:TimeIncrement><foia:TimeIncrement><foia:TimeIncrementCode>101-120</foia:TimeIncrementCode><foia:TimeIncrementProcessedQuantity>0</foia:TimeIncrementProcessedQuantity></foia:TimeIncrement><foia:TimeIncrement><foia:TimeIncrementCode>121-140</foia:TimeIncrementCode><foia:TimeIncrementProcessedQuantity>0</foia:TimeIncrementProcessedQuantity></foia:TimeIncrement><foia:TimeIncrement><foia:TimeIncrementCode>141-160</foia:TimeIncrementCode><foia:TimeIncrementProcessedQuantity>0</foia:TimeIncrementProcessedQuantity></foia:TimeIncrement><foia:TimeIncrement><foia:TimeIncrementCode>161-180</foia:TimeIncrementCode><foia:TimeIncrementProcessedQuantity>0</foia:TimeIncrementProcessedQuantity></foia:TimeIncrement><foia:TimeIncrement><foia:TimeIncrementCode>181-200</foia:TimeIncrementCode><foia:TimeIncrementProcessedQuantity>0</foia:TimeIncrementProcessedQuantity></foia:TimeIncrement><foia:TimeIncrement><foia:TimeIncrementCode>201-300</foia:TimeIncrementCode><foia:TimeIncrementProcessedQuantity>0</foia:TimeIncrementProcessedQuantity></foia:TimeIncrement><foia:TimeIncrement><foia:TimeIncrementCode>301-400</foia:TimeIncrementCode><foia:TimeIncrementProcessedQuantity>0</foia:TimeIncrementProcessedQuantity></foia:TimeIncrement><foia:TimeIncrement><foia:TimeIncrementCode>401+</foia:TimeIncrementCode><foia:TimeIncrementProcessedQuantity>0</foia:TimeIncrementProcessedQuantity></foia:TimeIncrement><foia:TimeIncrementTotalQuantity>8</foia:TimeIncrementTotalQuantity></foia:ComponentResponseTimeIncrements><foia:ComponentResponseTimeIncrements s:id="SRT0"><foia:TimeIncrement><foia:TimeIncrementCode>1-20</foia:TimeIncrementCode><foia:TimeIncrementProcessedQuantity>6</foia:TimeIncrementProcessedQuantity></foia:TimeIncrement><foia:TimeIncrement><foia:TimeIncrementCode>21-40</foia:TimeIncrementCode><foia:TimeIncrementProcessedQuantity>2</foia:TimeIncrementProcessedQuantity></foia:TimeIncrement><foia:TimeIncrement><foia:TimeIncrementCode>41-60</foia:TimeIncrementCode><foia:TimeIncrementProcessedQuantity>0</foia:TimeIncrementProcessedQuantity></foia:TimeIncrement><foia:TimeIncrement><foia:TimeIncrementCode>61-80</foia:TimeIncrementCode><foia:TimeIncrementProcessedQuantity>0</foia:TimeIncrementProcessedQuantity></foia:TimeIncrement><foia:TimeIncrement><foia:TimeIncrementCode>81-100</foia:TimeIncrementCode><foia:TimeIncrementProcessedQuantity>0</foia:TimeIncrementProcessedQuantity></foia:TimeIncrement><foia:TimeIncrement><foia:TimeIncrementCode>101-120</foia:TimeIncrementCode><foia:TimeIncrementProcessedQuantity>0</foia:TimeIncrementProcessedQuantity></foia:TimeIncrement><foia:TimeIncrement><foia:TimeIncrementCode>121-140</foia:TimeIncrementCode><foia:TimeIncrementProcessedQuantity>0</foia:TimeIncrementProcessedQuantity></foia:TimeIncrement><foia:TimeIncrement><foia:TimeIncrementCode>141-160</foia:TimeIncrementCode><foia:TimeIncrementProcessedQuantity>0</foia:TimeIncrementProcessedQuantity></foia:TimeIncrement><foia:TimeIncrement><foia:TimeIncrementCode>161-180</foia:TimeIncrementCode><foia:TimeIncrementProcessedQuantity>0</foia:TimeIncrementProcessedQuantity></foia:TimeIncrement><foia:TimeIncrement><foia:TimeIncrementCode>181-200</foia:TimeIncrementCode><foia:TimeIncrementProcessedQuantity>0</foia:TimeIncrementProcessedQuantity></foia:TimeIncrement><foia:TimeIncrement><foia:TimeIncrementCode>201-300</foia:TimeIncrementCode><foia:TimeIncrementProcessedQuantity>0</foia:TimeIncrementProcessedQuantity></foia:TimeIncrement><foia:TimeIncrement><foia:TimeIncrementCode>301-400</foia:TimeIncrementCode><foia:TimeIncrementProcessedQuantity>0</foia:TimeIncrementProcessedQuantity></foia:TimeIncrement><foia:TimeIncrement><foia:TimeIncrementCode>401+</foia:TimeIncrementCode><foia:TimeIncrementProcessedQuantity>0</foia:TimeIncrementProcessedQuantity></foia:TimeIncrement><foia:TimeIncrementTotalQuantity>8</foia:TimeIncrementTotalQuantity></foia:ComponentResponseTimeIncrements><foia:ResponseTimeIncrementsOrganizationAssociation><foia:ComponentDataReference s:ref="SRT1"/><nc:OrganizationReference s:ref="ORG1"/></foia:ResponseTimeIncrementsOrganizationAssociation><foia:ResponseTimeIncrementsOrganizationAssociation><foia:ComponentDataReference s:ref="SRT0"/><nc:OrganizationReference s:ref="ORG0"/></foia:ResponseTimeIncrementsOrganizationAssociation></foia:SimpleResponseTimeIncrementsSection><foia:ComplexResponseTimeIncrementsSection><foia:ComponentResponseTimeIncrements s:id="CRT1"><foia:TimeIncrement><foia:TimeIncrementCode>1-20</foia:TimeIncrementCode><foia:TimeIncrementProcessedQuantity>65</foia:TimeIncrementProcessedQuantity></foia:TimeIncrement><foia:TimeIncrement><foia:TimeIncrementCode>21-40</foia:TimeIncrementCode><foia:TimeIncrementProcessedQuantity>11</foia:TimeIncrementProcessedQuantity></foia:TimeIncrement><foia:TimeIncrement><foia:TimeIncrementCode>41-60</foia:TimeIncrementCode><foia:TimeIncrementProcessedQuantity>13</foia:TimeIncrementProcessedQuantity></foia:TimeIncrement><foia:TimeIncrement><foia:TimeIncrementCode>61-80</foia:TimeIncrementCode><foia:TimeIncrementProcessedQuantity>6</foia:TimeIncrementProcessedQuantity></foia:TimeIncrement><foia:TimeIncrement><foia:TimeIncrementCode>81-100</foia:TimeIncrementCode><foia:TimeIncrementProcessedQuantity>1</foia:TimeIncrementProcessedQuantity></foia:TimeIncrement><foia:TimeIncrement><foia:TimeIncrementCode>101-120</foia:TimeIncrementCode><foia:TimeIncrementProcessedQuantity>0</foia:TimeIncrementProcessedQuantity></foia:TimeIncrement><foia:TimeIncrement><foia:TimeIncrementCode>121-140</foia:TimeIncrementCode><foia:TimeIncrementProcessedQuantity>2</foia:TimeIncrementProcessedQuantity></foia:TimeIncrement><foia:TimeIncrement><foia:TimeIncrementCode>141-160</foia:TimeIncrementCode><foia:TimeIncrementProcessedQuantity>1</foia:TimeIncrementProcessedQuantity></foia:TimeIncrement><foia:TimeIncrement><foia:TimeIncrementCode>161-180</foia:TimeIncrementCode><foia:TimeIncrementProcessedQuantity>0</foia:TimeIncrementProcessedQuantity></foia:TimeIncrement><foia:TimeIncrement><foia:TimeIncrementCode>181-200</foia:TimeIncrementCode><foia:TimeIncrementProcessedQuantity>0</foia:TimeIncrementProcessedQuantity></foia:TimeIncrement><foia:TimeIncrement><foia:TimeIncrementCode>201-300</foia:TimeIncrementCode><foia:TimeIncrementProcessedQuantity>2</foia:TimeIncrementProcessedQuantity></foia:TimeIncrement><foia:TimeIncrement><foia:TimeIncrementCode>301-400</foia:TimeIncrementCode><foia:TimeIncrementProcessedQuantity>0</foia:TimeIncrementProcessedQuantity></foia:TimeIncrement><foia:TimeIncrement><foia:TimeIncrementCode>401+</foia:TimeIncrementCode><foia:TimeIncrementProcessedQuantity>0</foia:TimeIncrementProcessedQuantity></foia:TimeIncrement><foia:TimeIncrementTotalQuantity>101</foia:TimeIncrementTotalQuantity></foia:ComponentResponseTimeIncrements><foia:ComponentResponseTimeIncrements s:id="CRT0"><foia:TimeIncrement><foia:TimeIncrementCode>1-20</foia:TimeIncrementCode><foia:TimeIncrementProcessedQuantity>65</foia:TimeIncrementProcessedQuantity></foia:TimeIncrement><foia:TimeIncrement><foia:TimeIncrementCode>21-40</foia:TimeIncrementCode><foia:TimeIncrementProcessedQuantity>11</foia:TimeIncrementProcessedQuantity></foia:TimeIncrement><foia:TimeIncrement><foia:TimeIncrementCode>41-60</foia:TimeIncrementCode><foia:TimeIncrementProcessedQuantity>13</foia:TimeIncrementProcessedQuantity></foia:TimeIncrement><foia:TimeIncrement><foia:TimeIncrementCode>61-80</foia:TimeIncrementCode><foia:TimeIncrementProcessedQuantity>6</foia:TimeIncrementProcessedQuantity></foia:TimeIncrement><foia:TimeIncrement><foia:TimeIncrementCode>81-100</foia:TimeIncrementCode><foia:TimeIncrementProcessedQuantity>1</foia:TimeIncrementProcessedQuantity></foia:TimeIncrement><foia:TimeIncrement><foia:TimeIncrementCode>101-120</foia:TimeIncrementCode><foia:TimeIncrementProcessedQuantity>0</foia:TimeIncrementProcessedQuantity></foia:TimeIncrement><foia:TimeIncrement><foia:TimeIncrementCode>121-140</foia:TimeIncrementCode><foia:TimeIncrementProcessedQuantity>2</foia:TimeIncrementProcessedQuantity></foia:TimeIncrement><foia:TimeIncrement><foia:TimeIncrementCode>141-160</foia:TimeIncrementCode><foia:TimeIncrementProcessedQuantity>1</foia:TimeIncrementProcessedQuantity></foia:TimeIncrement><foia:TimeIncrement><foia:TimeIncrementCode>161-180</foia:TimeIncrementCode><foia:TimeIncrementProcessedQuantity>0</foia:TimeIncrementProcessedQuantity></foia:TimeIncrement><foia:TimeIncrement><foia:TimeIncrementCode>181-200</foia:TimeIncrementCode><foia:TimeIncrementProcessedQuantity>0</foia:TimeIncrementProcessedQuantity></foia:TimeIncrement><foia:TimeIncrement><foia:TimeIncrementCode>201-300</foia:TimeIncrementCode><foia:TimeIncrementProcessedQuantity>2</foia:TimeIncrementProcessedQuantity></foia:TimeIncrement><foia:TimeIncrement><foia:TimeIncrementCode>301-400</foia:TimeIncrementCode><foia:TimeIncrementProcessedQuantity>0</foia:TimeIncrementProcessedQuantity></foia:TimeIncrement><foia:TimeIncrement><foia:TimeIncrementCode>401+</foia:TimeIncrementCode><foia:TimeIncrementProcessedQuantity>0</foia:TimeIncrementProcessedQuantity></foia:TimeIncrement><foia:TimeIncrementTotalQuantity>101</foia:TimeIncrementTotalQuantity></foia:ComponentResponseTimeIncrements><foia:ResponseTimeIncrementsOrganizationAssociation><foia:ComponentDataReference s:ref="CRT1"/><nc:OrganizationReference s:ref="ORG1"/></foia:ResponseTimeIncrementsOrganizationAssociation><foia:ResponseTimeIncrementsOrganizationAssociation><foia:ComponentDataReference s:ref="CRT0"/><nc:OrganizationReference s:ref="ORG0"/></foia:ResponseTimeIncrementsOrganizationAssociation></foia:ComplexResponseTimeIncrementsSection><foia:ExpeditedResponseTimeIncrementsSection><foia:ComponentResponseTimeIncrements s:id="ERT1"><foia:TimeIncrement><foia:TimeIncrementCode>1-20</foia:TimeIncrementCode><foia:TimeIncrementProcessedQuantity>2</foia:TimeIncrementProcessedQuantity></foia:TimeIncrement><foia:TimeIncrement><foia:TimeIncrementCode>21-40</foia:TimeIncrementCode><foia:TimeIncrementProcessedQuantity>0</foia:TimeIncrementProcessedQuantity></foia:TimeIncrement><foia:TimeIncrement><foia:TimeIncrementCode>41-60</foia:TimeIncrementCode><foia:TimeIncrementProcessedQuantity>0</foia:TimeIncrementProcessedQuantity></foia:TimeIncrement><foia:TimeIncrement><foia:TimeIncrementCode>61-80</foia:TimeIncrementCode><foia:TimeIncrementProcessedQuantity>0</foia:TimeIncrementProcessedQuantity></foia:TimeIncrement><foia:TimeIncrement><foia:TimeIncrementCode>81-100</foia:TimeIncrementCode><foia:TimeIncrementProcessedQuantity>0</foia:TimeIncrementProcessedQuantity></foia:TimeIncrement><foia:TimeIncrement><foia:TimeIncrementCode>101-120</foia:TimeIncrementCode><foia:TimeIncrementProcessedQuantity>0</foia:TimeIncrementProcessedQuantity></foia:TimeIncrement><foia:TimeIncrement><foia:TimeIncrementCode>121-140</foia:TimeIncrementCode><foia:TimeIncrementProcessedQuantity>0</foia:TimeIncrementProcessedQuantity></foia:TimeIncrement><foia:TimeIncrement><foia:TimeIncrementCode>141-160</foia:TimeIncrementCode><foia:TimeIncrementProcessedQuantity>0</foia:TimeIncrementProcessedQuantity></foia:TimeIncrement><foia:TimeIncrement><foia:TimeIncrementCode>161-180</foia:TimeIncrementCode><foia:TimeIncrementProcessedQuantity>0</foia:TimeIncrementProcessedQuantity></foia:TimeIncrement><foia:TimeIncrement><foia:TimeIncrementCode>181-200</foia:TimeIncrementCode><foia:TimeIncrementProcessedQuantity>0</foia:TimeIncrementProcessedQuantity></foia:TimeIncrement><foia:TimeIncrement><foia:TimeIncrementCode>201-300</foia:TimeIncrementCode><foia:TimeIncrementProcessedQuantity>0</foia:TimeIncrementProcessedQuantity></foia:TimeIncrement><foia:TimeIncrement><foia:TimeIncrementCode>301-400</foia:TimeIncrementCode><foia:TimeIncrementProcessedQuantity>0</foia:TimeIncrementProcessedQuantity></foia:TimeIncrement><foia:TimeIncrement><foia:TimeIncrementCode>401+</foia:TimeIncrementCode><foia:TimeIncrementProcessedQuantity>0</foia:TimeIncrementProcessedQuantity></foia:TimeIncrement><foia:TimeIncrementTotalQuantity>2</foia:TimeIncrementTotalQuantity></foia:ComponentResponseTimeIncrements><foia:ComponentResponseTimeIncrements s:id="ERT0"><foia:TimeIncrement><foia:TimeIncrementCode>1-20</foia:TimeIncrementCode><foia:TimeIncrementProcessedQuantity>2</foia:TimeIncrementProcessedQuantity></foia:TimeIncrement><foia:TimeIncrement><foia:TimeIncrementCode>21-40</foia:TimeIncrementCode><foia:TimeIncrementProcessedQuantity>0</foia:TimeIncrementProcessedQuantity></foia:TimeIncrement><foia:TimeIncrement><foia:TimeIncrementCode>41-60</foia:TimeIncrementCode><foia:TimeIncrementProcessedQuantity>0</foia:TimeIncrementProcessedQuantity></foia:TimeIncrement><foia:TimeIncrement><foia:TimeIncrementCode>61-80</foia:TimeIncrementCode><foia:TimeIncrementProcessedQuantity>0</foia:TimeIncrementProcessedQuantity></foia:TimeIncrement><foia:TimeIncrement><foia:TimeIncrementCode>81-100</foia:TimeIncrementCode><foia:TimeIncrementProcessedQuantity>0</foia:TimeIncrementProcessedQuantity></foia:TimeIncrement><foia:TimeIncrement><foia:TimeIncrementCode>101-120</foia:TimeIncrementCode><foia:TimeIncrementProcessedQuantity>0</foia:TimeIncrementProcessedQuantity></foia:TimeIncrement><foia:TimeIncrement><foia:TimeIncrementCode>121-140</foia:TimeIncrementCode><foia:TimeIncrementProcessedQuantity>0</foia:TimeIncrementProcessedQuantity></foia:TimeIncrement><foia:TimeIncrement><foia:TimeIncrementCode>141-160</foia:TimeIncrementCode><foia:TimeIncrementProcessedQuantity>0</foia:TimeIncrementProcessedQuantity></foia:TimeIncrement><foia:TimeIncrement><foia:TimeIncrementCode>161-180</foia:TimeIncrementCode><foia:TimeIncrementProcessedQuantity>0</foia:TimeIncrementProcessedQuantity></foia:TimeIncrement><foia:TimeIncrement><foia:TimeIncrementCode>181-200</foia:TimeIncrementCode><foia:TimeIncrementProcessedQuantity>0</foia:TimeIncrementProcessedQuantity></foia:TimeIncrement><foia:TimeIncrement><foia:TimeIncrementCode>201-300</foia:TimeIncrementCode><foia:TimeIncrementProcessedQuantity>0</foia:TimeIncrementProcessedQuantity></foia:TimeIncrement><foia:TimeIncrement><foia:TimeIncrementCode>301-400</foia:TimeIncrementCode><foia:TimeIncrementProcessedQuantity>0</foia:TimeIncrementProcessedQuantity></foia:TimeIncrement><foia:TimeIncrement><foia:TimeIncrementCode>401+</foia:TimeIncrementCode><foia:TimeIncrementProcessedQuantity>0</foia:TimeIncrementProcessedQuantity></foia:TimeIncrement><foia:TimeIncrementTotalQuantity>2</foia:TimeIncrementTotalQuantity></foia:ComponentResponseTimeIncrements><foia:ResponseTimeIncrementsOrganizationAssociation><foia:ComponentDataReference s:ref="ERT1"/><nc:OrganizationReference s:ref="ORG1"/></foia:ResponseTimeIncrementsOrganizationAssociation><foia:ResponseTimeIncrementsOrganizationAssociation><foia:ComponentDataReference s:ref="ERT0"/><nc:OrganizationReference s:ref="ORG0"/></foia:ResponseTimeIncrementsOrganizationAssociation></foia:ExpeditedResponseTimeIncrementsSection><foia:PendingPerfectedRequestsSection><foia:PendingPerfectedRequests s:id="PPR1"><foia:SimplePendingRequestStatistics><foia:PendingRequestQuantity>0</foia:PendingRequestQuantity></foia:SimplePendingRequestStatistics><foia:ComplexPendingRequestStatistics><foia:PendingRequestQuantity>26</foia:PendingRequestQuantity><foia:PendingRequestMedianDaysValue>34</foia:PendingRequestMedianDaysValue><foia:PendingRequestAverageDaysValue>81</foia:PendingRequestAverageDaysValue></foia:ComplexPendingRequestStatistics><foia:ExpeditedPendingRequestStatistics><foia:PendingRequestQuantity>0</foia:PendingRequestQuantity></foia:ExpeditedPendingRequestStatistics></foia:PendingPerfectedRequests><foia:PendingPerfectedRequests s:id="PPR0"><foia:SimplePendingRequestStatistics><foia:PendingRequestQuantity>0</foia:PendingRequestQuantity></foia:SimplePendingRequestStatistics><foia:ComplexPendingRequestStatistics><foia:PendingRequestQuantity>26</foia:PendingRequestQuantity><foia:PendingRequestMedianDaysValue>34</foia:PendingRequestMedianDaysValue><foia:PendingRequestAverageDaysValue>81</foia:PendingRequestAverageDaysValue></foia:ComplexPendingRequestStatistics><foia:ExpeditedPendingRequestStatistics><foia:PendingRequestQuantity>0</foia:PendingRequestQuantity></foia:ExpeditedPendingRequestStatistics></foia:PendingPerfectedRequests><foia:PendingPerfectedRequestsOrganizationAssociation><foia:ComponentDataReference s:ref="PPR1"/><nc:OrganizationReference s:ref="ORG1"/></foia:PendingPerfectedRequestsOrganizationAssociation><foia:PendingPerfectedRequestsOrganizationAssociation><foia:ComponentDataReference s:ref="PPR0"/><nc:OrganizationReference s:ref="ORG0"/></foia:PendingPerfectedRequestsOrganizationAssociation></foia:PendingPerfectedRequestsSection><foia:OldestPendingRequestSection><foia:OldestPendingItems s:id="OPR1"><foia:OldItem><foia:OldItemReceiptDate>2006-03-06</foia:OldItemReceiptDate><foia:OldItemPendingDaysQuantity>671</foia:OldItemPendingDaysQuantity></foia:OldItem><foia:OldItem><foia:OldItemReceiptDate>2007-12-31</foia:OldItemReceiptDate><foia:OldItemPendingDaysQuantity>201</foia:OldItemPendingDaysQuantity></foia:OldItem><foia:OldItem><foia:OldItemReceiptDate>2008-02-21</foia:OldItemReceiptDate><foia:OldItemPendingDaysQuantity>155</foia:OldItemPendingDaysQuantity></foia:OldItem><foia:OldItem><foia:OldItemReceiptDate>2008-03-10</foia:OldItemReceiptDate><foia:OldItemPendingDaysQuantity>143</foia:OldItemPendingDaysQuantity></foia:OldItem><foia:OldItem><foia:OldItemReceiptDate>2008-03-12</foia:OldItemReceiptDate><foia:OldItemPendingDaysQuantity>141</foia:OldItemPendingDaysQuantity></foia:OldItem><foia:OldItem><foia:OldItemReceiptDate>2008-03-31</foia:OldItemReceiptDate><foia:OldItemPendingDaysQuantity>128</foia:OldItemPendingDaysQuantity></foia:OldItem><foia:OldItem><foia:OldItemReceiptDate>2008-06-04</foia:OldItemReceiptDate><foia:OldItemPendingDaysQuantity>82</foia:OldItemPendingDaysQuantity></foia:OldItem><foia:OldItem><foia:OldItemReceiptDate>2008-06-24</foia:OldItemReceiptDate><foia:OldItemPendingDaysQuantity>68</foia:OldItemPendingDaysQuantity></foia:OldItem><foia:OldItem><foia:OldItemReceiptDate>2008-06-25</foia:OldItemReceiptDate><foia:OldItemPendingDaysQuantity>67</foia:OldItemPendingDaysQuantity></foia:OldItem><foia:OldItem><foia:OldItemReceiptDate>2008-07-01</foia:OldItemReceiptDate><foia:OldItemPendingDaysQuantity>63</foia:OldItemPendingDaysQuantity></foia:OldItem></foia:OldestPendingItems><foia:OldestPendingItems s:id="OPR0"><foia:OldItem><foia:OldItemReceiptDate>2006-03-06</foia:OldItemReceiptDate><foia:OldItemPendingDaysQuantity>671</foia:OldItemPendingDaysQuantity></foia:OldItem><foia:OldItem><foia:OldItemReceiptDate>2007-12-31</foia:OldItemReceiptDate><foia:OldItemPendingDaysQuantity>201</foia:OldItemPendingDaysQuantity></foia:OldItem><foia:OldItem><foia:OldItemReceiptDate>2008-02-21</foia:OldItemReceiptDate><foia:OldItemPendingDaysQuantity>155</foia:OldItemPendingDaysQuantity></foia:OldItem><foia:OldItem><foia:OldItemReceiptDate>2008-03-10</foia:OldItemReceiptDate><foia:OldItemPendingDaysQuantity>143</foia:OldItemPendingDaysQuantity></foia:OldItem><foia:OldItem><foia:OldItemReceiptDate>2008-03-12</foia:OldItemReceiptDate><foia:OldItemPendingDaysQuantity>141</foia:OldItemPendingDaysQuantity></foia:OldItem><foia:OldItem><foia:OldItemReceiptDate>2008-03-31</foia:OldItemReceiptDate><foia:OldItemPendingDaysQuantity>128</foia:OldItemPendingDaysQuantity></foia:OldItem><foia:OldItem><foia:OldItemReceiptDate>2008-06-04</foia:OldItemReceiptDate><foia:OldItemPendingDaysQuantity>82</foia:OldItemPendingDaysQuantity></foia:OldItem><foia:OldItem><foia:OldItemReceiptDate>2008-06-24</foia:OldItemReceiptDate><foia:OldItemPendingDaysQuantity>68</foia:OldItemPendingDaysQuantity></foia:OldItem><foia:OldItem><foia:OldItemReceiptDate>2008-06-25</foia:OldItemReceiptDate><foia:OldItemPendingDaysQuantity>67</foia:OldItemPendingDaysQuantity></foia:OldItem><foia:OldItem><foia:OldItemReceiptDate>2008-07-01</foia:OldItemReceiptDate><foia:OldItemPendingDaysQuantity>63</foia:OldItemPendingDaysQuantity></foia:OldItem></foia:OldestPendingItems><foia:OldestPendingItemsOrganizationAssociation><foia:ComponentDataReference s:ref="OPR1"/><nc:OrganizationReference s:ref="ORG1"/></foia:OldestPendingItemsOrganizationAssociation><foia:OldestPendingItemsOrganizationAssociation><foia:ComponentDataReference s:ref="OPR0"/><nc:OrganizationReference s:ref="ORG0"/></foia:OldestPendingItemsOrganizationAssociation></foia:OldestPendingRequestSection><foia:ExpeditedProcessingSection><foia:ExpeditedProcessing s:id="EP1"><foia:RequestGrantedQuantity>3</foia:RequestGrantedQuantity><foia:RequestDeniedQuantity>1</foia:RequestDeniedQuantity><foia:AdjudicationMedianDaysValue>4</foia:AdjudicationMedianDaysValue><foia:AdjudicationAverageDaysValue>7</foia:AdjudicationAverageDaysValue><foia:AdjudicationWithinTenDaysQuantity>3</foia:AdjudicationWithinTenDaysQuantity></foia:ExpeditedProcessing><foia:ExpeditedProcessing s:id="EP0"><foia:RequestGrantedQuantity>3</foia:RequestGrantedQuantity><foia:RequestDeniedQuantity>1</foia:RequestDeniedQuantity><foia:AdjudicationMedianDaysValue>4</foia:AdjudicationMedianDaysValue><foia:AdjudicationAverageDaysValue>7</foia:AdjudicationAverageDaysValue><foia:AdjudicationWithinTenDaysQuantity>3</foia:AdjudicationWithinTenDaysQuantity></foia:ExpeditedProcessing><foia:ExpeditedProcessingOrganizationAssociation><foia:ComponentDataReference s:ref="EP1"/><nc:OrganizationReference s:ref="ORG1"/></foia:ExpeditedProcessingOrganizationAssociation><foia:ExpeditedProcessingOrganizationAssociation><foia:ComponentDataReference s:ref="EP0"/><nc:OrganizationReference s:ref="ORG0"/></foia:ExpeditedProcessingOrganizationAssociation></foia:ExpeditedProcessingSection><foia:FeeWaiverSection><foia:FeeWaiver s:id="FW1"><foia:RequestGrantedQuantity>1</foia:RequestGrantedQuantity><foia:RequestDeniedQuantity>2</foia:RequestDeniedQuantity><foia:AdjudicationMedianDaysValue>13</foia:AdjudicationMedianDaysValue><foia:AdjudicationAverageDaysValue>28</foia:AdjudicationAverageDaysValue></foia:FeeWaiver><foia:FeeWaiver s:id="FW0"><foia:RequestGrantedQuantity>1</foia:RequestGrantedQuantity><foia:RequestDeniedQuantity>2</foia:RequestDeniedQuantity><foia:AdjudicationMedianDaysValue>13</foia:AdjudicationMedianDaysValue><foia:AdjudicationAverageDaysValue>28</foia:AdjudicationAverageDaysValue></foia:FeeWaiver><foia:FeeWaiverOrganizationAssociation><foia:ComponentDataReference s:ref="FW1"/><nc:OrganizationReference s:ref="ORG1"/></foia:FeeWaiverOrganizationAssociation><foia:FeeWaiverOrganizationAssociation><foia:ComponentDataReference s:ref="FW0"/><nc:OrganizationReference s:ref="ORG0"/></foia:FeeWaiverOrganizationAssociation></foia:FeeWaiverSection><foia:PersonnelAndCostSection><foia:PersonnelAndCost s:id="PC1"><foia:FullTimeEmployeeQuantity>1</foia:FullTimeEmployeeQuantity><foia:EquivalentFullTimeEmployeeQuantity>0.00</foia:EquivalentFullTimeEmployeeQuantity><foia:TotalFullTimeStaffQuantity>1.00</foia:TotalFullTimeStaffQuantity><foia:ProcessingCostAmount>120370.00</foia:ProcessingCostAmount><foia:LitigationCostAmount>44648.00</foia:LitigationCostAmount><foia:TotalCostAmount>165018.00</foia:TotalCostAmount></foia:PersonnelAndCost><foia:PersonnelAndCost s:id="PC0"><foia:FullTimeEmployeeQuantity>1</foia:FullTimeEmployeeQuantity><foia:EquivalentFullTimeEmployeeQuantity>0.00</foia:EquivalentFullTimeEmployeeQuantity><foia:TotalFullTimeStaffQuantity>1.00</foia:TotalFullTimeStaffQuantity><foia:ProcessingCostAmount>120370.00</foia:ProcessingCostAmount><foia:LitigationCostAmount>44648.00</foia:LitigationCostAmount><foia:TotalCostAmount>165018.00</foia:TotalCostAmount></foia:PersonnelAndCost><foia:PersonnelAndCostOrganizationAssociation><foia:ComponentDataReference s:ref="PC1"/><nc:OrganizationReference s:ref="ORG1"/></foia:PersonnelAndCostOrganizationAssociation><foia:PersonnelAndCostOrganizationAssociation><foia:ComponentDataReference s:ref="PC0"/><nc:OrganizationReference s:ref="ORG0"/></foia:PersonnelAndCostOrganizationAssociation></foia:PersonnelAndCostSection><foia:FeesCollectedSection><foia:FeesCollected s:id="FC1"><foia:FeesCollectedAmount>3663.00</foia:FeesCollectedAmount><foia:FeesCollectedCostPercent>3.0400</foia:FeesCollectedCostPercent></foia:FeesCollected><foia:FeesCollected s:id="FC0"><foia:FeesCollectedAmount>3663.00</foia:FeesCollectedAmount><foia:FeesCollectedCostPercent>3.0400</foia:FeesCollectedCostPercent></foia:FeesCollected><foia:FeesCollectedOrganizationAssociation><foia:ComponentDataReference s:ref="FC1"/><nc:OrganizationReference s:ref="ORG1"/></foia:FeesCollectedOrganizationAssociation><foia:FeesCollectedOrganizationAssociation><foia:ComponentDataReference s:ref="FC0"/><nc:OrganizationReference s:ref="ORG0"/></foia:FeesCollectedOrganizationAssociation></foia:FeesCollectedSection><foia:SubsectionUsedSection><foia:SubsectionUsed s:id="SU0"><foia:TimesUsedQuantity>0</foia:TimesUsedQuantity></foia:SubsectionUsed><foia:SubsectionUsedOrganizationAssociation><foia:ComponentDataReference s:ref="SU0"/><nc:OrganizationReference s:ref="ORG0"/></foia:SubsectionUsedOrganizationAssociation></foia:SubsectionUsedSection><foia:SubsectionPostSection><foia:Subsection s:id="SP0"><foia:PostedbyFOIAQuantity>0</foia:PostedbyFOIAQuantity><foia:PostedbyProgramQuantity>0</foia:PostedbyProgramQuantity></foia:Subsection><foia:SubsectionPostOrganizationAssociation><foia:ComponentDataReference s:ref="SP0"/><nc:OrganizationReference s:ref="ORG0"/></foia:SubsectionPostOrganizationAssociation></foia:SubsectionPostSection><foia:BacklogSection><foia:Backlog s:id="BK1"><foia:BackloggedRequestQuantity>17</foia:BackloggedRequestQuantity><foia:BackloggedAppealQuantity>1</foia:BackloggedAppealQuantity></foia:Backlog><foia:Backlog s:id="BK0"><foia:BackloggedRequestQuantity>17</foia:BackloggedRequestQuantity><foia:BackloggedAppealQuantity>1</foia:BackloggedAppealQuantity></foia:Backlog><foia:BacklogOrganizationAssociation><foia:ComponentDataReference s:ref="BK1"/><nc:OrganizationReference s:ref="ORG1"/></foia:BacklogOrganizationAssociation><foia:BacklogOrganizationAssociation><foia:ComponentDataReference s:ref="BK0"/><nc:OrganizationReference s:ref="ORG0"/></foia:BacklogOrganizationAssociation><foia:FootnoteText>Amtrak experienced a 17 percent increase in the number of FOIA requests received during FY08.  At the end of FY08,  there were 27 requests pending, 17 of which were perfected requests beyond the statutory limit.  Additional resources have been devoted to reducing the backlog, and at the time of this report, Amtrak has reduced the FY08 year end backlog by over half.</foia:FootnoteText></foia:BacklogSection><foia:ProcessedConsultationSection><foia:ProcessingStatistics s:id="PCN1"><foia:ProcessingStatisticsPendingAtStartQuantity>0</foia:ProcessingStatisticsPendingAtStartQuantity><foia:ProcessingStatisticsReceivedQuantity>1</foia:ProcessingStatisticsReceivedQuantity><foia:ProcessingStatisticsProcessedQuantity>0</foia:ProcessingStatisticsProcessedQuantity><foia:ProcessingStatisticsPendingAtEndQuantity>1</foia:ProcessingStatisticsPendingAtEndQuantity></foia:ProcessingStatistics><foia:ProcessingStatistics s:id="PCN0"><foia:ProcessingStatisticsPendingAtStartQuantity>0</foia:ProcessingStatisticsPendingAtStartQuantity><foia:ProcessingStatisticsReceivedQuantity>1</foia:ProcessingStatisticsReceivedQuantity><foia:ProcessingStatisticsProcessedQuantity>0</foia:ProcessingStatisticsProcessedQuantity><foia:ProcessingStatisticsPendingAtEndQuantity>1</foia:ProcessingStatisticsPendingAtEndQuantity></foia:ProcessingStatistics><foia:ProcessingStatisticsOrganizationAssociation><foia:ComponentDataReference s:ref="PCN1"/><nc:OrganizationReference s:ref="ORG1"/></foia:ProcessingStatisticsOrganizationAssociation><foia:ProcessingStatisticsOrganizationAssociation><foia:ComponentDataReference s:ref="PCN0"/><nc:OrganizationReference s:ref="ORG0"/></foia:ProcessingStatisticsOrganizationAssociation><foia:FootnoteText>Consultation requested by a state agency.</foia:FootnoteText></foia:ProcessedConsultationSection><foia:OldestPendingConsultationSection><foia:OldestPendingItems s:id="OPC1"><foia:OldItem><foia:OldItemReceiptDate>2008-04-01</foia:OldItemReceiptDate><foia:OldItemPendingDaysQuantity>182</foia:OldItemPendingDaysQuantity></foia:OldItem></foia:OldestPendingItems><foia:OldestPendingItems s:id="OPC0"><foia:OldItem><foia:OldItemReceiptDate>2008-04-01</foia:OldItemReceiptDate><foia:OldItemPendingDaysQuantity>182</foia:OldItemPendingDaysQuantity></foia:OldItem></foia:OldestPendingItems><foia:OldestPendingItemsOrganizationAssociation><foia:ComponentDataReference s:ref="OPC1"/><nc:OrganizationReference s:ref="ORG1"/></foia:OldestPendingItemsOrganizationAssociation><foia:OldestPendingItemsOrganizationAssociation><foia:ComponentDataReference s:ref="OPC0"/><nc:OrganizationReference s:ref="ORG0"/></foia:OldestPendingItemsOrganizationAssociation></foia:OldestPendingConsultationSection><foia:ProcessedRequestComparisonSection><foia:ProcessingComparison s:id="RPC1"><foia:ItemsReceivedLastYearQuantity>220</foia:ItemsReceivedLastYearQuantity><foia:ItemsReceivedCurrentYearQuantity>258</foia:ItemsReceivedCurrentYearQuantity><foia:ItemsProcessedLastYearQuantity>221</foia:ItemsProcessedLastYearQuantity><foia:ItemsProcessedCurrentYearQuantity>240</foia:ItemsProcessedCurrentYearQuantity></foia:ProcessingComparison><foia:ProcessingComparison s:id="RPC0"><foia:ItemsReceivedLastYearQuantity>220</foia:ItemsReceivedLastYearQuantity><foia:ItemsReceivedCurrentYearQuantity>258</foia:ItemsReceivedCurrentYearQuantity><foia:ItemsProcessedLastYearQuantity>221</foia:ItemsProcessedLastYearQuantity><foia:ItemsProcessedCurrentYearQuantity>240</foia:ItemsProcessedCurrentYearQuantity></foia:ProcessingComparison><foia:ProcessingComparisonOrganizationAssociation><foia:ComponentDataReference s:ref="RPC1"/><nc:OrganizationReference s:ref="ORG1"/></foia:ProcessingComparisonOrganizationAssociation><foia:ProcessingComparisonOrganizationAssociation><foia:ComponentDataReference s:ref="RPC0"/><nc:OrganizationReference s:ref="ORG0"/></foia:ProcessingComparisonOrganizationAssociation></foia:ProcessedRequestComparisonSection><foia:BackloggedRequestComparisonSection><foia:BacklogComparison s:id="RBC1"><foia:BacklogLastYearQuantity>5</foia:BacklogLastYearQuantity><foia:BacklogCurrentYearQuantity>17</foia:BacklogCurrentYearQuantity></foia:BacklogComparison><foia:BacklogComparison s:id="RBC0"><foia:BacklogLastYearQuantity>5</foia:BacklogLastYearQuantity><foia:BacklogCurrentYearQuantity>17</foia:BacklogCurrentYearQuantity></foia:BacklogComparison><foia:BacklogComparisonOrganizationAssociation><foia:ComponentDataReference s:ref="RBC1"/><nc:OrganizationReference s:ref="ORG1"/></foia:BacklogComparisonOrganizationAssociation><foia:BacklogComparisonOrganizationAssociation><foia:ComponentDataReference s:ref="RBC0"/><nc:OrganizationReference s:ref="ORG0"/></foia:BacklogComparisonOrganizationAssociation></foia:BackloggedRequestComparisonSection><foia:ProcessedAppealComparisonSection><foia:ProcessingComparison s:id="APC1"><foia:ItemsReceivedLastYearQuantity>3</foia:ItemsReceivedLastYearQuantity><foia:ItemsReceivedCurrentYearQuantity>2</foia:ItemsReceivedCurrentYearQuantity><foia:ItemsProcessedLastYearQuantity>3</foia:ItemsProcessedLastYearQuantity><foia:ItemsProcessedCurrentYearQuantity>1</foia:ItemsProcessedCurrentYearQuantity></foia:ProcessingComparison><foia:ProcessingComparison s:id="APC0"><foia:ItemsReceivedLastYearQuantity>3</foia:ItemsReceivedLastYearQuantity><foia:ItemsReceivedCurrentYearQuantity>2</foia:ItemsReceivedCurrentYearQuantity><foia:ItemsProcessedLastYearQuantity>3</foia:ItemsProcessedLastYearQuantity><foia:ItemsProcessedCurrentYearQuantity>1</foia:ItemsProcessedCurrentYearQuantity></foia:ProcessingComparison><foia:ProcessingComparisonOrganizationAssociation><foia:ComponentDataReference s:ref="APC1"/><nc:OrganizationReference s:ref="ORG1"/></foia:ProcessingComparisonOrganizationAssociation><foia:ProcessingComparisonOrganizationAssociation><foia:ComponentDataReference s:ref="APC0"/><nc:OrganizationReference s:ref="ORG0"/></foia:ProcessingComparisonOrganizationAssociation></foia:ProcessedAppealComparisonSection><foia:BackloggedAppealComparisonSection><foia:BacklogComparison s:id="ABC1"><foia:BacklogLastYearQuantity>0</foia:BacklogLastYearQuantity><foia:BacklogCurrentYearQuantity>1</foia:BacklogCurrentYearQuantity></foia:BacklogComparison><foia:BacklogComparison s:id="ABC0"><foia:BacklogLastYearQuantity>0</foia:BacklogLastYearQuantity><foia:BacklogCurrentYearQuantity>1</foia:BacklogCurrentYearQuantity></foia:BacklogComparison><foia:BacklogComparisonOrganizationAssociation><foia:ComponentDataReference s:ref="ABC1"/><nc:OrganizationReference s:ref="ORG1"/></foia:BacklogComparisonOrganizationAssociation><foia:BacklogComparisonOrganizationAssociation><foia:ComponentDataReference s:ref="ABC0"/><nc:OrganizationReference s:ref="ORG0"/></foia:BacklogComparisonOrganizationAssociation></foia:BackloggedAppealComparisonSection></iepd:FoiaAnnualReport>
