"Agency","Component","Fiscal Year","Statute","Case Citation","Type of Information Withheld","Number of Times Relied Upon"
"Office of Science and Technology Policy","Agency Overall","2013","N/A","N/A","N/A","0"
"Department of Justice","Agency Overall","2013","10 U.S.C. § 2306a(d)(2)(C)","N/A","Certain contractor information","1"
"Department of Justice","Agency Overall","2013","Fed. R. Crim. P. 6(e), enacted by Act of July 30, 1977, Pub. L. No. 95-78, 91 Stat. 319","Sussman v. USMS, 494 F.3d 1106, 1113 (D.C. Cir. 2007); Fund of Constitutional Gov't v. Nat'l Archives & Records Serv., 656 F.2d 856, 867-68 (D.C. Cir. 1981); Durham v. U.S. Atty. Gen., No. 06-843, 2008 WL 620744, at *2 (E.D. Tex. Mar. 3, 2008); Cozen O'Connor v. U.S. Dep't of Treasury, 570 F. Supp. 2d 749, 776 (E.D. Pa. 2008).","Certain records pertaining to grand jury proceedings","674"
"Department of Justice","Agency Overall","2013","Pub. L. No. 111-8, 123 Stat. 524","City of Chicago v. U.S. Dep't of the Treasury, 423 F.3d 777 (7th Cir. 2005)","Information required to be maintained by Federal Firearms Licensees and information maintained in the ATF Firearms Tracing Systems","136"
"Department of Justice","Agency Overall","2013","26 U.S.C. §§ 6103, 6105","Church of Scientology v. IRS, 484 U.S. 9, 15 (1987) (26 U.S.C. § 6103); Pac. Fisheries, Inc. v. IRS, 395 F. App'x. 438, 440 (9th Cir. 2010) (unpublished disposition) (26 U.S.C. §§ 6103, 6105); Tax Analysts v. IRS, 217 F. Supp. 2d 23, 27-29 (D.D.C. 2002) (26 U.S.C. § 6105).","Certain tax return information and certain tax convention information","51"
"Department of Justice","Agency Overall","2013","42 U.S.C. § 2000g-2(b)","N/A","CRS confidentiality information","1"
"Department of Justice","Agency Overall","2013","15 U.S.C. § 18a(h)","Lieberman v. FTC, 771 F.2d 32 (2d Cir. 1985)","Information submitted in connection with the premerger notification provisions of the Hart-Scott-Rodino Antitrust Improvements Act of 1976","4"
"Department of Justice","Agency Overall","2013","15 U.S.C. § 1314(g)","Motion Picture Ass'n of Am. v. DOJ, No. 80 Civ. 6612, slip op. at 1 (S.D.N.Y. Oct. 6, 1981).","""Any documentary material, answers to written interrogatories, or transcripts of oral testimony"" provided pursuant to certain civil investigative demands pertaining to antitrust investigations","3"
"Department of Justice","Agency Overall","2013","41 U.S.C. § 254b(d)(2)(C)","N/A","Information received relating to commercial items","1"
"Department of Justice","Agency Overall","2013","18 U.S.C. § 3521(b)(1)(g)","Bonadonna v. DOJ, 791 F. Supp. 2d 269, 270 (D. Mass. 2010), aff'd, No. 10–1595, 2011 WL 4770189 (1st Cir. Jan. 7, 2011).","""[T]he identity or location of the person relocated or protected, or any other matter concerning the person or the program after weighing [various factors],"" subject to certain exceptions","54"
"Department of Justice","Agency Overall","2013","10 U.S.C. § 2305(g)","Roman v. NSA, Nos. 09-2947, 09-4281, 09-3344, 09-2504, 09-5633, 2012 WL 569747, at *7 (E.D.N.Y. Feb. 22, 2012); Margolin v. NASA, No. 09-CV-00421-LRH-VPC, 2011 WL 1303221, at *6 (D. Nev. Mar. 31, 2011).","Certain contractor proposals","2"
"Department of Justice","Agency Overall","2013","18 U.S.C. § 701","Jones v. IRS, No. 06-CV-322, 2008 WL 1901208, at *3-4 (W.D. Mich. Apr. 25, 2008).","Establishes penalties for: manufacturing, selling, or possessing ""any badge, identification card, or other insignia, of the design prescribed by the head of any department or agency of the United States for use by any officer or employee thereof, or any colorable imitation thereof""; and photographing, printing, making, or executing ""any engraving, photograph, print, or impression in the likeness of any such badge, identification card, or other insignia, or any colorable imitation thereof""","18"
"Department of Justice","Agency Overall","2013","18 U.S.C. §§ 2510-20","Mendoza v. DEA, No. 07-5006, 2007 U.S. App. LEXIS 22175 (D.C. Cir. Sept. 14, 2007) (per curiam); Lam Lek Chong v. DEA, 929 F.2d 729, 733 (D.C. Cir. 1991); Payne v. DOJ, No. 96-30840, slip op. at 5-6 (5th Cir. July 11, 1997).","Wiretap requests and the contents of any wire, oral, or electronic communication obtained through wiretaps","162"
"Department of Justice","Agency Overall","2013","6 U.S.C. § 133(a)(1)(A)","N/A","Voluntarily shared critical infrastructure information","2"
"Department of Justice","Agency Overall","2013","31 U.S.C. § 3729(c)","","False claims information","1"
"Department of Justice","Agency Overall","2013","31 U.S.C. § 5318(g)(2)","","Information pertaining to suspicious transactions","1"
"Department of Justice","Agency Overall","2013","50 U.S.C. § 403g","Larson v. Dep't of State, 565 F.3d 857, 865 n.2 (D.C. Cir. 2009); Berman v. CIA, 501 F.3d 1136, 1137-38, 1140 (9th Cir. 2007); Makky v. Chertoff, 489 F. Supp. 2d 421, 442 (D.N.J. 2007), aff'd on other grounds, 541 F. 3d 205 (3d Cir. 2008).","Intelligence sources and methods; certain information pertaining to Agency employees, specifically: ""the organization, functions, names, official titles, salaries, or numbers of personnel employed by the Agency""","42"
"Department of Justice","Agency Overall","2013","50 U.S.C. § 431","CIA v. Sims, 471 U.S. 159, 167, 174 n.19 (1985) (dictum); Wolf v. CIA, 569 F. Supp. 2d 1, 8 (D.D.C. 2008).","""[O]perational files of the Central Intelligence Agency""","1"
"Department of Justice","Agency Overall","2013","42 U.S.C. § 3789g","None","Data received by the Bureau of Justice Statistics and used only for statistical or research purposes","9"
"Department of Justice","Agency Overall","2013","10 U.S.C. § 130b","Hiken v. DOD, 521 F. Supp. 2d 1047, 1062 (N.D. Cal. 2007); O'Keefe v. DOD, 463 F. Supp. 2d 317, 325 (E.D.N.Y. 2006); Windel v. United States, No. A02-306, 2005 WL 846206, at *2 (D. Alaska Apr. 11, 2005).","Personally identifiable information pertaining to members of the armed forces assigned to ""routinely deployable unit[s]"" and certain employees of DOD and DHS","1"
"Department of Justice","Agency Overall","2013","10 U.S.C. § 130c","Nat'l Inst. of Military Justice v. DOD, 404 F. Supp. 2d 325, 335-37 (D.D.C. 2005), aff'd on other grounds, 512 F.3d 677 (D.C. Cir. 2008); ACLU v. DOD, 389 F. Supp. 2d 547, 554 (S.D.N.Y. 2005); Gerstein v. DOD, No. 03-5193, slip op. at 8 (N.D. Ca. Dec. 21, 2004).","Certain ""sensitive information of foreign governments"" and certain international organizations","2"
"Department of Justice","Agency Overall","2013","10 U.S.C. § 424","Physicians for Human Rights v. DOD, No. RDB-08-273, 2011 WL 1495942, at *7 (D.D.C. Apr. 19, 2011); Miller v. DOJ, 562 F. Supp.  2d 82, 112 (D.D.C. 2008); Wickwire Gavin, P.C. v. Def. Intelligence Agency, 330 F. Supp. 2d 592, 602 (E.D. Va. 2004).","Organization or any function of, and certain information pertaining to, employees of the Defense Intelligence Agency, the National Reconnaissance Office, and the National Geospatial-Intelligence Agency","3"
"Department of Justice","Agency Overall","2013","10 U.S.C. § 1102","Goodrich v. Dep't of the Air Force, 404 F. Supp. 2d 48. 50-51 (D.D.C. 2005); Dayton Newspapers, Inc. v. Dep't of the Air Force, 107 F. Supp. 2d 912, 917 (S.D. Ohio 1999).","Medical quality assurance records","1"
"Department of Justice","Agency Overall","2013","18 U.S.C. § 4208(c)","DOJ v. Julian, 486 U.S. 1, 9 (1988).","Certain records pertaining to parole determination proceedings","1"
"Department of Justice","Agency Overall","2013","18 U.S.C. § 3123(d)","Jennings v. FBI, No. 03-1651, slip op. at 11-12 (D.D.C. May 6, 2004); Riley v. FBI, No. 00-2378, 2002 U.S. Dist. LEXIS 2632, at *5-6 (D.D.C. Feb. 11, 2002); Manna v. DOJ, 815 F. Supp. 798, 812 (D.N.J. 1993), aff'd on other grounds, 51 F.3d 1158 (3d Cir. 1995).","Certain court ""order[s] authorizing or approving the installation and use of a pen register or a trap and trace device""; information pertaining to ""the existence of the pen register or trap and trace device or the existence of the investigation""","40"
"Department of Justice","Agency Overall","2013","22 U.S.C. § 2778(e)","Council for a Livable World v. U.S. Dep't of State, No. 96-1807, slip op. at 11 (D.D.C. Jan. 21, 1998), amended (D.D.C. Nov. 23, 1998).","Certain information pertaining to export license applications","2"
"Department of Justice","Agency Overall","2013","31 U.S.C. § 5319","Hulstein v. DEA, No. 10-4112, 2011 U.S. Dist. LEXIS 25788, at *7-8 (N.D. Iowa Mar. 11, 2011); Berger v. IRS, 487 F. Supp. 2d 482,  496-97 (D.N.J. 2007), aff'd on other grounds, 288 F. App'x 829 (3d Cir. 2008), cert. denied, 129 S. Ct. 2789 (U.S. 2009); Sciba v. Bd. of Governors of the Fed. Reserve Sys., No. 04-1011, 2005 WL 3201206, at *6 (D.D.C. Nov. 4, 2005).","Reports pertaining to monetary instruments transactions filed under subchapter II of chapter 53 of title 31 and records of those reports","20"
"Department of Justice","Agency Overall","2013","49 U.S.C. § 40119(b)","Pub. Citizen, Inc. v. FAA, 988 F.2d 186, 194 (D.C. Cir. 1993); Gordon v. FBI, 390 F. Supp. 2d 897, 900 (N.D. Cal. 2004)","Certain information obtained or developed in ensuring transportation security if disclosure of that information would: constitute an invasion of personal privacy, reveal a trade secret or confidential commercial or financial information, or be detrimental to transportation safety","3"
"Department of Justice","Agency Overall","2013","50 U.S.C. § 402 note","Houghton v. NSA, No. 09-4440, 2010 WL 1784058, at *3 (3d Cir. May 5, 2010) (per curiam); Larson v. Dep't of State, 565 F.3d 857, 868-69 (D.C. Cir. 2009); Founding Church of Scientology v. NSA, 610 F.2d 824, 827-28 (D.C. Cir. 1979); Roman v. NSA, No. 07-CV-4502, 2009 WL 303686, at *5-6 (E.D.N.Y. Feb. 9, 2009), summary affirmance granted, 354 F. App'x. 591 (2d Cir. 2009)","Information pertaining to the functions or organization of NSA; certain information pertaining to NSA employees","5"
"Department of Justice","Agency Overall","2013","50 U.S.C. § 403-1(i)(1)","CIA v. Sims, 471 U.S. 159, 167 (1985); Berman v. CIA, 501 F.3d 1136, 1137-38, 1140 (9th Cir. 2007); Wolf v. CIA, 473 F.3d 370, 378, 380 (D.C. Cir. 2007).","Intelligence sources and methods","174"
"Department of Justice","Agency Overall","2013","50 U.S.C. § 1702(a)(1)","Wis. Project on Nuclear Arms Control v. U.S. Dep't of Commerce, 317 F.3d 275, 284 (D.C. Cir. 2003).","Authorizes the President to ""regulate . . . prevent or prohibit . . . importation or exportation of . . . any property in which any foreign country or a national thereof has any interest . . . by any person, or with respect to any property, subject to the jurisdiction of the United States""","1"
"Department of Justice","Agency Overall","2013","5 U.S.C. app. § 107(a)","Meyerhoff v. EPA, 958 F.2d 1498, 1500-02 (9th Cir. 1992); Concepcion v. FBI, 606 F. Supp. 2d 14, 33 (D.D.C. 2009), renewed motion for summary judgment granted in part on other grounds, 699 F. Supp. 2d 106 (D.D.C. 2010).","Financial disclosure information pertaining to certain government employees","45"
"Department of Justice","Agency Overall","2013","18 U.S.C. § 3153","N/A","Information regarding pre-trial services","4"
"Department of Justice","Agency Overall","2013","41 U.S.C. § 4702(b)","Sinkfield v. HUD, No. 10-885, 2012 U.S. Dist. LEXIS 35233, at *13-15 (S.D. Ohio Mar. 15, 2012); Hornbostel v. U.S. Dep't of the Interior, 305 F. Supp. 2d 21, 30 (D.D.C. 2003), summary affirmance granted, No. 03-5257, 2004 WL 1900562 (D.C. Cir. Aug. 25, 2004).","Contractor proposals that are in the possession or control of an executive agency and that have not been set forth or incorporated by reference into contracts","1"
"Department of Justice","Agency Overall","2013","41 U.S.C. § 2102(a)","Legal & Safety Employer Research, Inc. v. U.S. Dep't of the Army, No. Civ. S001748, 2001 WL 34098652, at *3-4 (E.D. Cal. May 4, 2001) (dictum).","Contractor bid or proposal information; source selection information","12"
"Court Services and Offender Supervision Agency","Agency Overall","2013","N/A","N/A","N/A","0"
"Chemical Safety and Hazard Investigation Board","Agency Overall","2013","0","N/A","0","0"
"National Endowment for the Arts","Agency Overall","2013","N/A","N/A","N/A","0"
"Federal Communications Commission","Agency Overall","2013","N/A","N/A","N/A","0"
"United States Trade and Development Agency","Agency Overall","2013","41 U.S.C. § 4702(b)","Sinkfield v. HUD, No. 10-885, 2012 U.S. District LEXIS 35233, at *13-15 (S.D. Ohio Mar. 15, 2012);  Hornbostel v. U.S. Dep’t of the Interior, 305 F. Supp. 2d 21, 30 (D.D.C. 2003), summary affirmance granted, No. 03-5257, 2004 WL 1900562 (D.C. Cir. Aug. 25, 2004)","Contractor proposals that are in the possession or control of an executive agency and that have not been set forth or incorporated by reference into contracts.","1"
"National Labor Relations Board","Agency Overall","2013","N/A","N/A","N/A","0"
"Federal Open Market Committee","Agency Overall","2013","N/A","N/A","N/A","0"
"National Capital Planning Commission","Agency Overall","2013","N/A","","None","0"
"Postal Regulatory Commission","Agency Overall","2013","N/A","N/A","N/A","0"
"American Battle Monuments Commission","Agency Overall","2013","0","0","0","0"
"Selective Service System","Agency Overall","2013","N/A","N/A","N/A","0"
"Peace Corps","Agency Overall","2013","N/A","N/A","N/A","0"
"U.S. Commission on Civil Rights","Agency Overall","2013","N/A","0","0","0"
"Department of Agriculture","Agency Overall","2013","5 U.S.C. § 574(b)","None.","Information in connection with dispute resoultion.","4"
"Department of Agriculture","Agency Overall","2013","7 U.S.C. § 608d(2)","None.","Information for marketing order programs that is categorized as trade secrets and commercial or financial information.","3"
"Department of Agriculture","Agency Overall","2013","7 U.S.C. § 1502 (c)","None.","Personal information in connection with policy holders and/or yield data.","2"
"Department of Agriculture","Agency Overall","2013","7 U.S.C. § 2018 (c)","Argus Leader Media v. US Dep't of Agriculture, 2012 WL 4482939 (Sept. 27, 2012).","Names and other personally identifiable information of SNAP (Food Stamps) recipients and firms participating  in program.","25"
"Department of Agriculture","Agency Overall","2013","7 U.S.C. § 2276(a)(2)","Strunk v. U.S. Dep't of Interior, 752 F. Supp. 2d, 39, 44 (D.D.C. 2010).","Information furnished under a provision of law referred to in subsection (d) of this section…unless such information has been transformed into a statistical or aggregate form that does not allow the identification of the person who supplied particular information.","6"
"Department of Agriculture","Agency Overall","2013","7 U.S.C. § 8791","Ctr. for Biological Diversity v. USDA, 626 F.3d 1113, 1118 (9th Cir. 2010); Zanoni v. USDA, 605 F. Supp. 2d 230, 237-381 (D.D.C. 2009)","Information provided by an agricultural producer or owner of agricultural land concerning agricultural operations, farming, or conservation practices, or the land itself, in order to participate in programs of the Department and certain certain geospatial information...maintained by the the Secretary.","354"
"Department of Agriculture","Agency Overall","2013","16 U.S.C. § 470hh","Hornbostel v. U.S. Dep't of the Interior, 305 F. Supp. 2d 21, 30 (D.D.C. 2003), summary affirmance granted, No. 03-5257, 2004 WL 1900562 (D.C. Cir. Aug. 25, 2004).","Information pertaining to the nature and location of certain archaeological resources.","31"
"Department of Agriculture","Agency Overall","2013","16 U.S.C. § 470w-3","None.","Archaeological site maps, cultural resources and historic sites.","14"
"Department of Agriculture","Agency Overall","2013","41 U.S.C. § 2102","Legal & Safety Employer Research, Inc. v. U.S. Dep't of the Army, No. Civ. S001748, 2001 WL 34098652, at 3-4 (E.D. Cal. May 4, 2001)(dictum).","Contractor bid or proposal information; source selection information.","1"
"Department of Agriculture","Agency Overall","2013","41 U.S.C. § 4702(b)","Sinkerfield v. HUD, No. 10-885, 2012 U.S. Dist. Lexis 35233, at 13-15 (S.D. Ohio Mar. 15, 2012); Hornbostel v. Dep't of the Interior, 305 F. Supp. 2d. 21,30 (D.D.C. 2003), summary affirmance granted, No. 03-5257, 2004 WL 1900562 (D.C. Cir. Aug. 25, 2004).","Proposals not set forth or incorporated by reference in a contract entered into between the agency and the contractor.","15"
"National Credit Union Administration","Agency Overall","2013","0","N/A","0","0"
"Federal Mine Safety and Health Review Commission","Agency Overall","2013","0","N/A","0","0"
"Pension Benefit Guaranty Corporation","Agency Overall","2013","29 U.S.C. § 1343","None","Any information or documentary material submitted to the [agency] pursuant to… section [1343 of title 29 of the United States Code]","1"
"Environmental Protection Agency","Agency Overall","2013","7 U.S.C. § 136i-1 (Federal Insecticide, Fungicide, and Rodenticide Act)","Doe v. Veneman, 380 F. 3d 807, 818 (5th Cir. 2004).","Data ""that would directly or indirectly reveal the identity of individual producers [of certain pesticides]""","16"
"Environmental Protection Agency","Agency Overall","2013","Fed. R. Crim. P. 6(e), enacted by Act of July 30, 1977, Pub. L. No. 95-78, 91 Stat. 319","Sussman v. USMS. 494 F.3d 1106, 1113 (D.C. Cir. 2007); Fund for Constitutional Gov't v. Nat'l Archives & Records Serv., 656 F.2d 856, 867-68 (D.C. Cir. 1981); Durham v. U.S. Atty. Gen. No. 06-843, 2008 WL 62744, at *2 (E.D. Tex. Mar. 3, 2008); Cozen O'Con","Certain records pertaining to grand jury proceedings","2"
"Consumer Product Safety Commission","Agency Overall","2013","15 U.S.C. § 2055(a)(2) [Section 6(a)(2) of the Consumer Product Safety Commission Safety Act (CPSA)]","Mulloy v. Consumer Prod. Safety Comm'n, No. C-2-85-645, 1985 U.S. Dist. LEXIS 17194, at **2-5 (S.D. Ohio Aug. 2, 1985)","Trade secret and other confidential business information","207"
"Consumer Product Safety Commission","Agency Overall","2013","15 U.S.C. § 2055(b)(1) [Section 6(b)(1) of the CPSA]","Consumer Prod. Safety Comm'n v. GTE Sylvania, Inc., 447 U.S. 102, 122 (1980); and Krugler v. U.S. Consumer Prod. Safety Comm'n, 1:03-CV-1905-JTC (N.D.GA. June 22, 2004), and Reliance Elec. Co. v. Consumer Prod. Safety Comm'n, 924 F.2d 274 (D.C. Cir. 1991)","Information that identifies a particular brand name of a consumer product","192"
"Consumer Product Safety Commission","Agency Overall","2013","15 U.S.C. § 2055(b)(5) {Section 6(b)(5) of the CPSA]","Reliance Elec. Co. v. Consumer Prod. Safety Comm'n, 924 F.2d 274 (D.C. Cir. 1991)","Information submitted under statutory reporting requirement for certain potentially unsafe consumer products","19"
"Consumer Product Safety Commission","Agency Overall","2013","15 U.S.C. § 2055(e)(1) [Section 6(e)(1) of the CPSA]","None","Information submitted under statutory reporting requirement for certain consumer products involved in product liability ations","7"
"Consumer Product Safety Commission","Agency Overall","2013","15 U.S.C. § 2074(c) [Section 25(c) of the CPSA]","None","Information that identifies injured persons or those treating injured persons, absent consent","176"
"Federal Reserve System","Agency Overall","2013","31 U.S.C. § 5319 (Bank Secrecy Act)","Hulstein v. DEA, No. 10-4112, 2011 U.S. Dist. LEXIS 25788, at *7-8 (N.D. Iowa Mar. 11, 2011); Berger v. IRS, 487 F. Supp. 2d 482, 496-97 (D.N.J. 2007), aff'd on other grounds, 288 F. App'x 829 (3d Cir. 2008), cert. denied, 129 S. Ct. 2789 (U.S. 2009); Sciba v. Bd. of Governors of the Fed. Reserve Sys., No. 04-1011, 2005 WL 3201206, at *6 (D.D.C. Nov. 4, 2005).","Reports pertaining to monetary instruments transactions filed under subchapter II of chapter 53 of title 31 and records of those reports","1"
"Federal Reserve System","Agency Overall","2013","44 U.S.C. § 3501, note (Confidential Information Protection and Statistical Efficiency Act of 2002)","","Census coding for geographical locations.","1"
"Federal Reserve System","Agency Overall","2013","12 U.S.C. § 248(s)(6) (Dodd-Frank Wall Street Reform and Consumer Protection Act","","Information on borrowers at the discount window","1"
"Council of the Inspectors General on Integrity and Efficiency","Agency Overall","2013","0","N/A","0","0"
"Overseas Private Investment Corporation","Agency Overall","2013","0","N/A","0","0"
"Department of Commerce","Agency Overall","2013","50 U.S.C. § 2411(c)","Wis. Project on Nuclear Arms Control v. Dep’t of Commerce, 317 F.3d 275, 284 (D.C. Cir. 2003); Times Publ’g Co. v. U.S. Dep’t of Commerce, 236 F.3d 1286, 1292 (11th Cir. 2001).","Information pertaining to license applications under the Export Administration Act","14"
"Department of Commerce","Agency Overall","2013","35 U.S.C. § 122","Irons & Sears v Dann, 606 F.2d 1215, 1219-21 (D.C. Cir.1979)","Applications for patents; certain information pertaining to applications for patents","12"
"Department of Commerce","Agency Overall","2013","13 U.S.C. §§ 8(b), 9(a)","Baldrige v Shapiro, 455 U.S, 345, 355 (1982)","Certain Census data","20"
"Department of Commerce","Agency Overall","2013","41 U.S.C. § 2102","Legal & Safety Employer Research, Inc. v. U.S. Dep’t of the Army, No. Civ. S001748, 2001 WL 34098652, at *3-4 (E.D. Cal. May 4, 2001) (dictum).","Contractor bid or proposal information; source selection information","1"
"Department of Commerce","Agency Overall","2013","13 U.S.C. § 301(g)","Afr. Fund v. Mosbacher, No. 92 Civ. 289, 1993 WL 183736, at *5 (S.D.N.Y. May 26, 1993); Young Conservative Found., Inc. v. U.S. Dep’t of Commerce, No. 85-3982, 1987 WL 9244, at *2-3 (D.D.C. Mar. 25, 1987).","Shippers’ export declarations or successor documents","11"
"Department of Commerce","Agency Overall","2013","41 U.S.C. § 253b(m)(1)","Sinkfield v. HUD, No. 10-885, 2012 U.S. Dist. LEXIS 35233, at *13-15 (S.D. Ohio Mar. 15, 2012);  Hornbostel v U.S. Dep’t of Interior, 305 F. Supp. 2d 21, 30 (D.D.C. 2003), summary affirmance granted, No. 03-5257, 2004 WL 1900562 (D.C. Cir. Aug. 25, 2004).","Contractor proposals that are in the possession or control of an executive agency and that have not been set forth or incorporated by reference into contracts","6"
"Department of Commerce","Agency Overall","2013","16 U.S.C. § 1881(a)","No Case","Statistical information contained in fishery management plans.","8"
"Department of Commerce","Agency Overall","2013","15 U.S.C. § 7301(c),","No Case","Safety-related information submitted in the course of investigations regarding building failures.","2"
"Department of Commerce","Agency Overall","2013","16 U.S.C. § 1387(d)(8)","No Case","Information pertaining to the “take” of marine mammals in U.S. waters and by U.S. citizens on the high seas, and the importation of marine mammals and marine mammal products into the U.S.","1"
"Department of Commerce","Agency Overall","2013","Fed. R. Crim. P. 6(e), enacted by Act of July 30, 1977, Pub. L. No. 95-78, 91 Stat. 319","Sussman v. USMS, 494 F.3d 1106, 1113 (D.C. Cir. 207); Fund for Constitutional Gov’t v. Nat’l Archives & Records Serv, 656 F.2d 856, 867-68 (D.C. Cir. 1981); Durham v. U.S. Atty. Gen., No. 06-843, 2008 WI. 620744, at *2 (E.D. Tex. Mar. 3, 2008); Cozen O’Connor v. U.S. Dep’t of Treasury, 570 F. Supp. 2d 749, 776 (E.D. Pa. 2008)","Certain records pertaining to grand jury proceedings.","2"
"U.S. Railroad Retirement Board","Agency Overall","2013","45 U.S.C. § 362(d)","Ass'n of Retired Railroad Workers v. U.S. R.R. Retirement Board, 830 F. 2d 331, 334 (D.C. Cir. 1987); Nat'l Ass'n of Retired & Veteran Ry. Employees v. R.R. Ret. Bd., 87-117, slip op. at 5 (N.D. Ohio Feb. 20, 1991)","Information obtained by the Railroad Retirement Board that reveals, in any manner, an employee's identity","27"
"United States International Trade Commission","Agency Overall","2013","N/A","N/A","N/A","0"
"Securities and Exchange Commission","Agency Overall","2013","15 U.S.C. § 78q(h)(5)","N","Associated persons of broker-dealers, government securities brokers or dealers, or municipal securities dealers.","1"
"Securities and Exchange Commission","Agency Overall","2013","41 U.S.C. § 2102","N","Proprietary or source selecting information about ongoing Federal Procurements","1"
"Securities and Exchange Commission","Agency Overall","2013","15 U.S.C. § 78u-6","N","Whistleblower","20"
"Securities and Exchange Commission","Agency Overall","2013","42 U.S.C. § 247d-6b(d)","N","Bioterrorism Preparedness Stockpiles","3"
"Securities and Exchange Commission","Agency Overall","2013","41 U.S.C. § 253b(m)","Y","Contractor Proposals","3"
"Securities and Exchange Commission","Agency Overall","2013","5 U.S.C. App 7(b)(IG Act)","N","Names of employees who provide information or complaints to the Inspector General.","2"
"Securities and Exchange Commission","Agency Overall","2013","15 U.S.C. § 77f(e)(2)","N","Jumpstart Our Business Startups Act, Section 106(e)(2)","1"
"Department of Transportation","Agency Overall","2013","49 U.S.C. § 31105(h)(1)","N/A","Information identifying motor carrier employee whistleblowers","145"
"Department of Transportation","Agency Overall","2013","49 U.S.C. § 40119(b) (Federal Aviation Act)","Pub. Citizen, Inc. v. FAA, 988 F.2d 186, 194 (D.C. Cir. 1993); Gordon v. FBI, 390 F. Supp. 2d 897, 900 (N.D. Cal. 2004)","Certain information obtained or developed in ensuring transportation security if disclosure of that information would: constitute an invasion of personal privacy, reveal a trade secret or confidential commercial or financial information, or be detrimental to transportation safety","132"
"Department of Transportation","Agency Overall","2013","5 U.S.C. App. § 107(a) (Ethics in Government Act of 1978)","Meyerhoff v. EPA, 958 F.2d 1498, 1500-02 (9th Cir. 1992); Concepcion v. FBI, 606 F. Supp. 2d 14, 33 (D.D.C. 2009), renewed motion for summary judgment granted in part on other grounds, 699 F. Supp. 2d 106 (D.D.C. 2010).","Financial disclosure information related to certain employees","2"
"Department of Transportation","Agency Overall","2013","16 U.S.C. § 470w-3","N/A","National historic preservation information","1"
"Department of Transportation","Agency Overall","2013","41 U.S.C. § 2102(a)","Legal & Safety Employer Research, Inc. v. U.S. Dep’t of the Army, No. Civ. S001748, 2001 WL 34098652, at *3-4 (E.D. Cal. May 4, 2001) (dictum).","Contractor bid or proposal information; source selection information","2"
"Department of Transportation","Agency Overall","2013","49 U.S.C. § 46311","N/A","Information from air carrier records","1"
"Department of Transportation","Agency Overall","2013","49 U.S.C. § 1114(f)","N/A","Foreign aircraft accident investigation information","1"
"Department of Transportation","Agency Overall","2013","49 U.S.C. § 40110(e)","N/A","Contract proposal not incorporated into contract","5"
"Department of Transportation","Agency Overall","2013","49 U.S.C. § 40123(a)","N/A","Aviation Safety Action Program voluntarily submitted information","4"
"Department of Transportation","Agency Overall","2013","49 U.S.C. § 30183","N/A","Names of individuals in highway traffic accident and accident investigation files used for research and development activities","2"
"Department of Transportation","Agency Overall","2013","49 U.S.C. § 30305(c)(1)","N/A","National Driver Register information on certain individuals","1"
"Millennium Challenge Corporation","Agency Overall","2013","N/A","N/A","N/A","0"
"Social Security Administration","Agency Overall","2013","26 U.S.C. § 6103, 6105 (Internal Revenue Code)","Church of Scientology v. IRS, 484 U.S. 9, 15 (1987) (26 U.S.C. § 6103) Pac. Fisheries, Inc. v. IRS, No. 09-35618, 2010 WL 3611645, at *2 (9th Cir. September 15, 2010) (unpublished disposition); Tax Analysts v. IRS, 217 F. Supp. 2d 23, 27-29 (D.D.C. 2002) (26 U.S.C. § 6105).","certain tax return information and certain tax convention information","26"
"Department of Health and Human Services","Agency Overall","2013","41 U.S.C. § 4702","Sinkfield v. HUD, No. 10-885, 2012 U.S. Dist. LEXIS 35233, at *13-15 (S.D. Ohio Mar. 15, 2012); Margolin v. NASA, No. 09-CV-00421, 2011 WL 1303221, at *6 (D. Nev. Mar. 31 , 2011);Hornbostel v. U.S. Dep't of the Interior, 305 F. Supp. 2d 21, 30 (D.D.C. 2003), summary affirmance granted, No. 03-5257, 2004 WL 1900562 (D.C. Cir. Aug. 25, 2004).","Contractor proposals that are in the possession or control of an executive agency and that have not been set forth or incorporated by reference into contracts.","40"
"Department of Health and Human Services","Agency Overall","2013","5 U.S.C. app. § 107(a)","Meyeroff v. EPA, 958 F. 3d 1498, 1500-02 (9th Cir. 1992); Concepcion v. FBI, 606 F. Supp. 2d 14, 33 (D.D.C. 2009), renewed motion fir summary judgment granted in part on other grounds, 699 F. Supp. 2d 106 (D.D.C. 2010); Glascoe v. DOJ, No. 04-0486, 2005 WL 1139269, at *1 (D.D.C. May 15, 2005).","Financial Disclosure information pertaining to certain government employees","5"
"Department of Health and Human Services","Agency Overall","2013","21 U.S.C. § 331(j)","Anderson v. HHS., 907 F.2d 936, 950 (10th Cir. 1990)","Certain information ""concerning any methods or process which as a trade secret is entitled to protection""","55"
"Department of Health and Human Services","Agency Overall","2013","21 U.S.C. § 350d(a)(4)","N/A","Food Registration Documents","6"
"Department of Health and Human Services","Agency Overall","2013","42 U.S.C. § 242m(d)","N/A","Guaranteed confidentiality of establishment or person supplying the information or described in it is identfiable.","3"
"Department of Health and Human Services","Agency Overall","2013","42 U.S.C. § 262a(h)","N/A","Enhanced control of dangerous biological agents and toxins/bio-terrorism information","15"
"Department of Health and Human Services","Agency Overall","2013","42 U.S.C. 247d-6b(d)","N/A","National Stockpile","1"
"Department of Health and Human Services","Agency Overall","2013","5 U.S.C. § 574(j)","N/A","Confidential communications with agency Ombudsman (3rd party neutral)","1"
"Department of Health and Human Services","Agency Overall","2013","22 U.S.C. § 288a(c)","N/A","Privileges, exemptions, and immunities of international organizations","1"
"Department of Health and Human Services","Agency Overall","2013","35 U.S.C. § 202(c)(5)","N/A","Invention Utilization Reports","1"
"Department of Health and Human Services","Agency Overall","2013","Inspector General Act of 1978","N/A","Complaints by employees; disclosure of identity, reprisals","3"
"Department of Health and Human Services","Agency Overall","2013","18 U.S.C. § 3509(d)","Tampico v. EOUSA, No. 04-2285, slip op.at 8 (D.D.C. Apr. 29, 2005)","Certain records containing identifying information pertaining to children involved in criminal proceedings","1"
"Department of Health and Human Services","Agency Overall","2013","Fed. R. Crim. P. 6(e), enacted by Act of July 30, 1977, Pub. L. No. 95-78, 91 Stat. 319","Sussmanv. USMS, 494 F. 3d 1106, 1113 (D.C. Cir 2007); Fund for Constititional Gov't v. Nat'l Archives & Records Serv., 656 F. 2d 856, 867-68 (D.C. Cir 1981); Durham v. U.S. Atty. Gen., No. 06-843, 2008 WL 620744, at *2 (E.D. Tex. Mar. 3, 2008); Cozen O'connor v. U.S. Dep't of Treasury, 570 F. Supp. 2d 749, 776 (E.D. Pa. 2008).","Certain records pertaining to grand jury proceedings","1"
"Department of Health and Human Services","Agency Overall","2013","42 U.S.C. § 300aa-12(d)(4)(A)","Long v. DOJ, No. 06CV1086, 2011 WL 113925 @*10 (N.D.N.Y. Mar. 25, 2011)","Medical records presented to a special master or the court in National Vaccine Injury Compensation Program","4"
"Department of Health and Human Services","Agency Overall","2013","42 U.S.C. § 11137(b)","N/A","Adverse reports of helath practitioners conduct","3"
"Department of Health and Human Services","Agency Overall","2013","Public Law 107-347","N/A","Data that are required for exclusively statistical purposes under a pledge of confidentiality","1"
"Armed Forces Retirement Home","Agency Overall","2013","N/A","N/A","N/A","0"
"Federal Housing Finance Agency","Agency Overall","2013","0","N/A","0","0"
"Occupational Safety and Health Review Commission","Agency Overall","2013","0","N/A","0","0"
"Department of the Interior","Agency Overall","2013","41 U.S.C. § 2102(a)","Legal & Safety Employer Research, Inc. v. U.S. Dep't of the Army, No. Civ. S001748, 2001 WL 34098652, at *3-4 (E.D. Cal. May 4, 2001) (dictum).","Contractor bid or proposal information; source selection information","10"
"Department of the Interior","Agency Overall","2013","41 U.S.C. § 4702","Hodes v. U.S. Dep't of Treasury, 2013 U.S. Dist. LEXIS 137377, at *9-10 (D.D.C. 2013); Hornbostel v. U.S. Dep't of the Interior, 305 F. Supp. 2d 21, 29-30 (D.D.C. 2003)","Certain information in contractor proposals; proposals of unsuccessful bidders","7"
"Department of the Interior","Agency Overall","2013","Fed. R. Crim. P. 6(e)(2)(B), enacted by Act of July 30, 1977, Pub. L. No. 95-78, 91 Stat. 319","Sussman v. USMS, 494 F.3d 1106, 1113 (D.C. Cir. 2007); Fund for Constitutional Gov't v. Nat'l Archives & Records Serv., 656 F.2d 856, 867-68 (D.C. Cir. 1981); Durham v. U.S. Atty. Gen., No. 06-843, 2008 WL 620744, at *2 (E.D. Tex. Mar. 3, 2008); Cozen O'Connor v. U.S. Dep't of Treasury, 570 F. Supp. 2d 749, 776 (E.D. Pa. 2008).","Certain records pertaining to grand jury proceedings","4"
"Department of the Interior","Agency Overall","2013","16 U.S.C. § 470hh","Hornbostel v. U.S. Dep't of the Interior, 305 F. Supp. 2d 21, 30 (D.D.C. 2003), summary affirmance granted, No. 03-5257, 2004 WL 1900562 (D.C. Cir. Aug. 25, 2004).","Information pertaining to the nature and location of certain archaeological resources","28"
"Department of the Interior","Agency Overall","2013","16 U.S.C. § 5937","Hornbostel v. U.S. Dep't of the Interior, 305 F. Supp. 2d 21, 30 (D.D.C. 2003), summary affirmance granted, No. 03-5257, 2004 WL 1900562 (D.C. Cir. Aug. 25, 2004); Sw. Ctr. for Biological Diversity v. USDA, 170 F. Supp. 2d 931, 945 (D. Ariz. 2000), aff'd, 314 F.3d 1060, 1062 (9th Cir. 2002); Pease v. U.S. Dep't of Interior, No. 1:99CV113, slip op. at 2, 4 (D. Vt. Sept. 17, 1999).","Information pertaining to: ""endangered, threatened, rare, or commercially valuable"" National Park System resources; ""mineral or paleontological objects within units of the National Park System""; or ""objects of cultural patrimony within units of the National Park System""","4"
"Department of the Interior","Agency Overall","2013","25 U.S.C.  § 2103(c)","Jicarilla Apache v. U.S., 60 Fed. Cl. 611, 613-14 (2004) (dictum) (overturned on other grounds by U.S. v. Jicarilla Apache Nation, 131 S. Ct. 2313 (2011))","Information related to decisions to grant/disapprove minerals agreements for Indian tribes","5"
"Department of the Interior","Agency Overall","2013","16 U.S.C. § 470w-3","Hornbostel v. U.S. Dep't of the Interior, 305 F. Supp. 2d 21, 32-33 (D.D.C. 2003) (dictum), summary affirmance granted, No. 03-5257, 2004 WL 1900562 (D.C. Cir. Aug. 25, 2004)","Information about the location, character or ownership of a historic resource","9"
"United States Postal Service","Agency Overall","2013","39 U.S.C. § 410 (c)(1)","None.","Records relating to names and addresses of postal customers.","256"
"United States Postal Service","Agency Overall","2013","39 U.S.C. § 410 (c)(2)","Wickwire Gavin, P.C. v. USPS, 356 F.3d 588, 589, 597 (4th Cir. 2004); Am. Postal Workers Union, AFL-CIO v. USPS, 742 F. Supp. 2d 76, 81-83 (D.D.C. 2010); Reid v. USPS, No. 05-294, 2006 WL 1876682, at *5-9 (S.D. Ill, July 5, 2006).","Records relating to commercial information that is proprietary to the Postal Service.","133"
"United States Postal Service","Agency Overall","2013","39 U.S.C. § 412","None.","Records containing lists of postal customers.","15"
"United States Postal Service","Agency Overall","2013","Fed. R. Crim. P. 6(e), enacted by Act of July 30, 1977, Pub. L. No. 95-78, 91 Stat. 319","Sussman v. USMS, 494 F.3d 1106, 1113 (D.C. Cir. 2007); Fund for Constitutional Gov't v. Nat'l Archives & Records Serv., 656 F.2d 856, 867-68 (D.C. Cir. 1981); Durham v. U.S. Atty. Gen., No. 06-843, 2008 WL 620744, at *2 (E.D. Tex. Mar. 3, 2008); Cozen O'Connor v. U.S. Dep't of Treasury, 570 F. Supp. 2d 749, 776 (E.D. Pa. 2008).","Grand jury information.","2"
"United States Postal Service","Agency Overall","2013","Inspector General Act of 1978, Section 7(b)","None.","Employee complaint information","5"
"Defense Nuclear Facilities Safety Board","Agency Overall","2013","N/A","N/A","N/A","0"
"United States International Boundary and Water Commission","Agency Overall","2013","0","N/A","0","0"
"Federal Financial Institutions Examination Council","Agency Overall","2013","N/A","N/A","N/A","0"
"Institute of Museum and Library Services","Agency Overall","2013","N/A","N/A","N/A","0"
"Equal Employment Opportunity Commission","Agency Overall","2013","42 U.S.C. § 2000e-5(b), 2000e-8(e)(Civil Rights Act of 1964)","EEOC v. Associated Dry Goods Corp., 449 U.S. 590 (1981); Frito-Lay v. EEOC, 964 F. Supp. 236, 240-43 (W.D. Ky. 1997); and Am. Centennial Ins. Co. v. EEOC, 722 F. Supp. 180, 184 (D.N.J. 1989)","Information pertaining to charges of unlawful employment discrimination practices; information obtained by the EEOC in theinvestigation of charges of unlawful employment practices including conciliation materials; and specific reports and information required to be furnished to the EEOC","2826"
"Equal Employment Opportunity Commission","Agency Overall","2013","42 U.S.C. § 12117","N/A","Information pertaining to charges of unlawful employment practices under the ADA, information obtained by the EEOC in the investigation of charges of unlawful employment practices including conciliation material; and specific reports and information required to be furnished to the EEOC.","2245"
"Equal Employment Opportunity Commission","Agency Overall","2013","42 U.S.C.§ 2000ff-6","N/A","Information pertaining to charges of unlawful employment practices under GINA; information obtained by the EEOC in the investigation of charges of unlawful employment practices including conciliation materials; and specific reports and information required to be furnished to the EEOC.","652"
"General Services Administration","Agency Overall","2013","41 USC § 4702","Margolin v. NASA, No. 09¬CV-00421-LRH-VPC, 2011 WL 1303221, at *6 (D. Nev. Mar. 31, 2011); Hornbostel v. U.S. Dep't of the Interior, 305 F. Supp. 2d 21, 30 (D.D.C. 2003), summary affirmance granted, No. 03-5257, 2004 WL 1900562 (D.C. Cir. Aug. 25, 2004).","Contractor proposals that are in the possession or control of an executive agency and that have not been set forth or incorporated by reference into contracts","32"
"Recovery Accountability and Transparency Board","Agency Overall","2013","N/A","N/A","N/A","0"
"Department of Homeland Security","Agency Overall","2013","49 U.S.C. § 114(s)","Tooley v. Bush, No. 06-306, 2006 WL 3783142, at *19 (D.D.C. Dec. 21, 2006), aff'd on other grounds, 586 F. 3d 1006 (D.C. Cir. 2009); Gordon v. FBI, 390 F. Supp. 2d 897,900 (N.D. Cal. 2004).","Information obetained or developed in carryingout security under the authority of the Aviation and Transportation Security Act or under chapter 449 of this title","2401"
"Department of Homeland Security","Agency Overall","2013","41 U.S.C. § 4702(b)","Sinkfield v. HUD, No. 10-885, 2012 U.S. Dist. LEXIS 35233, at *13-15 (S.D. Ohio Mar. 15, 2012); Hornbostel v. U.S. Dep't of the Interior, 305 F. Supp. 2d 21, 30 (D.D.C. 2003), summary affirmance granted, 2004 WL 1900562 (D.C. Cir. Aug. 25, 2004).","Contractor proposals that are in the possession or control of an executive agency and that have not been set forth or incorporated by reference into contracts","22"
"Department of Homeland Security","Agency Overall","2013","41 U.S.C. § 2102","Legal & Safety Employer Research, Inc. v. U.S. Dep't of the Army, No. Civ. S001748, 2001 WL34098652, at *3-4 (E.D. Cal. 2001) dictum).","Contractor bid or proposal information; source selection information","1"
"Department of Homeland Security","Agency Overall","2013","50 U.S.C. § 403g","Larson v. Dept. of State, 565 F.3d 857, 865 n.2 (D.C. Cir. 2009); Berman v. CIA, 501 F. 3d 1136, 1137-38, 1140 (9thCir. 2007); Makky v. Chertoff, 489 F. Supp. 2d 421, 442 (D.N.J. 2007), aff'd on other grounds, 541 F. 3d 205 (3d Cir. 2008).","Intelligence sources and methods; certain information pertaining to Agency employees, specifically: the organization, functions, names, official titles, salaries, or number of personnel employed by the Agency","34"
"Department of Homeland Security","Agency Overall","2013","18 U.S.C § 2722(a)","","Prohibits the disclosure of personal information from a motor vehicle record","2"
"Department of Homeland Security","Agency Overall","2013","49 U.S.C. § 1114©","McGilvra v. NTSB, 840 F. Supp. 100, 102 (D.Colo. 1993)","Certain ""cockpit voice or video recorder recording[s] or transcript[s] of communications by and between flight crew members and ground stations pertaining to [] incident[s] investigated by the [National Transportation Safety] Board""","136"
"Department of Homeland Security","Agency Overall","2013","42 U.S.C. § 262a(h)","","Enhanced control of dangerous biological agents and toxins/bio-terrorism information","2"
"Department of Homeland Security","Agency Overall","2013","50 U.S.C. app. § 2411(c)","Wis. Project on Nuclear Arms Control v. U.S. Dep't of Commerce, 317 F.3d 275, 284 (D.C. Cir. 2003); Times Publ'g Co. v. U.S. Dep't of Commerce, 236 F.3d 1286, 1292 (11th Cir. 2001).","Information pertaining to license applications under the Export Administration Act","1"
"Department of Homeland Security","Agency Overall","2013","10 U.S.C. § 424","Physicians for Human Rights v. DOD No RDB-08-273, 2011 WL 1495942, at *7 (D.D.C. Apr 19, 2011); Miller v DOJ, 562 F. Supp 2d 82, 112 (D.D.C. 2008); Wickwire Gavin, P.C. v. Def Intelligence Agency, 330 F. Supp 2d 592, 602 (E.D. Va 2004).","Organization or any function of, and certain information pertaining to, employees of the Defense Intelligence Agency…","1"
"Department of Homeland Security","Agency Overall","2013","10 U.S.C. § 130b","Hiken v. DOD 521 F. Supp 2n 1047, 1062 (N.D. Cal. 2007); O'Keefe v. DOD, 463 F. Supp 2d 317, 325 (E.D.N.Y. 2006); Widel v. United States No. A02=306, 2005 WL 846206, at *2 (D. Alaska Apr 11, 2005)","Personnel in overseas, sensitive, or routinely deployable units; nondisclosure of personally identifying information","1"
"Department of Homeland Security","Agency Overall","2013","Fed. R. Crim. P. 6(e), enacted by Act of July 30, 1977, Pub. L. No. 95-78, 91 Stat. 319","Sussman v. USMS, 494 F.3d 1106, 1113 (D.C. Cir. 2007); Fund for Constitutional Gov't v. Nat'l Archives & Records Serv., 656 F.2d 856, 867-68 (D.C. Cir. 1981); Durham v. U.S. Atty. Gen., No 06-843, 2008 WL 620744, at *2 (E.D. Tex. Mar. 3, 2008); Cozen  O'Connor v. U.S. Dep't of Treasury, 570 F. Supp. 2d 749, 776 (E.D. Pa. 2008).","Certain records pertaining to grand jury proceedings","10"
"Department of Homeland Security","Agency Overall","2013","26 U.S.C. § 6103","Church of Scientology v. IRS, 484 U.S. 9 15 (1987)","Tax returns and information therefrom","1740"
"Department of Homeland Security","Agency Overall","2013","18 USC § 3509(d)","Tampico v. EOUSA. No. 04-2285, slip op. at 8 (D.D.C. Apr. 29, 2005)","Information related to child pornography victims","6"
"Department of Homeland Security","Agency Overall","2013","31 USC § 5319","Hulsten v. DEA No.10-4112, 2011 U.S. Dist. LEXIS 25788, at *7-8 (N.D. Iowa Mar. 11, 2011); Berger v. IRS, 487 F. Supp. 2d 482, 496-97 (D.N.J. 2007), aff'd on other grounds, 288 F. App'x 829 (3d Cir. 2008), cert. denied, 129 S. Ct. 2789 (U.S. 2009); Sciba v. Bd. of Governors of the Fed. Reserve Sys., No. 04-1011, 2005 WL 3201206, at *6 (D.D.C. Nov. 4, 2005).","Reports pertaining to monetary instruments transactions filed under subchapter II of chapter 53 of title 31 and records of those reports","3"
"Department of Homeland Security","Agency Overall","2013","18 U.S.C. §§ 2510-20","Mendoza v. DEA, No. 07-5006, 2007 U.S. App. LEXIS 22175 (D.C. Cir. Sept. 14, 2007) (per curiam); Lam Lek Chong v. DEA, 929 F.2d 729, 733 (D.C. Cir. 1991); Payne  v. DOJ, No. 96-30840, slip op. at 5-6 (5th Cir. July 11, 1997).","Wiretap requests and the content of any wire, oral, or electronic communication obtained through wiretaps","1"
"Department of Homeland Security","Agency Overall","2013","18 U.S.C. § 1461","","Obscene or crime-inciting matter","1"
"Department of Homeland Security","Agency Overall","2013","50 U.S.C. § 403-1(i)(1)","CIA v. Sims, 471 U.S. 159, 167 (1985); Berman v. CIA, 501 F.3d 1136, 1137-38, 1140 (9th Cir. 2007); Wolf v. CIA, 473 F.3d 370, 378, 380 (D.C. Cir. 2007).","Intelligence sources and methods","2"
"Office of Government Ethics","Agency Overall","2013","5 U.S.C. app. 105","","Financial disclosure reports","1"
"National Archives and Records Administration","Agency Overall","2013","5 U.S.C. § 574(j)","None","Dispute-resolution communications between a party and a neutral","1"
"National Archives and Records Administration","Agency Overall","2013","10 U.S.C. 424","Physicians for Human Rights v. DOD, No. RDB-08-273, 2011 WL 1495942 at *7 (D.D.C. Apr. 19, 2011); Miller v. DOJ, 562 F. Supp. 2d 82, 112 (D.D.C. 2008); Wickwire Gavin, P.C. v. Def. Intelligence Agency, 330 F. Supp. 2d 592, 602 (E.D. Va. 2004).","Organization or any function of, and certain information pertaining to, employees of the Defense Intelligence Agency, the National Reconnaissance Office, and the National Geospatial-Intelligence Agency","11"
"National Archives and Records Administration","Agency Overall","2013","10 U.S.C. §§ 1506(d), (f)","None","P.O.W. Debriefs","3"
"National Archives and Records Administration","Agency Overall","2013","18 U.S.C. § 798(a)","Larson v. Dep't of State, 565 F.3d 857, 868-69 (D.C. Cir. 2009); N.Y. Times Co. v. DOD, 499 F. Supp. 2d 501, 512 (S.D.N.Y. 2007); Adejumobi v. NSA, No. 07-1237, 2007 WL 4247878, at *3 (M.D. Fla. Dec. 3, 2007) aff'd per curiam, 287 F. App'x 770 (11th Cir. 2008).","Certain classified information pertaining to the communication, intelligence, and cryptographic devices of the United States or any foreign government","1"
"National Archives and Records Administration","Agency Overall","2013","18 U.S.C. §§ 2510-2520","Mendoza v. DEA, No. 07-5006, 2007 U.S. App. LEXIS 22175 (D.C. Cir. Sept. 14, 2007) (per curiam); Lam Lek Chong v. DEA, 929 F.2d 729, 733 (D.C. Cir. 1991); Payne v. DOJ, No. 96-30840, slip op. at 5-6 (5th Cir. July 11, 1997).","Wiretap requests and the contents of any wire, oral, or electronic communication obtained through wiretaps","1"
"National Archives and Records Administration","Agency Overall","2013","22 U.S.C. § 2778(e)","Council for a Livable World v. U.S. Dep't of State, No. 96-1807, slip op. at 11 (D.D.C. Jan. 21, 1998), amended (D.D.C. Nov. 23, 1998)","Certain information pertaining to export license applications","1"
"National Archives and Records Administration","Agency Overall","2013","26 U.S.C.  §§ 6103, 6105","Church of Scientology v. IRS, 484 U.S. 9, 15 (1987)(26 U.S.C. 6103); Pac. Fisheries, Inc. v. IRS, 395 F. App'x, 438, 440 (9th Cir. 2010)(unpublished disposition)(26 U.S.C. 6103, 6105); Tax Analysts v. IRS, 217 F. Supp. 2d 23, 27-29 (D.D.C. 2002)(26 U.S.C. 6105)","Certain tax return information and certain tax convention information","4"
"National Archives and Records Administration","Agency Overall","2013","41 U.S.C. 253(b)(m)(1)","Margolin v. NASA, No. 09-CV-00421-LRH-VPC, 2011 WL 1303221, at 6* (D. Nev. March 31, 2011); Hornbostel v. US Dep’t of the Interior, 305 F. Supp. 2d 21, 30 (D.D.C. 203)","Contractor proposals that are in the possession or control of an executive agency and that have not been set forth or incorporated by reference into contracts","1"
"National Archives and Records Administration","Agency Overall","2013","41 U.S.C. 423(a)(1) Procurement Integrity Act","Legal & Safety Employer Research, Inc. v. U.S. Dep't of the Army, No. Civ. S001748, 2001 WL 34098652, at *3-4 (E.D. Cal. May 4, 2001)(dictum)","Contractor bid or proposal information; source selection information","1"
"National Archives and Records Administration","Agency Overall","2013","42 U.S.C. § 2162","Meeropol v. Smith, No. 75-1121, slip. At 53-55 (D.D.C. Feb. 29, 1984) aff'd in relevant part & remanded in part on other grounds sub nom, Meeropol v. Meese, 790 F.2d 942 (D.C. Cir. 1986)","Restricted Data pertaining to atomic weapons and special nuclear material","3"
"National Archives and Records Administration","Agency Overall","2013","42 U.S.C. § 2168(a)(1)(c)(FRD)","","Restricted and formerly restricted data concerning atomic energy","4"
"National Archives and Records Administration","Agency Overall","2013","50 U.S.C. § 402 note","Houghton v. NSA, No. 09-4440, 2010 WL 1784058, at *3 (3d Cir. May 5, 2010)(per curiam); Larson v. Dep't of State, 565 F. 3d 857, 868-69 (D.C. Cir. 2009); Founding Church of Scientology v. NSA, 610 F.2d 824, 827-28 (D.C. Cir. 1979); Roman v. NSA, No. 07-CV-4502, 2009 WL 303686, at *5-6 (E.D.N.Y. Feb 9, 2009), summary affirmance granted, 354 F. App'x 591 (2d Cir. 2009).","National Security Agency functions and information","6"
"National Archives and Records Administration","Agency Overall","2013","50 U.S.C. § 403-1(i)(1) National Security Act of 1947","CIA v. Sims, 471 U.S. 159, 167 (1985); Berman v. CIA, 501 F. 3d 1136, 1137-38, 1140 (9th Cir. 2007); Wolf v. CIA, 473 F. 3d 370, 378, 380 (D.C. Cir. 2007).","Intelligence sources and methods","30"
"National Archives and Records Administration","Agency Overall","2013","50 U.S.C. § 403(g)","Larson v. Dep't of State, 565 F.3d 857, 865 n.2 (D.C. Cir. 2009); Berman v. CIA, 501 F.3d 1136, 1137-38, 1140 (9th Cir. 2007); Makky v. Chertoff, 489 F. Supp. 2d 421, 442 (D.N.J. 2007), aff'd on other grounds, 541 F. 3d 205 (3d Cir. 2008).","Intelligence sources and methods; certain information pertaining to Agency employees, specifically:  ""the organization, names, official titles,  salaries, or numbers of personnel employed by the Agency""","139"
"National Archives and Records Administration","Agency Overall","2013","50 U.S.C. § 421","None","Identities of U.S. undercover intelligence officers, agents, informants, and sources","2"
"National Archives and Records Administration","Agency Overall","2013","Fed. R. Crim. P 6(e), enacted by Act of July 30, 1977, Pub. L. No. 95-78, 91 Stat. 319","Sussman v. USMS, 494 F. 3d 1106, 1113 (D.C. Cir. 2007); Fund for Constitutional Gov't v. Nat'l Archives & Records Serv., 656 F. 2d 856, 867-68 (D.C. Cir. 1981); Durham v. U.S. Atty. Gen., No. 06-843, 2008 WL 620744, at *2 (E.D. Tex. Mar. 3, 2008); Cozen O'Connor v. U.S. Dep't of Treasury, 570 F. Supp. 2d 749, 776 (E.D. Pa. 2008).","Certain records pertaining to grand jury proceedings","29"
"Legal Services Corporation","Agency Overall","2013","5 U.S.C. app. § 107(a)","Meyerhoff v. EPA, 958 F.2d 1498,  1500-02 (9th Cir. 1992); Concepcion v. FBI,  606 F. Supp. 2d 14, 33 (D.D.C. 2009), renewed motion for summary judgment granted in part on other grounds, 699 F. Supp. 2d 106  (D.D.C. 2010)","Confidential Financial Disclosure Information","2"
"National Mediation Board","Agency Overall","2013","41 U.S.C. § 2102","Legal & Safety Employer Research, Inc. v. U.S. Dep't of the Army, No. Civ. S001748, 2001 WL 34098652, at *3-4 (E.D. Cal. May 4, 2001) (dictum).","Selected contractor proposal","1"
"Office of the Director of National Intelligence","Agency Overall","2013","50 U.S.C. § 3024(i)(1)","CIA v. Sims, 471 U.S. 159 (1985)","Protects information pertaining to intelligence sources and methods pursuant to the National Security Act of 1947.","66"
"Office of the Director of National Intelligence","Agency Overall","2013","50 U.S.C. § 3024(m)(1)","","Protects, among other things, the names and identifying information of ODNI personnel.","111"
"Merit Systems Protection Board","Agency Overall","2013","N/A","N/A","N/A","0"
"Office of National Drug Control Policy","Agency Overall","2013","N/A","N/A","N/A","0"
"Department of Housing and Urban Development","Agency Overall","2013","41 USC 4702(b)","Sinkfield v. HUD, No. 10-885, 2012 U.S. Dist. LEXIS 35223, at *13-15 (S.D. Ohio Mar. 15, 2012); Margolin v. NASA, No. 09-CV-00421, 2011 WL 1303221, at *6 (D. Nev. Mar. 31, 2011); Hornbostel v. U.S. Department of the Interior, 305 F. Supp. 2d 21, 30 (D.D.C. 2003), summary affirmance granted, No. 03-5257, 2004 WL 1900562 (D.C. Cir. Aug. 25, 2004)","Contractor proposals that are in the possession or control of an executive agency and that have not been set forth or incorporated by reference into contracts","5"
"Department of Housing and Urban Development","Agency Overall","2013","42 USC 3610(d)","West v. Jackson, 448 F. Supp. 2d 207, 212-13 (D.D.C. 2006), summary affirmance granted, No. 06-5281, 2007 WL 1723362 (D.C. Cir. Mar. 6, 2007).","Records pertaining to conciliatoin of disputes regarding allegations of unfair housing practices; information derived from housing discrimination investigations and any final invetigative reports pertaining to such investigations","6"
"Department of Housing and Urban Development","Agency Overall","2013","42 USC 3537a","","Covered selected information during the grant selection process","1"
"National Aeronautics and Space Administration","Agency Overall","2013","10 U.S.C. § 2305(g)","Roman v. NSA, Nos. 09-2947, 09=4281, 09-3344, 09-2504, 09-5633, 2012 WL 569747, at *7 (E.D.N.Y. Feb. 22, 2012); Margolin v. NASA, No. 09-CV-00421-LRH-VPC, 2011 WL 1303221, at *6 (D. Nev. Mar. 31, 2011).","Certain contractor proposals","7"
"National Aeronautics and Space Administration","Agency Overall","2013","22 U.S.C. § 2751","None cited","Information subject to the Arms Exports Control; Control Technical data withheld according to regulations establishing lists or categories of technical data that may not be exported, under the Arms Export Control Act.","14"
"National Aeronautics and Space Administration","Agency Overall","2013","41 U.S.C. § 2102","Legal & Safety Employer Research, Inc. V U.S. Dept of the Army, No, Civ. S001748, 2001 UL 34098652, at *3-4 (E.D. Cal. May 4, 2001) (dictum)","Contractor bid or proposal information; source selection information","5"
"National Aeronautics and Space Administration","Agency Overall","2013","5 U.S.C. § 107 (a)","Meyerhoff v. EPA, 958 F.2d 1498, 1500-02 (9th Cir. 1992); Seife v. NIH, 874 F. Supp. 2d 248, 254 (S.D.N.Y. 2012); Concepcion v. FBI, 606 F. Supp. 2d 106 (D.D.C. 2010); Glascoe v. DOJ, No. 04-0486, 2005 WL 1139269, at *1 (D.D.C. May 15, 2005).","Financial disclosure information pertaining to certain government employees.","1"
"Federal Mediation and Conciliation Service","Agency Overall","2013","0","N/A","0","0"
"Federal Retirement Thrift Investment Board","Agency Overall","2013","N/A","N/A","N/A","0"
"U.S. Agency for International Development","Agency Overall","2013","41 U.S.C. § 253b(m)(1) (currently at 41 U.S.C. § 4702)","Margolin v. NASA, No. 09CV-00421, 2011 WL 1303221, at *6 (D. Nev. Mar. 31, 2011); Hornbostel v. U.S. Dep't of the Interior, 305 F. Supp. 2d 21, 30 (D.D.C. 2003), summary affirmance granted, No. 03-5257, 2004 WL 1900562 (D.C. Cir. Aug. 25, 2004)","Contractor proposals that are in the possession or control of an executive agency and that have not been set forth or incorporated by reference into contracts","12"
"U.S. Agency for International Development","Agency Overall","2013","26 U.S.C. § 6103","Church of Scientology v. IRS, 484 U.S. 9, 15 (1987); Pac. Fisheries, Inc. v. IRS, No. 09-35618, 2010 WL 3611645, at *2 (9th Cir. Sep. 15, 2010)(unpublished disposition)","Certain tax return information and certain tax convention information","22"
"Department of the Treasury","Agency Overall","2013","26 U.S.C. §§ 6103","Church of Scientology v. IRS, 484 U.S. 9, 15 (1987)(26 U.S.C. 6103); Pac. Fisheries, Inc. v. IRS, 395 F. App'x. 438, 440 (9th Cir. 2010) (unpublished disposition) (26 U.S.C. §§ 6103, 6105); Tax Analysts v. IRS, 217 F. Supp. 2d 23, 27-29 (D.D.C. 2002) (26 U.S.C. § 6105).","Certain tax return information and certain tax convention information","2866"
"Department of the Treasury","Agency Overall","2013","31 U.S.C. § 5319","Hulstein v. DEA, No. 10-4112, 2011 U.S. Dist. LEXIS 25788, at *7-8 (N.D. Iowa Mar. 11, 2011); Berger v. IRS, 487 F. Supp. 2d 482, 496-97 (D.N.J. 2007), aff'd on other grounds, 288 F. App'x 829 (3d Cir. 2008), cert. denied, 129 S. Ct. 2789 (U.S. 2009); Sciba v. Bd. of Governors of the Fed. Reserve Sys., No. 04-1011, 2005 WL 3201206, at *6 (D.D.C. Nov. 4, 2005).","Reports pertaining to monetary instruments transactions filed under subchapter II of chapter 53 of title 31 and records of those reports","263"
"Department of the Treasury","Agency Overall","2013","26 U.S.C. §§  6105","Church of Scientology v. IRS, 484 U.S. 9, 15 (1987) (26 U.S.C. § 6103); Pac. Fisheries, Inc. v. IRS, 395 F. App'x. 438, 440 (9th Cir. 2010) (unpublished disposition) (26 U.S.C. §§ 6103, 6105); Tax Analysts v. IRS, 217 F. Supp. 2d 23, 27-29 (D.D.C. 2002) (26 U.S.C. § 6105).","Certain tax return information and certain tax convention information","74"
"Department of the Treasury","Agency Overall","2013","18 U.S.C. § 701","Jones v. IRS, No. 06-CV-322, 2008 WL 1901208, at *3-4 (W.D. Mich. Apr. 25, 2008).","Establishes penalties for: manufacturing, selling, or possessing ""any badge, identification card, or other insignia, of the design prescribed by the head of any department or agency of the United States for use by any officer or employee thereof, or any colorable imitation thereof""; and photographing, printing, making, or executing ""any engraving, photograph, print, or impression in the likeness of any such badge, identification card, or other insignia, or any colorable imitation thereof""","29"
"Department of the Treasury","Agency Overall","2013","Fed. R. Crim. P. 6(e), enacted by Act of July 30, 1977, Pub. L. No. 95-78, 91 Stat. 319","Sussman v. USMS, 494 F.3d 1106, 1113 (D.C. Cir. 2007); Fund for Constitutional Gov't v. Nat'l Archives & Records Serv., 656 F.2d 856, 867-68 (D.C. Cir. 1981); Durham v. U.S. Atty. Gen., No. 06-843, 2008 WL 620744, at *2 (E.D. Tex. Mar. 3, 2008); Cozen O'Connor v. U.S. Dep't of Treasury, 570 F. Supp. 2d 749, 776 (E.D. Pa. 2008).","Certain records pertaining to grand jury proceedings","7"
"Department of the Treasury","Agency Overall","2013","5 U.S.C. §§ 7114(b)(4), 7132","Dubin v. Dep't of Treasury, 555 F. Supp. 408, 412 (N.D. Ga. 1981) (5 U.S.C. § 7114(b)(4)), aff'd, 697 F.2d 1093 (11th Cir. 1983) (unpublished table decision); NTEU v. OPM, No. 76-695, slip op. at 3-4  (D.D.C. July 9, 1979) (5 U.S.C. § 7114(b)(4) and 5 U.S.C. § 7132).","Defining agencies' and representatives' duty to negotiate in good faith to include disclosure of certain labor relations  training and guidance materials and limiting the issuance of certain subpoenas","4"
"Department of the Treasury","Agency Overall","2013","41 U.S.C. § 4702","Sinkfield v. HUD, No. 10- 885, 2012 U.S. Dist. LEXIS 35233, at *13-15 (S.D. Ohio Mar. 15, 2012); Hornbostel v. U.S. Dep't of the Interior, 305 F. Supp. 2d 21, 30 (D.D.C. 2003), summary affirmance granted, No. 03-5257, 2004 WL 1900562 (D.C. Cir. Aug. 25, 2004).","Contractor proposals that are in the possession or control of an executive agency and that have not been set forth or incorporated  by reference into contracts","5"
"Federal Maritime Commission","Agency Overall","2013","46 U.S.C. § 40306","","Information regarding Agreements filed with the FMC","2"
"Federal Maritime Commission","Agency Overall","2013","5 U.S.C. § 574","","Dispute resolution communication","1"
"Corporation for National and Community Service (operating as AmeriCorps)","Agency Overall","2013","N/A","N/A","N/A","0"
"Department of Labor","Agency Overall","2013","Federal Mine Safety and Health Act of 1997, Section 103(g)(1), 30 USC 813(g)","None","Complaint Information & Interviews of Miners","3"
"Department of Labor","Agency Overall","2013","Confidential Information Protection and Statistical Efficiency Act of 2002, Title V of Public Law 107-347","None","Confidential Respondent Data to BLS Survey","2"
"Department of Labor","Agency Overall","2013","Fed. R. Crim. P. 6(e), enacted by Act of July 30, 1997, Pub. L. No. 98-78, 91 Stat. 319","Sussman v. USMC, 494 F. 3d 1106, 1113 (D.C. Cir. 2007); Fund for Constitutional Gov’t v. NARS, 656 F.2d 856, 867-68 (D.C. Cir. 1981)","Grand Jury Proceedings","6"
"Federal Deposit Insurance Corporation","Agency Overall","2013","31 U.S.C. §5319 (Bank Secrecy Act)","Hulstein v. DEA, No. 10-4112, 2011 U.S. Dist. LEXIS 25788, at *7-8 (N.D. Iowa Mar. 11, 2011); Berger v. IRS, 487 F. Supp. 2d 482, 496-97 (D.N.J. 2007), aff'd on other grounds, 288 F. App'x 829 (3d Cir. 2008), cert. denied, 129 S. Ct. 2789 (U.S. 2009); Sciba v. Bd. of Governors of the Fed. Reserve Sys., No. 04- 1011, 2005 WL 3201206, at *6 (D.D.C. Nov. 4, 2005).","Reports pertaining to monetary instruments transactions filed under subchapter II of chapter 53 of title 31 and records of those reports","3"
"National Endowment for the Humanities","Agency Overall","2013","N/A","N/A","N/A","0"
"Nuclear Regulatory Commission","Agency Overall","2013","5 U.S.C. § 574(j)","N/A","Dispute Resolution Communications","1"
"National Transportation Safety Board","Agency Overall","2013","49 U.S.C. §1114 (b)(3)","N/A","Voluntarily provided safety-related information if it is not related to the exercise of the NTSB’s accident or incident investigation authority and if the NTSB finds that the disclosure would inhibit the voluntary provision of that type.","3"
"National Transportation Safety Board","Agency Overall","2013","49 U.S.C. §1114 (f)","N/A","Any information relating to Board participation in foreign aircraft accidents, where the country conducting the investigation has not issued its report or two years have not elapsed from the date of the accident.","5"
"Federal Energy Regulatory Commission","Agency Overall","2013","16 U.S.C. § 470hh","Hornbostel v. U.S. Dep't of the Interior, 305 F. Supp. 2d 21, 30 (D.D.C. 2003), summary affirmance granted, No. 03-5257, 2004 WL 1900562 (D.C. Cir. Aug. 25, 2004).","Information pertaining to the nature and location of certain archaeological resources","8"
"Federal Trade Commission","Agency Overall","2013","15 U.S.C. § 46(f)","Doherty v. FTC, No. 80-0513, 1981 WL 2094, at *3 (D.D.C. June 24, 1981) (15 U.S.C. § 46(f)).","""[A]ny trade secret or any commercial or financial information which is obtained from any person and which is privileged or confidential""","55"
"Federal Trade Commission","Agency Overall","2013","15 U.S.C. § 57b-2","A. Michael's Piano, Inc. v. FTC, 18 F.3d 138, 143-44 (2d Cir. 1994) (15 U.S.C. § 57b-2); Carter, Fullerton & Hayes, LLC v. FTC, 637 F. Supp. 2d 1, 9 (D.D.C. 2009) (15 U.S.C. § 57b-2); National Educ. Ass'n v. FTC, No. 79-959-S, 1983 WL 1883, at *1 (D. Mass. Sept. 26, 1983) (15 U.S.C. § 57b-2).","Certain investigative materials received by the FTC and ""provided pursuant to any compulsory process under this subchapter or which is provided voluntarily in place of such compulsory process""","54"
"Federal Trade Commission","Agency Overall","2013","41 U.S.C. § 4702(b)","Sinkfield v. HUD, No. 10-885, 2012 U.S. Dist. LEXIS 35233, at *13-15 (S.D. Ohio Mar. 15, 2012); Hornbostel v. U.S. Dep't of the Interior, 305 F. Supp. 2d 21, 30 (D.D.C. 2003), summary affirmance granted, No. 03-5257, 2004 WL 1900562 (D.C. Cir. Aug. 25, 2004).","Contractor proposals that are in the possession or control of an executive agency and that have not been set forth or incorporated by reference into contracts","1"
"Federal Trade Commission","Agency Overall","2013","15 U.S.C. §18a(h)","Lieberman v. FTC, 771 F.2d 32 (2nd Cir. 1985).","Information submitted in connection with the premerger notification provisions of the Hart-Scott-Rodino Antitrust Improvements Act of 1976.","14"
"Federal Trade Commission","Agency Overall","2013","21 U.S.C. § 355","None","Any information or documentary material that may have been filed pursuant to a pharmaceutical agreement notification.","2"
"Office of Special Counsel","Agency Overall","2013","N/A","N/A","N/A","0"
"Committee for Purchase from People Who Are Blind or Severely Disabled","Agency Overall","2013","N/A","N/A","N/A","0"
"Consumer Financial Protection Bureau","Agency Overall","2013","41 U.S.C. § 4702(b)","Sinkfield v. HUD, No. 10-885, 2012 U.S. Dist. LEXIS 35233, at *13-15 (S.D. Ohio Mar. 15, 2012); Hornbostel v. U.S. Dep't of the Interior, 10 U.S.C 2305 (g)","Contractor proposals that are in the possession or control of an executive agency and that have not been set forth or incorporated by reference into contracts.","4"
"Consumer Financial Protection Bureau","Agency Overall","2013","5 U.S.C. App. § 107(a)","Meyerhoff v. EPA, 958 F.2d 1498 1500-02 (9th Cir. 1992); Concepcion v. FBI, 606 F. Supp. 2d 14, 33 (D.D.C. 2009), renewed motion for summary judgement granted in part on other grounds, 699 F. Supp. 2d 106 (D.D.C. 2010)","Financial disclosure information pertaining to certain government employees.","1"
"Consumer Financial Protection Bureau","Agency Overall","2013","5 U.S.C. § 574(j)","","Administrative Dispute Resolution Act of 1996","1"
"Farm Credit Administration","Agency Overall","2013","N/A","N/A","N/A","0"
"Small Business Administration","Agency Overall","2013","26 U.S.C. 6103, 6105","Church of Scientology v. IRS, 484 U.S. 9, 15 (1987) (26 U.S.C. § 6103); Pac. Fisheries, Inc. v. IRS, 395 F. App'x. 438, 440 (9th Cir. 2010) (unpublished disposition) (26 U.S.C. §§ 6103, 6105); Leonard v. U.S. Dep't of Treasury, No. 10-6625, 2013 WL 4517912, at *2 (D.N.J. Aug. 26, 2013) (26 U.S.C. § 6103); Tax Analysts v. IRS, 217 F. Supp. 2d 23, 27-29 (D.D.C. 2002) (26 U.S.C. § 6105).","Certain tax return information, to include Taxpayer Identification Numbers of third parties, and certain tax convention information","1"
"Small Business Administration","Agency Overall","2013","Fed. R. Crim. Proc. 6(e), enacted by Act of July 30, 1977, Pub. L. No. 95078, 91 Stat. 319","Sussman v. USMS, 494 F.3d 1106, 1113 (D.C. Cir. 2007); Fund for Constitutional Gov't v. Nat'l Archives & Records Serv., 656 F.2d 856, 867-68 (D.C. Cir. 1981); Durham v. U.S. Atty. Gen., No. 06-843, 2008 WL 620744, at *2 (E.D. Tex. Mar. 3, 2008); Cozen O'Connor v. U.S. Dep't of Treasury, 570 F. Supp. 2d 749, 776 (E.D. Pa. 2008).","Certain records pertaining to grand jury proceedings","1"
"Farm Credit System Insurance Corporation","Agency Overall","2013","0","N/A","0","0"
"National Science Foundation","Agency Overall","2013","35 U.S.C. § 122","Irons & Sears v. Dann, 606 F.2d 1215, 1219-21 (D.C. Cir. 1979).","Applications for patents; certain information pertaining to applications for patents","7"
"National Science Foundation","Agency Overall","2013","41 U.S.C. § 4702","Sinkfield v. HUD, No. 10-885, 2012 U.S. Dist. LEXIS 35233, at *13-15 (S.D. Ohio Mar. 15, 2012); Hornbostel v. U.S. Dep't of the Interior, 305 F. Supp. 2d 21, 30 (D.D.C. 2003), summary affirmance granted, No. 03-5257, 2004 WL 1900562 (D.C. Cir. Aug. 25, 2004).","Contractor proposals that are in the possession or control of an executive agency and that have not been set forth or incorporated by reference into contracts","1"
"Department of Defense","Agency Overall","2013","5 U.S.C. app §107(a)","Meyerhoff v. EPA, 958 F.2d 1498, 1500-02 (9th Cir. 1992); Concepcion v. FBI, 606 F. Supp. 2d 14, 33 (D.D.C. 2009), renewed motion for summary judgment granted in part on other grounds, 699 F. Supp. 2d 106 (D.D.C. 2010).","Ethics in Governments Act of 1978 - Protecting Financial Disclosure Reports of Special Government Employees","6"
"Department of Defense","Agency Overall","2013","5 USC § 574(j)","No","Dispute resolution communications between a neutral and a party to the dispute","6"
"Department of Defense","Agency Overall","2013","5 USC § 7114(b)(4)","Hiken v. DOD, 521 F. Supp. 2d 1047, 1062(N.D. Cal. 2007); O’Keefe v. DOD, 463 F. Supp. 2d 317, 325 (E.D.N.Y. 2006); Windel v. United States, No. A02-306, 2005 WL 846206, at *2 (D. Alaska Apr. 11, 2005).","Civil Service Reform Act - Representation Rights and Duties, Labor Unions","4"
"Department of Defense","Agency Overall","2013","10 USC § 128","No","Unclassified special nuclear weapons information","9"
"Department of Defense","Agency Overall","2013","10 USC § 130","Newport Aeronautical Sales v. Dep’t of the Air Force, 660 F. Supp. 2d 60, 65 (D.D.C. 2009); Chenkin v. Department of the Army, No. 93-494, 1994 U.S. Dist. LEXIS 20907, at *8 (E.D. Pa. Jan. 14, 1994), aff’d, 61 F.3d 894 (3d Cir. 1995) (unpublished table decision).","Certain technical data with military or space application in the possession of, or under the control of, the Department of Defense","145"
"Department of Defense","Agency Overall","2013","10 USC § 130b","Hiken v. DOD, 521 F. Supp. 2d 1047, 1062(N.D. Cal. 2007); O’Keefe v. DOD, 463 F. Supp. 2d 317, 325 (E.D.N.Y. 2006); Windel v. United States, No. A02-306, 2005 WL 846206, at *2 (D. Alaska Apr. 11, 2005).","Personally identifying information of DoD and Coast Guard personnel in overseas, sensitive or routinely deployable units","798"
"Department of Defense","Agency Overall","2013","10 USC § 130c","Nat’l Inst. Of Military Justice v. DoD 404 F. Supp 2d 325, 335-37 (D.D.C. 2005), aff’d on other grounds, 512 F.3d 677 (D.C. Cir 2008); ACLU v. DOD, 389 F. Supp. 2d 547, 554 (S.D.N.Y. 2005); Gerstein v. DOD, No. 03-5193, slip op. at 8 (N.D. Ca. Dec. 21, 2004).","Certain sensitive information of foreign governments and international organizatiions","50"
"Department of Defense","Agency Overall","2013","10 USC § 424","Physicians for Human Rights v. DOD, No. RDB-08-273, 2011 WS 1495942, at *7 (D.D.C. Apr. 19, 2011); Miller v. DoJ, 562 D. Supp. 2d 82, 112 (D.D.C. 2008). Wickerwire Gavin, P.C. v. Def Intelligence Agency, 330 F. Supp. 2d 592, 602 (E.D. Va. 2004).","Organization or any function of, and certain jinformation pertaining to, employees of DIA, NRO, and NGA","757"
"Department of Defense","Agency Overall","2013","10 USC § 455","No","Maps, charts, and geodetic data","34"
"Department of Defense","Agency Overall","2013","10 USC § 613a(a)","No","Proceedings from selection and Special Selection Boards for Active Duty Officers and Warrant Officers","1"
"Department of Defense","Agency Overall","2013","10 USC § 1102","Goodrich v. Dept of Air Force, 404 F. Supp. 2d 48, 50-51 (D.D.C. 2005); Dayton Newspapers, Inc. v Dep’t of the Air Force, 107 F Supp. 2d 912, 917 (S.D. Ohio 1999).","Medical quality assurance records","18"
"Department of Defense","Agency Overall","2013","10 USC § 1506 (d) & (f)","No","Records pertaining to the debriefing of a missing person return to U.S. control","1"
"Department of Defense","Agency Overall","2013","10 USC § 2305(g)","10 U.S.C. § 2305(g):  Roman v. NSA, Nos. 09-2947, 09-4281, 09-3344, 09-2504, 09-5633, 2012 WL 569747, at *7 (E.D.N.Y. Feb. 22, 2012); Margolin v. NASA, No. 09-CV-00421-LRH-VPC, 2011 WL 1303221, at *6 (D. Nev. Mar. 31, 2011).","DoD contractor proposals","203"
"Department of Defense","Agency Overall","2013","10 USC § 2371(i)","No","Proposals, business plans, or technical information submitted to the DoD as part of a process resulting in awards other than contracts and grants","3"
"Department of Defense","Agency Overall","2013","10 USC § 14104(a)","No","Proceedings from selection and Special Selection Boards for Reserve Officers","1"
"Department of Defense","Agency Overall","2013","10 USC § 2485(h)","No","Commissary commercially valuable information","1"
"Department of Defense","Agency Overall","2013","16 USC § 470w-3","Hornbostel v. U.S. Dep’t of the Interior, 305 F. Supp. 2d 21, 30 (D.D.C. 2003), summary affirmance granted, No. 03-5257, 2004 WL 1900562 (D.D.Cir Aug. 25, 2004).","National historic preservation information","43"
"Department of Defense","Agency Overall","2013","18 USC § 798(a)","Larson v. Dept of State, 565 F 3d 857, 868-869 (D.C. Cir. 2009);N.Y. Times Co. v. DoD 499 F. Supp. 2d 501, 512 (S.D.N.Y. 2007); Adejumobi v. NSA, No. 07-1237, 2007 WL 4247878, at *3 (M.D. Fla Dec 3, 2007), aff’d per curiam, 287 F. App’x 770 (11th Cir. 2008).","Certain classified information pertaining to the communication intelligence and cytological devices of the United States of any foreign government","3328"
"Department of Defense","Agency Overall","2013","18 USC § 3509(d)","Tampico v. EOUSA, No. 04-2285, slip op. at 8 (D.D.C. Apr. 29, 2005).","Certain records containing identifying information pertaining to children involved in criminal proceedings","20"
"Department of Defense","Agency Overall","2013","22 USC § 2778(e)  Sec 38(e)of the Arms Export Control Act","Council for a Livable World v. U.S. Dept. of State, No 96-1807, slip op. at 11 (D.D.C. Jan. 21, 1998), amended (D.D.C Nov. 23, 1998).","Certain information pertaining to export license applications","8"
"Department of Defense","Agency Overall","2013","26 USC § 6103","Church of Scientology v. IRS, 484 U.S. 9, 15 (1987) (26 U.S.C. § 6103); Pac. Fisheries, Inc. v. IRS, 395 F. App'x. 438, 440 (9th Cir. 2010) (unpublished disposition) (26 U.S.C. §§ 6103, 6105); Tax Analysts v. IRS, 217 F. Supp. 2d 23, 27-29 (D.D.C. 2002) (26 U.S.C. § 6105).","Confidentiality and Disclosure of Returns and Return Information.","1"
"Department of Defense","Agency Overall","2013","41 USC § 423","Legal & Safety Employer Research, Inc v. U.S. Dept of Army. No. Civ. S001748, 2001 WL 34098652 at *3-4 (E.D. Cal. May 4, 2001) (dictum).","Contractor bid or proposal information source selection information","7"
"Department of Defense","Agency Overall","2013","42 USC § 2162(a)(Restricted Data) § 2168(a)(1)c (Formerly Restricted Data)","Meeropol v. Smith, No. 75-1121, slip op. at 53-55 (D.D.C. Feb. 29 1984), aff’d in relevant part & remanded in part on other grounds sub nom, Meeropol v. Meese, 790 F.2d 942 (D.C. Cir. 1986).","Information regarding atomic energy:  Restricted and Formerly Restricted Data","15"
"Department of Defense","Agency Overall","2013","42 USC § 262a(h)","No","Enhanced control of dangerous biiological agentss and toxins","1"
"Department of Defense","Agency Overall","2013","50 USC § 402 Note Sec 6 P.L.","Houghton v. NSA, No. 09-4440, 2010 WL 1784058, at *3 (3d Cir. May 5, 2010)(per curiam); Larson v. Dept of State, 565 F. 3d 857, 868-869 (D.C. Cir. 2009); Founding Church of Scientology v. NSA, 610 F.2d 824, 827-28 (D.C. Cir. 1979); Roman v. NSA, No. 07-CV-4502, 2009 WL 303686, at *5-6 (E.D.N.Y Feb. 9, 2009), summary affirmance granted, 354 F. App’x. 591 (2d Cir. 2009).","Information pertaining to the functiions or information of NSA; certain information pertaining to NSA employees","3612"
"Department of Defense","Agency Overall","2013","50 USC § 403(g) Section 6 of the CIA Act of 1949","Larson v. Dept of State, 565 F. 3d 857, 868-869 (D.C. Cir. 2009); Berman v. CIA, 501 F.3d 1136, 1137-38, 1140 (9th Cir. 2007); Makky v Chertoff, 489 F.Supp. 2d 421, 442 (D.N.J. 2007), aff’d on other grounds, 541 F. 3d 205 (3d Cir 2008).","Certain information pertaining to CIA employees, specifically:  the organization, functions, names, official titles, salaries, or numbers of personnel employed by the CIA","33"
"Department of Defense","Agency Overall","2013","50 USC § 403-1(i)","CIA v. Sims, 471 U.S. 159, 167 (1985); Berman v. CIA, 501 F.3d 1136, 1137-38, 1140 (9th Cir. 2007); Wolf v. CIA, 473 F.3d 370, 378, 380  (D.D. Cir. 2007).","Intelligence sources and methods","554"
"Department of Defense","Agency Overall","2013","50 USC § 421","No","Protection of identities of certain United States undercover intelligence officers, agents, informants, and sources","2"
"Department of Defense","Agency Overall","2013","50 USC § 432b","No","NSA operational files","15"
"Department of Defense","Agency Overall","2013","50 USC § 435 Note Sec 1082, P.L.","No","Information concerning US personnel classified as POW/MIA during the Vietnam and Korean Conflicts (""McCain Bill"")","4"
"Department of Defense","Agency Overall","2013","50 USC app. § 2170(c)","No","Information or documentary material filed with the President or President's designee pursuant to this section.","1"
"Department of Defense","Agency Overall","2013","50 USC § 2411(c)","Wis. Project on Nuclear Arms Control v. U.S. Dep't of Commerce, 317 F.3d 275, 284 (D.C. Cir. 2003); Times Publ'g Co. v. U.S. Dep't of Commerce, 236 F.3d 1286, 1292 (11th Cir. 2001).","Export License Application Information","3"
"Department of Defense","Agency Overall","2013","IG Act of 1978, Sec 7(b). P.L. 95-452","No","Confidentiality of employee complaints to the IG","6"
"Department of Defense","Agency Overall","2013","10 USC § 130e","No","DoD Critical Infrastructure Security","2"
"Department of Defense","Agency Overall","2013","41 USC § 2102","No","Contract proposals prohibited from release by statute.","1"
"United States African Development Foundation","Agency Overall","2013","N/A","N/A","N/A","0"
"Surface Transportation Board","Agency Overall","2013","5 U.S.C. 574(j)","N/A","ADR Communication","1"
"Central Intelligence Agency","Agency Overall","2013","50 U.S.C., Section 403g","Halperin V. CIA, 629 F.2d 144 (D.C. Cir. 1980); Minier V. CIA, 88 F.3d 796 (9th Cir. 1996); Larson v. Dep't of State, 565 F.3d 857 n.2 (D.C. Cir. 2009); Berman v. CIA, 501 F.3d 1136, 1137-38, 1140 (9th Cir. 2007); Makky v. Chertoff, 489 F. Supp. 2d 421, 442 (D.N.J. 2007) aff'd on other grounds, 541 F.ed 205 (3d Cir. 2008)","E.g., CIA budget information and information relating to the organization, functions, names, official titles, salaries or numbers of personnel employed by CIA, including information relating to intelligence sources and methods.","2890"
"U.S. Agency for Global Media","Agency Overall","2013","N/A","N/A","N/A","0"
"Inter-American Foundation","Agency Overall","2013","0","N/A","0","0"
"United States Copyright Office","Agency Overall","2013","17 U.S.C. §§ 106 (1), (3), 107","none","Material Protected by Copyright","1"
"U.S. Department of State","Agency Overall","2013","Fed. R. Crim. P. 6(e), enacted by Act of July 30, 1977, Pub. L. No. 95-78, 91 Stat. 319","Sussman v. USMS, 494 F.3d 1106, 1113 (D.C. Cir. 2007); Fund for Constitutional Gov't v. Nat'l Archives & Records Serv., 656 F.2d 856, 867-68 (D.C. Cir. 1981); Durham v. U.S. Atty. Gen., No. 06-843, 2008 WL 620744, at *2 (E.D. Tex. Mar. 3, 2008); Cozen O'Connor v. U.S. Dep't of Treasury, 570 F. Supp. 2d 749, 776 (E.D. Pa. 2008)","Certain records pertaining to grand jury proceedings","1"
"U.S. Department of State","Agency Overall","2013","8 U.S.C.  § 1202(f) (Immigration and Nationality Act)","Medina-Hincapie v. Dep’t of State, 700 F.2d 737, 741-42 (D.C. Cir. 1983)","Records pertaining to the issuance or refusal of visas or permits to enter the United States","10284"
"U.S. Department of State","Agency Overall","2013","10 U.S.C.  § 424","Physicians for Human Rights v. DOD, No. RDB-08-273, 2011 WL 1495942, at *7 (D.D.C. Apr. 19, 2011); Miller v. DOJ  562 F. Supp. 82, 112 (D.D.C. 2008), Wickwire Gavin, P.C. v. DIA, 330 F. Supp. 2d 592, 602 (E.D. Va. 2004)","Organization or any function of, and certain information pertaining to, employees of the Defense Intelligence Agency, the National Reconnaissance Office, and the National Geospatial-Intelligence Agency","10"
"U.S. Department of State","Agency Overall","2013","22 U.S.C. § 2778(e)  (Arms Export Control Act)","Council for a Livable World  v. U.S. Dep't of State, No. 96- 1807, slip op. at 11 (D.D.C.  Jan. 21, 1998), amended  (D.D.C. Nov. 23, 1998).","Certain information pertaining  to export license applications","2"
"U.S. Department of State","Agency Overall","2013","Pub. L. No. 99-93 § 505","No","Records regarding arbitration of claims before the Iran-United States Claims Tribunal","2"
"U.S. Department of State","Agency Overall","2013","50 U.S.C.  § 403g (Central Intelligency Agency Act of 1949)","Larson v. Dep’t of State, 565 F.3d 857, 865 n.2 (D.C. Cir. 2009); Berman v. CIA, 501 F.3d 1136, 1137-38, 1140 (9th Cir. 2007); Makky v. Chertoff, 489 F. Supp. 2d 421, 442 (D.N.J. 2007), aff’d on other grounds, 541 F.3d 205 (3d Cir. 2008)","Intelligence sources and methods; certain information pertaining to CIA employees, specifically: “the organization, functions, names, official titles, salaries, or numbers of personnel employed by the Agency”","21"
"U.S. Department of State","Agency Overall","2013","50 U.S.C. § 403-1(i)(1) (National Security Act of 1947)","CIA v. Sims, 471 U.S. 159,167 (1985); Berman v. CIA, 501 F.3d 1136, 1137-38, 1140 (9th Cir. 2007); Wolf v. CIA, 473 F.3d 370, 378, 380 (D.C. Cir. 2007)","Intelligence sources and methods","1"
"U.S. Department of State","Agency Overall","2013","50 U.S.C. § 402 note  (National Security Agency  Act of 1959)","ACLU v. DOJ, 681 F.3d 61,  72-75 (2d Cir. 2012); Elec.  Priv. Info. Ctr. v. NSA, 678  F.3d 926, 931 (D.C. Cir.  2012); Houghton v. NSA, 378  F. App'x 235, 238-39 (3d Cir.  2010) (per curiam); Lahr v.  NTSB, 569 F.3d 964, 985 (9th (D.C. Cir. 1979); Larson v. Dep't of  State, 565 F.3d 857, 868-69  (D.C. Cir. 2009); Founding  Church of Scientology v.  NSA, 610 F.2d 824, 827-28 (D.C. Cir. 1979); Roman v.  NSA, No. 07-CV-4502, 2009  WL 303686, at *5-6  (E.D.N.Y. Feb. 9, 2009),  summary affirmance granted,  354 F. App'x. 591 (2d Cir.  2009).","Information pertaining to the  functions or organization of  NSA; certain information  pertaining to NSA employees","4"
"U.S. Department of State","Agency Overall","2013","19 U.S.C. §§ 2605(h),  2605(i)  (Convention on Cultural  Property Implementation  Act)","Ancient Coin Collectors Guild  v. U.S. Dep't of State, 641  F.3d 504, 511 (D.C. Cir.  2011) (19 U.S.C. § 2605(h));  Ancient Coin Collectors Guild  v. U.S. Dep't of State, 866 F.  Supp. 2d 28, 32 (D.D.C.  2012) (19 U.S.C. § 2605(i)).","Certain records pertaining to  Cultural Property Advisory  Committee proceedings where  ""it is determined by the  President or his designee that  the disclosure of matters  involved in the Committee's  proceedings would compromise  the Government's negotiating  objectives or [certain] bargaining positions""; certain  ""information (including trade  secrets and commercial or  financial information which is  privileged or confidential)  submitted in confidence by the  private sector to officers or  employees of the United States  or to the [Cultural Property  Advisory] Committee""  Certain records pertaining to  Cultural Property Advisory  Committee proceedings where  ""it is determined by the  President or his designee that  the disclosure of matters  involved in the Committee's  proceedings would compromise  the Government's negotiating  objectives or [certain] bargaining positions""; certain  ""information (including trade  secrets and commercial or  financial information which is  privileged or confidential)  submitted in confidence by the  private sector to officers or  employees of the United States  or to the [Cultural Property  Advisory] Committee""  Certain records pertaining to  Cultural Property Advisory  Committee proceedings where  ""it is determined by the  President or his designee that  the disclosure of matters  involved in the Committee's  proceedings would compromise  the Government's negotiating  objectives or [certain] bargaining positions""; certain  ""information (including trade  secrets and commercial or  financial information which is  privileged or confidential)  submitted in confidence by the  private sector to officers or  employees of the United States  or to the [Cultural Property  Advisory] Committee""","1"
"U.S. Department of State","Agency Overall","2013","10 U.S.C. § 130","Newport Aeronautical Sales v.  Dep't of the Air Force, 684  F.3d 160, 165 (D.C. Cir.  2012); Chenkin v. Dep't of the  Army, No. 93-494, 1994 U.S.  Dist. LEXIS 20907, at *8  (E.D. Pa. Jan. 14, 1994), aff'd,  61 F.3d 894 (3d Cir. 1995)  (unpublished table decision).","Certain ""technical data with  military or space application in  the possession of, or under the  control of, the Department of  Defense""","1"
"U.S. Department of State","Agency Overall","2013","22 U.S.C. § 4004 (Foreign Service Act)","No","Protects Foreign Service employee records","1"
"U.S. Department of State","Agency Overall","2013","41 U.S.C. § 253b(m)(1)  (currently at 41 U.S.C. §  4702)","Sinkfield v. HUD, No. 10- 885, 2012 U.S. Dist. LEXIS  35233, at *13-15 (S.D. Ohio  Mar. 15, 2012); Margolin v.  NASA, No. 09-CV-00421,  2011 WL 1303221, at *6 (D.  Nev. Mar. 31, 2011);  Hornbostel v. U.S. Dep't of  the Interior, 305 F. Supp. 2d  21, 30 (D.D.C. 2003),  summary affirmance granted,  No. 03-5257, 2004 WL  1900562 (D.C. Cir. Aug. 25,  2004).","Contractor proposals that are in  the possession or control of an  executive agency and that have  not been set forth or  incorporated by reference into  contracts","1"
"Department of Veterans Affairs","Agency Overall","2013","5 U.S.C. app. § 3","","Names or employees who provide information or complaints to the Inspector General.","96"
"Department of Veterans Affairs","Agency Overall","2013","41 U.S.C. § 4702","Hornbostel v. United States Department of the Interior, 305 F. Supp. 2d 21, 30 (D.D.C. 2003)","Prohibits the release of contractor proposals submitted to an agency during the course of federal procurements of property or services.","55"
"Department of Veterans Affairs","Agency Overall","2013","38 U.S.C. § 5701","Ashton v. VA, 1999 U.S. App. LEXIS 22957 (2d Cir. 1999)","Records pertaining to any claim filed with the Department for names and addresses of present and former members of the Armed Forces and their dependents.","140"
"Department of Veterans Affairs","Agency Overall","2013","38 U.S.C. § 5705","Schulte & Sun-Sentinel Co. v. VA, No. 86-6251, slip op. at 3-4, 12 (S.D. Fla. Feb. 2, 1996)","Records created as part of a medical quality assurance program.","60"
"Department of Veterans Affairs","Agency Overall","2013","38 U.S.C. § 7332","Palmer v. Derwinski, No. 91-197, slip op. at 3-4 (E.D. Ky, June 10, 1992)","Records of the identity, diagnosis, prognosis, or treatment of any patient or subject which are maintained in connection with the performance of any patient or subject which are maintained in connection with the performance of any program or activity relating to drug abuse, alcoholism, or alcohol abuse, infection with the human immunodeficiency virus (HIV) or sickle cell anemia.","2038"
"Department of Veterans Affairs","Agency Overall","2013","35 U.S.C. § 205","","Federal agencies are authorized to withhold from disclosure to the public information disclosing any invention in which the Federal Government owns or may own a right, title, or interest (including a nonexclusive license) for a reasonable time in order for a patent application to be filed.  Furthermore, Federal agencies shall not be required to release copies of any document which is part of an application for patent filed with the United States Patent and Trademark Office or with any foreign patent office.","1"
"Department of Veterans Affairs","Agency Overall","2013","26 U.S.C. § 6103","Church of Scientology v. IRS, 484 U.S. 9, 15 (1987) and Tax Analysts v. IRS, 217 F. Supp. 2d 23, 27-29 (D.D.C. 2002)","Certain tax return and tax convention information.","18"
"Office of Management and Budget","Agency Overall","2013","N/A","N/A","N/A","0"
"National Indian Gaming Commission","Agency Overall","2013","N/A","N/A","N/A","0"
"Office of Navajo and Hopi Indian Relocation","Agency Overall","2013","0","N/A","0","0"
"Council on Environmental Quality","Agency Overall","2013","0","N/A","0","0"
"Office of the United States Trade Representative","Agency Overall","2013","N/A","N/A","N/A","0"
"Tennessee Valley Authority","Agency Overall","2013","41 U.S.C. § 4702(b)","Sinkfield v. HUD, No. 10-885, 2012 U.S. Dist. LEXIS 35233, at *13-15 (S.D. Ohio Mar. 15, 2012); Hornbostel v. U.S. Dep't of the Interior, 305 F. Supp. 2d 21, 30 (D.D.C. 2003), summary affirmance granted, No. 03-5257, 2004 WL 1900562 (D.C. Cir. Aug. 25, 2004).","Contractor Proposals","6"
"Tennessee Valley Authority","Agency Overall","2013","10 U.S.C. § 424","Physicians for Human Rights v. DOD, No. RDB-08-273, 2011 WL 1495942, at *7 (D.D.C. Apr. 19, 2011); Miller v. DOJ, 562 F. Supp. 2d 82, 112 (D.D.C. 2008); Wickwire Gavin, P.C. v. Def. Intelligence Agency, 330 F. Supp. 2d 592, 602 (E.D. Va. 2004).","Information regarding the organization and function of the National Reconnaissance Office","1"
"Tennessee Valley Authority","Agency Overall","2013","6 U.S.C. § 133(a)(1)(A)","","Detailed eletric transmission line drawings","1"
"Commodity Futures Trading Commission","Agency Overall","2013","7 U.S.C. § 12","Hunt v. Commodity Futures Trading Comm'n, 484 F. Supp. 47, 49 (D.D.C. 1979)","""[D]ata and information that would separately disclose the business transactions of any person"" and trade secrets or names of customers gathered in the course of the Commission's investigations under the Commodity Exchange Act.","10"
"National Railroad Passenger Corporation","Agency Overall","2013","41 U.S.C. § 4702(b)","Sinkfield v. HUD, No. 10- 885, 2012 U.S. Dist. LEXIS 35233, at *13-15 (S.D. Ohio Mar. 15, 2012); Hornbostel v. U.S. Dep't of the Interior, 305 F. Supp. 2d 21, 30 (D.D.C. 2003), summary affirmance granted, No. 03-5257, 2004 WL 1900562 (D.C. Cir. Aug. 25, 2004)","Contractor proposals that are in the possession or control of an executive agency and that have not been set forth or incorporated by reference into contracts","3"
"Export-Import Bank of the U.S.","Agency Overall","2013","N/A","N/A","N/A","0"
"Department of Energy","Agency Overall","2013","41 U.S.C § 4702(b)","Hornbostel v. U.S. Dep't of the Interior, 305 F. Supp. 2d 21, 30 (D.D.C. 2003), summary affirmance granted, No. 03-5257, 2004 WL 1900562 (D.C. cir. Aug 25, 2004).","National Defense Authorization Act - Agency withheld contractor proposals, technical, management, and cost proposals submitted in response to the requirements of a solicitation for a competitive proposal.","4"
"Department of Energy","Agency Overall","2013","26 U.S.C. § 6103","Tax Analysts v. Internal Revenue Serv., DC Cir. 2005","Internal Revenue Code - Agency withheld taxpayer identification numbers","6"
"Department of Energy","Agency Overall","2013","15 U.S.C. § 638(k)(4)","","Company commercialization information","1"
"Department of Energy","Agency Overall","2013","35 U.S.C. § 181","","Patent Information","2"
"Department of Energy","Agency Overall","2013","42 U.S.C. § 2162","Meeropol v. Smith, No. 75-1221, slip op. at 53-55 (D.D.C. Feb. 29, 1984), Aff'd in relevant part & remanded in part on other grounds sub nom, Meeropol v. Meese, 790 F.2d 942 (D.C. Cir. 1986)","Atomic Energy Act of 1954 - Agency withheld information that is classified as Restricted Data, Formerly Restricted Data, or Unclassified Controlled Nuclear Information.","25"
"Department of Energy","Agency Overall","2013","41 U.S.C. § 2102","Legal and Safety Employer Research, Inc. v. U.S. Dep't of the Army, No. Civ. S001748, 2001 WL 34098652, At *3-4 (E.D. Cal. May 4, 2001) (dictum).","Procurement Integrity Act - Agency withheld contractor bid information, proposal information, or source selection information","9"
"Department of Energy","Agency Overall","2013","6 U.S.C. § 133","","Homeland Security Act of 2002 - Agency withheld infrastructure information.","3"
"Administrative Conference of the United States","Agency Overall","2013","0","N/A","0","0"
"Department of Education","Agency Overall","2013","41 U.S.C. § 4702(b)","Sinkfield v. HUD, No. 10- 885, 2012 U.S. Dist. LEXIS  35233, at *13-15 (S.D. Ohio  Mar. 15, 2012); Margolin v.  NASA, No. 09-CV-00421,  2011 WL 1303221, at *6 (D.  Nev. Mar. 31, 2011);  Hornbostel v. U.S. Dep't of  the Interior, 305 F. Supp. 2d  21, 30 (D.D.C. 2003),  summary affirmance granted,  No. 03-5257, 2004 WL  1900562 (D.C. Cir. Aug. 25,  2004).","Contractor proposals that are in  the possession or control of an  executive agency and that have  not been set forth or  incorporated by reference into  contracts","6"
"Department of Education","Agency Overall","2013","44 U.S.C. § 3541","N/A","Security Controls over information resources supporting Federal operations and systems.","8"
"Office of the Special Inspector General for Afghanistan Reconstruction","Agency Overall","2013","0","N/A","0","0"
"Federal Election Commission","Agency Overall","2013","2 U.S.C. 437g(a)(12)(A)","Citizens for Responsibility and Ethics in Washington v. FEC, No. 04-1672, slip op. at 5 (D.D.C. May 16, 2005).","Any notification or investigation made under this section of the Federal Election Campaign Act pertaining to federal campaign funds.","6"