"Agency","Component","Fiscal Year","Ex. 1","Ex. 2","Ex. 3","Ex. 4","Ex. 5","Ex. 6","Ex. 7(A)","Ex. 7(B)","Ex. 7(C)","Ex. 7(D)","Ex. 7(E)","Ex. 7(F)","Ex. 8","Ex. 9"
"Office of Science and Technology Policy","Agency Overall","2013","0","0","0","0","0","0","0","0","0","0","0","0","0","0"
"Department of Justice","Agency Overall","2013","63","0","117","6","114","319","96","2","612","152","539","137","1","0"
"Court Services and Offender Supervision Agency","Agency Overall","2013","0","0","0","0","0","0","0","0","0","0","0","0","0","0"
"Chemical Safety and Hazard Investigation Board","Agency Overall","2013","0","0","0","0","0","0","0","0","0","0","0","0","0","0"
"National Endowment for the Arts","Agency Overall","2013","0","0","0","0","0","0","0","0","0","0","0","0","0","0"
"Federal Communications Commission","Agency Overall","2013","0","0","0","4","2","2","1","0","0","0","0","0","0","0"
"United States Trade and Development Agency","Agency Overall","2013","0","0","0","0","0","0","0","0","0","0","0","0","0","0"
"National Labor Relations Board","Agency Overall","2013","0","1","0","0","8","14","10","0","14","10","0","0","0","0"
"Federal Open Market Committee","Agency Overall","2013","0","0","0","0","0","0","0","0","0","0","0","0","0","0"
"National Capital Planning Commission","Agency Overall","2013","0","0","0","0","0","0","0","0","0","0","0","0","0","0"
"Postal Regulatory Commission","Agency Overall","2013","0","0","0","0","0","0","0","0","0","0","0","0","0","0"
"American Battle Monuments Commission","Agency Overall","2013","0","0","0","0","0","0","0","0","0","0","0","0","0","0"
"Federal Labor Relations Authority","Agency Overall","2013","0","0","0","0","2","0","1","0","0","2","0","0","0","0"
"Selective Service System","Agency Overall","2013","0","0","0","0","0","0","0","0","0","0","0","0","0","0"
"Peace Corps","Agency Overall","2013","0","0","0","0","1","2","0","0","1","0","0","1","0","0"
"U.S. Commission on Civil Rights","Agency Overall","2013","0","0","0","0","0","0","0","0","0","0","0","0","0","0"
"Department of Agriculture","Agency Overall","2013","0","0","20","11","21","72","5","0","43","14","18","1","0","0"
"National Credit Union Administration","Agency Overall","2013","0","0","0","0","3","2","0","0","1","0","0","0","2","0"
"Federal Mine Safety and Health Review Commission","Agency Overall","2013","0","0","0","0","1","0","0","0","0","0","0","0","0","0"
"Pension Benefit Guaranty Corporation","Agency Overall","2013","0","0","0","0","2","0","0","0","0","0","0","0","0","0"
"Environmental Protection Agency","Agency Overall","2013","0","1","0","3","6","8","4","1","2","7","0","0","0","0"
"Consumer Product Safety Commission","Agency Overall","2013","0","0","11","8","8","2","3","0","0","1","0","0","0","0"
"Federal Reserve System","Agency Overall","2013","0","0","0","17","17","13","2","0","0","0","0","0","21","0"
"Council of the Inspectors General on Integrity and Efficiency","Agency Overall","2013","0","0","0","0","1","1","0","0","0","0","0","0","0","0"
"Overseas Private Investment Corporation","Agency Overall","2013","0","0","0","0","0","0","0","0","0","0","0","0","0","0"
"Department of Commerce","Agency Overall","2013","2","0","11","4","13","14","3","0","8","0","4","0","0","0"
"U.S. Railroad Retirement Board","Agency Overall","2013","0","0","0","0","0","2","0","0","0","0","0","0","0","0"
"United States International Trade Commission","Agency Overall","2013","0","0","0","0","0","0","0","0","0","0","0","0","0","0"
"Securities and Exchange Commission","Agency Overall","2013","0","0","0","8","17","15","31","0","19","1","2","1","6","0"
"Department of Transportation","Agency Overall","2013","0","0","3","8","14","32","0","0","20","2","1","0","0","0"
"Millennium Challenge Corporation","Agency Overall","2013","0","0","0","0","1","0","0","0","0","0","0","0","0","0"
"Social Security Administration","Agency Overall","2013","0","4","0","0","22","202","6","0","0","0","1","0","0","0"
"Department of Health and Human Services","Agency Overall","2013","0","2","4","15","18","45","5","0","14","0","0","0","0","0"
"Armed Forces Retirement Home","Agency Overall","2013","0","0","0","0","0","0","0","0","0","0","0","0","0","0"
"Federal Housing Finance Agency","Agency Overall","2013","0","0","0","7","6","4","1","0","0","0","0","0","3","0"
"Occupational Safety and Health Review Commission","Agency Overall","2013","0","0","0","0","0","0","0","0","0","0","0","0","0","0"
"Department of the Interior","Agency Overall","2013","0","0","3","2","13","13","1","0","5","0","0","1","0","0"
"United States Postal Service","Agency Overall","2013","0","0","17","1","9","16","6","0","26","2","0","1","0","0"
"Defense Nuclear Facilities Safety Board","Agency Overall","2013","0","0","0","0","0","0","0","0","0","0","0","0","0","0"
"United States International Boundary and Water Commission","Agency Overall","2013","0","0","0","0","0","0","0","0","0","0","0","0","0","0"
"Federal Financial Institutions Examination Council","Agency Overall","2013","0","0","0","0","0","0","0","0","0","0","0","0","0","0"
"Institute of Museum and Library Services","Agency Overall","2013","0","0","0","0","1","1","0","0","0","0","0","0","0","0"
"Equal Employment Opportunity Commission","Agency Overall","2013","0","0","148","0","101","9","31","0","82","1","1","0","0","0"
"General Services Administration","Agency Overall","2013","0","0","0","4","2","3","0","0","0","0","0","0","0","0"
"Recovery Accountability and Transparency Board","Agency Overall","2013","0","0","0","0","0","1","0","0","1","0","0","0","0","0"
"Department of Homeland Security","Agency Overall","2013","4","11","69","33","714","1152","32","0","1310","3","1270","7","0","0"
"Office of Government Ethics","Agency Overall","2013","0","0","0","0","0","0","0","0","0","0","0","0","0","0"
"National Archives and Records Administration","Agency Overall","2013","2","0","4","1","3","12","0","0","7","10","4","0","0","0"
"Legal Services Corporation","Agency Overall","2013","0","0","0","0","0","0","0","0","0","0","0","0","0","0"
"National Mediation Board","Agency Overall","2013","0","0","0","0","0","0","0","0","0","0","0","0","0","0"
"Office of the Director of National Intelligence","Agency Overall","2013","3","0","3","0","0","0","0","0","0","0","0","0","0","0"
"Merit Systems Protection Board","Agency Overall","2013","0","0","0","1","0","1","0","0","0","0","0","0","0","0"
"Office of National Drug Control Policy","Agency Overall","2013","0","0","0","0","0","0","0","0","0","0","0","0","0","0"
"Department of Housing and Urban Development","Agency Overall","2013","0","0","0","2","4","2","0","0","0","0","0","0","0","0"
"National Aeronautics and Space Administration","Agency Overall","2013","0","0","1","3","3","0","0","0","0","0","0","0","0","0"
"Federal Mediation and Conciliation Service","Agency Overall","2013","0","0","0","0","0","0","0","0","0","0","0","0","0","0"
"Federal Retirement Thrift Investment Board","Agency Overall","2013","0","0","0","6","0","1","0","0","0","0","1","0","0","0"
"U.S. Agency for International Development","Agency Overall","2013","0","0","0","7","6","9","1","0","0","0","0","0","0","0"
"Department of the Treasury","Agency Overall","2013","0","2","108","14","26","55","5","3","39","5","11","0","10","0"
"Federal Maritime Commission","Agency Overall","2013","0","0","0","0","0","0","0","0","0","0","0","0","0","0"
"Corporation for National and Community Service (operating as AmeriCorps)","Agency Overall","2013","0","0","0","0","0","0","0","0","0","0","0","0","0","0"
"Department of Labor","Agency Overall","2013","0","0","0","8","4","3","6","0","37","13","2","0","0","0"
"Federal Deposit Insurance Corporation","Agency Overall","2013","0","0","0","1","2","3","0","0","0","0","0","0","1","0"
"National Endowment for the Humanities","Agency Overall","2013","0","0","0","0","0","0","0","0","0","0","0","0","0","0"
"Nuclear Regulatory Commission","Agency Overall","2013","0","0","0","0","1","1","1","0","0","0","0","1","0","0"
"National Transportation Safety Board","Agency Overall","2013","0","0","0","0","2","1","0","0","0","0","0","0","0","0"
"Federal Energy Regulatory Commission","Agency Overall","2013","0","0","1","3","4","2","1","0","0","0","0","3","0","0"
"Federal Trade Commission","Agency Overall","2013","0","0","6","3","5","3","1","0","1","2","1","0","0","0"
"Office of Special Counsel","Agency Overall","2013","0","0","0","0","1","1","0","0","4","0","0","0","0","0"
"Committee for Purchase from People Who Are Blind or Severely Disabled","Agency Overall","2013","0","0","0","0","0","0","0","0","0","0","0","0","0","0"
"Consumer Financial Protection Bureau","Agency Overall","2013","0","0","0","1","4","10","1","0","0","0","0","0","0","0"
"Farm Credit Administration","Agency Overall","2013","0","0","0","0","1","1","0","0","0","0","0","0","1","0"
"Small Business Administration","Agency Overall","2013","0","0","0","2","1","4","0","0","0","0","0","0","0","0"
"Office of Personnel Management","Agency Overall","2013","0","0","0","0","0","15","0","0","4","0","1","0","0","0"
"Farm Credit System Insurance Corporation","Agency Overall","2013","0","0","0","0","0","0","0","0","0","0","0","0","0","0"
"National Science Foundation","Agency Overall","2013","0","0","0","0","1","1","0","0","1","0","0","0","0","0"
"Department of Defense","Agency Overall","2013","199","3","219","18","94","170","15","0","63","8","10","4","0","0"
"United States African Development Foundation","Agency Overall","2013","0","0","0","0","0","0","0","0","0","0","0","0","0","0"
"Surface Transportation Board","Agency Overall","2013","0","0","0","0","0","0","0","0","0","0","0","0","0","0"
"Central Intelligence Agency","Agency Overall","2013","34","1","34","0","1","3","0","0","0","0","0","0","0","0"
"U.S. Agency for Global Media","Agency Overall","2013","0","0","0","0","1","1","0","0","0","0","0","0","0","0"
"Inter-American Foundation","Agency Overall","2013","0","0","0","0","0","0","0","0","0","0","0","0","0","0"
"United States Copyright Office","Agency Overall","2013","0","0","0","0","0","0","0","0","0","0","0","0","0","0"
"U.S. Department of State","Agency Overall","2013","81","2","137","3","22","43","3","0","5","1","3","0","0","0"
"Department of Veterans Affairs","Agency Overall","2013","0","0","19","5","18","64","0","0","17","0","1","1","0","0"
"Office of Management and Budget","Agency Overall","2013","0","0","0","0","1","0","0","0","0","0","0","0","0","0"
"National Indian Gaming Commission","Agency Overall","2013","0","0","0","1","1","1","0","0","1","1","1","0","0","0"
"Office of Navajo and Hopi Indian Relocation","Agency Overall","2013","0","0","0","0","0","0","0","0","0","0","0","0","0","0"
"Council on Environmental Quality","Agency Overall","2013","0","0","0","0","1","1","0","0","0","0","0","0","0","0"
"Office of the United States Trade Representative","Agency Overall","2013","0","0","0","1","1","1","0","0","0","0","0","0","0","0"
"Tennessee Valley Authority","Agency Overall","2013","0","0","0","7","7","2","0","0","0","0","0","0","0","0"
"Commodity Futures Trading Commission","Agency Overall","2013","0","0","1","1","1","1","1","0","0","0","0","0","0","0"
"National Railroad Passenger Corporation","Agency Overall","2013","0","0","0","1","0","0","0","0","0","0","0","0","0","0"
"Export-Import Bank of the U.S.","Agency Overall","2013","0","0","0","1","1","0","0","0","0","0","0","0","0","0"
"Department of Energy","Agency Overall","2013","0","0","2","14","8","19","2","0","1","0","0","0","0","0"
"Administrative Conference of the United States","Agency Overall","2013","0","0","0","0","0","0","0","0","0","0","0","0","0","0"
"Department of Education","Agency Overall","2013","0","0","0","0","6","2","0","0","1","1","1","0","0","0"
"Office of the Special Inspector General for Afghanistan Reconstruction","Agency Overall","2013","0","0","0","0","0","0","0","0","0","0","0","0","0","0"
"Federal Election Commission","Agency Overall","2013","0","0","0","0","0","0","0","0","0","0","0","0","0","0"
"All agencies","Agency Overall","2013","388","27","938","235","1348","2377","275","6","2339","236","1872","158","45","0"