"Agency","Component","Fiscal Year","<1-20 Days","21-40 Days","41-60 Days","61-80 Days","81-100 Days","101-120 Days","121-140 Days","141-160 Days","161-180 Days","181-200 Days","201-300 Days","301-400 Days","401+ Days","Total"
"Commodity Futures Trading Commission","Agency Overall","2018","2","0","0","0","0","0","0","0","0","0","0","0","0","2"
"Merit Systems Protection Board","Agency Overall","2018","2","0","0","0","0","0","0","0","0","0","0","0","1","3"
"United States African Development Foundation","Agency Overall","2018","0","0","0","0","0","0","0","0","0","0","0","0","0","0"
"Securities and Exchange Commission","Agency Overall","2018","3","0","0","0","0","0","0","0","0","0","0","0","0","3"
"Department of Homeland Security","Agency Overall","2018","234","71","48","38","23","18","12","24","17","8","29","5","2","529"
"National Indian Gaming Commission","Agency Overall","2018","0","0","0","0","0","0","0","0","0","0","0","0","0","0"
"Office of Government Ethics","Agency Overall","2018","0","2","0","1","1","0","0","0","1","1","3","4","0","13"
"National Commission on Military, National, and Public Service","Agency Overall","2018","0","0","0","0","0","0","0","0","0","0","0","0","0","0"
"National Mediation Board","Agency Overall","2018","1","0","0","0","0","0","0","0","0","0","0","0","0","1"
"U.S. Agency for Global Media","Agency Overall","2018","1","1","0","0","2","0","0","0","0","0","0","0","0","4"
"Office of Navajo and Hopi Indian Relocation","Agency Overall","2018","0","0","0","0","0","0","0","0","0","0","0","0","0","0"
"Consumer Financial Protection Bureau","Agency Overall","2018","0","1","0","0","0","0","0","0","0","0","0","0","0","1"
"Department of Agriculture","Agency Overall","2018","9","1","0","1","1","0","0","0","0","0","0","0","0","12"
"Court Services and Offender Supervision Agency","Agency Overall","2018","0","0","0","0","0","0","0","0","0","0","0","0","0","0"
"General Services Administration","Agency Overall","2018","19","12","6","4","7","3","2","5","0","2","7","1","0","68"
"Federal Mediation and Conciliation Service","Agency Overall","2018","0","0","0","0","0","0","0","0","0","0","0","0","0","0"
"Harry S. Truman Scholarship Foundation","Agency Overall","2018","1","0","0","0","0","0","0","0","0","0","0","0","0","1"
"Peace Corps","Agency Overall","2018","0","0","0","0","0","0","0","0","0","0","0","0","0","0"
"Department of Education","Agency Overall","2018","16","2","1","0","1","0","0","0","0","0","0","0","0","20"
"Office of National Drug Control Policy","Agency Overall","2018","1","0","0","0","2","0","0","0","0","0","0","0","0","3"
"Department of Housing and Urban Development","Agency Overall","2018","10","2","1","0","0","0","0","0","0","1","0","0","0","14"
"Armed Forces Retirement Home","Agency Overall","2018","0","0","0","0","0","0","0","0","0","0","0","0","0","0"
"National Capital Planning Commission","Agency Overall","2018","3","0","0","0","0","0","0","0","0","0","0","0","0","3"
"Federal Communications Commission","Agency Overall","2018","42","14","10","6","0","3","3","3","2","6","7","0","0","96"
"Legal Services Corporation","Agency Overall","2018","0","0","0","0","0","0","0","0","0","0","0","0","0","0"
"United States International Trade Commission","Agency Overall","2018","0","0","0","0","0","0","0","0","0","0","0","0","0","0"
"Inter-American Foundation","Agency Overall","2018","0","0","0","0","0","0","0","0","0","0","0","0","0","0"
"Federal Retirement Thrift Investment Board","Agency Overall","2018","0","0","0","0","0","0","0","0","0","0","0","0","0","0"
"Department of the Treasury","Agency Overall","2018","20","5","2","1","1","0","2","4","2","0","1","0","0","38"
"Office of Personnel Management","Agency Overall","2018","0","0","0","0","0","0","0","0","0","0","0","0","0","0"
"Gulf Coast Ecosystem Restoration Council","Agency Overall","2018","0","0","0","0","0","0","0","0","0","0","0","0","0","0"
"James Madison Memorial Fellowship Foundation","Agency Overall","2018","0","0","0","0","0","0","0","0","0","0","0","0","0","0"
"Office of the Director of National Intelligence","Agency Overall","2018","0","0","1","0","0","0","0","0","0","0","0","0","0","1"
"United States Trade and Development Agency","Agency Overall","2018","1","1","0","0","0","0","0","0","0","0","1","0","0","3"
"Council of the Inspectors General on Integrity and Efficiency","Agency Overall","2018","0","0","0","0","0","0","0","0","0","0","0","0","0","0"
"Appraisal Subcommittee","Agency Overall","2018","0","0","0","0","0","0","0","0","0","0","0","0","0","0"
"U.S. Railroad Retirement Board","Agency Overall","2018","0","0","0","0","0","0","0","0","0","0","0","0","0","0"
"Committee for Purchase from People Who Are Blind or Severely Disabled","Agency Overall","2018","0","0","0","0","0","0","0","0","0","0","0","0","0","0"
"Federal Deposit Insurance Corporation","Agency Overall","2018","7","2","0","0","0","0","0","0","0","0","0","0","0","9"
"National Railroad Passenger Corporation","Agency Overall","2018","0","0","0","0","0","0","0","0","0","0","0","0","8","8"
"Department of Health and Human Services","Agency Overall","2018","9","11","5","2","2","3","2","1","1","1","2","2","35","76"
"U.S. Department of State","Agency Overall","2018","0","0","0","0","0","1","2","0","0","0","7","3","13","26"
"Occupational Safety and Health Review Commission","Agency Overall","2018","1","0","0","0","0","0","0","0","0","0","0","0","0","1"
"Office of the United States Trade Representative","Agency Overall","2018","6","0","0","0","0","0","0","0","0","0","0","0","0","6"
"Federal Reserve System","Agency Overall","2018","0","0","0","0","0","0","0","0","0","0","1","0","0","1"
"U.S. Agency for International Development","Agency Overall","2018","0","0","0","0","0","0","0","0","0","0","0","0","3","3"
"U.S. Election Assistance Commission","Agency Overall","2018","0","0","0","0","0","0","0","0","0","0","0","0","0","0"
"Small Business Administration","Agency Overall","2018","16","3","3","1","1","0","0","0","0","0","0","0","0","24"
"Corporation for National and Community Service (operating as AmeriCorps)","Agency Overall","2018","3","0","0","0","0","0","0","0","0","0","0","0","0","3"
"Presidio Trust","Agency Overall","2018","0","0","0","0","0","0","0","0","0","0","0","0","0","0"
"Office of Science and Technology Policy","Agency Overall","2018","1","0","1","0","0","0","0","0","0","0","0","0","0","2"
"Farm Credit Administration","Agency Overall","2018","3","0","0","0","0","0","0","0","0","0","0","0","0","3"
"Federal Housing Finance Agency","Agency Overall","2018","0","0","0","0","0","0","0","0","0","0","0","0","0","0"
"Department of Commerce","Agency Overall","2018","9","0","5","3","9","3","4","1","0","2","7","0","0","43"
"United States Institute of Peace","Agency Overall","2018","0","0","0","0","0","0","0","0","0","0","0","0","0","0"
"U.S. Nuclear Waste Technical Review Board","Agency Overall","2018","0","0","0","0","0","0","0","0","0","0","0","0","0","0"
"Nuclear Regulatory Commission","Agency Overall","2018","1","2","0","0","1","0","0","0","0","0","0","0","0","4"
"Overseas Private Investment Corporation","Agency Overall","2018","3","1","0","0","0","0","0","0","0","0","0","0","0","4"
"Selective Service System","Agency Overall","2018","0","0","0","0","0","0","0","0","0","0","0","0","0","0"
"Export-Import Bank of the U.S.","Agency Overall","2018","0","0","0","0","0","0","0","0","0","0","0","0","0","0"
"United States International Boundary and Water Commission","Agency Overall","2018","0","0","0","0","0","0","0","0","0","0","0","0","0","0"
"Department of Justice","Agency Overall","2018","44","33","23","10","10","11","20","15","16","17","27","17","17","260"
"Morris K. Udall and Stewart L. Udall Foundation","Agency Overall","2018","0","0","0","0","0","0","0","0","0","0","0","0","0","0"
"United States Access Board","Agency Overall","2018","0","1","0","0","0","0","0","0","0","0","0","0","0","1"
"U.S. Interagency Council on Homelessness","Agency Overall","2018","0","0","0","0","0","0","0","0","0","0","0","0","0","0"
"Office of Management and Budget","Agency Overall","2018","0","0","0","0","0","0","0","0","0","0","0","0","0","0"
"Federal Financial Institutions Examination Council","Agency Overall","2018","0","0","0","0","0","0","0","0","0","0","0","0","0","0"
"Privacy and Civil Liberties Oversight Board","Agency Overall","2018","1","0","0","0","0","0","0","0","0","0","0","0","0","1"
"Pension Benefit Guaranty Corporation","Agency Overall","2018","1","0","0","0","0","0","0","0","0","0","0","0","0","1"
"Central Intelligence Agency","Agency Overall","2018","0","0","0","0","0","0","0","0","0","0","0","0","0","0"
"Defense Nuclear Facilities Safety Board","Agency Overall","2018","1","2","0","0","0","0","0","0","0","0","0","0","0","3"
"Advisory Council on Historic Preservation","Agency Overall","2018","0","0","0","0","0","0","0","0","0","0","0","0","0","0"
"National Council on Disability","Agency Overall","2018","0","0","0","0","0","0","0","0","0","0","0","0","0","0"
"Postal Regulatory Commission","Agency Overall","2018","3","0","0","0","0","0","0","0","0","0","0","0","0","3"
"Farm Credit System Insurance Corporation","Agency Overall","2018","0","0","0","0","0","0","0","0","0","0","0","0","0","0"
"Neighborhood Reinvestment Corporation","Agency Overall","2018","0","0","0","0","0","0","0","0","0","0","0","0","0","0"
"Federal Maritime Commission","Agency Overall","2018","0","0","0","0","0","0","0","0","0","0","0","0","0","0"
"National Labor Relations Board","Agency Overall","2018","28","6","1","1","1","1","1","1","0","0","0","0","0","40"
"National Aeronautics and Space Administration","Agency Overall","2018","2","0","0","0","0","0","0","0","0","0","0","0","0","2"
"Department of Veterans Affairs","Agency Overall","2018","51","15","5","2","3","3","5","1","0","1","0","2","2","90"
"Commission of Fine Arts","Agency Overall","2018","2","0","0","0","0","0","0","0","0","0","0","0","0","2"
"Department of Energy","Agency Overall","2018","0","3","0","0","0","0","0","0","0","0","0","0","0","3"
"Environmental Protection Agency","Agency Overall","2018","3","1","5","2","0","0","1","0","1","1","8","10","24","56"
"National Endowment for the Humanities","Agency Overall","2018","0","0","0","0","0","0","0","0","0","0","0","0","0","0"
"U.S. Commission on Civil Rights","Agency Overall","2018","0","0","0","0","0","0","0","0","0","0","0","0","0","0"
"Department of Labor","Agency Overall","2018","55","8","3","1","2","2","0","0","0","0","2","1","1","75"
"Federal Labor Relations Authority","Agency Overall","2018","0","0","0","0","0","0","0","0","0","0","0","0","0","0"
"National Science Foundation","Agency Overall","2018","0","0","0","0","0","0","0","0","0","0","0","0","0","0"
"Federal Energy Regulatory Commission","Agency Overall","2018","0","0","0","0","0","0","0","0","0","0","0","0","0","0"
"Federal Trade Commission","Agency Overall","2018","1","0","1","1","0","0","1","0","0","0","0","0","0","4"
"Office of the Special Inspector General for Afghanistan Reconstruction","Agency Overall","2018","0","0","0","0","0","0","0","0","0","0","0","0","0","0"
"Marine Mammal Commission","Agency Overall","2018","3","0","0","0","0","0","0","0","0","0","0","0","0","3"
"Office of Special Counsel","Agency Overall","2018","5","3","1","0","1","1","0","0","2","0","0","0","3","16"
"United States Postal Service","Agency Overall","2018","6","0","0","0","0","0","0","0","0","0","0","0","0","6"
"Equal Employment Opportunity Commission","Agency Overall","2018","1","0","0","0","0","0","0","0","0","0","1","0","0","2"
"Chemical Safety and Hazard Investigation Board","Agency Overall","2018","1","0","0","0","0","0","0","0","0","0","0","0","0","1"
"Department of the Interior","Agency Overall","2018","19","5","4","4","2","1","3","0","1","0","3","0","1","43"
"Federal Mine Safety and Health Review Commission","Agency Overall","2018","1","0","0","0","0","0","0","0","0","0","0","0","0","1"
"Denali Commission","Agency Overall","2018","0","0","0","0","0","0","0","0","0","0","0","0","0","0"
"National Archives and Records Administration","Agency Overall","2018","208","0","1","1","0","0","0","0","0","0","0","0","0","210"
"United States Copyright Office","Agency Overall","2018","1","0","0","0","0","0","0","0","0","0","0","0","0","1"
"Social Security Administration","Agency Overall","2018","2","2","0","3","1","0","0","0","0","0","0","0","0","8"
"National Transportation Safety Board","Agency Overall","2018","0","0","0","0","0","0","0","0","0","0","0","0","0","0"
"Administrative Conference of the United States","Agency Overall","2018","0","0","0","0","0","0","0","0","0","0","0","0","0","0"
"National Credit Union Administration","Agency Overall","2018","1","1","2","0","0","0","0","0","0","0","0","0","0","4"
"Surface Transportation Board","Agency Overall","2018","0","0","0","0","0","0","0","0","0","0","0","0","0","0"
"Institute of Museum and Library Services","Agency Overall","2018","0","0","0","0","0","0","0","0","0","0","0","0","0","0"
"Tennessee Valley Authority","Agency Overall","2018","0","0","0","0","0","0","0","0","0","0","0","0","0","0"
"Council on Environmental Quality","Agency Overall","2018","0","0","0","0","0","0","0","0","0","0","0","0","0","0"
"Department of Transportation","Agency Overall","2018","5","4","0","1","0","0","0","0","0","0","0","0","2","12"
"National Endowment for the Arts","Agency Overall","2018","0","0","0","0","0","0","0","0","0","0","0","0","0","0"
"Federal Open Market Committee","Agency Overall","2018","0","0","0","0","0","0","0","0","0","0","0","0","0","0"
"Consumer Product Safety Commission","Agency Overall","2018","1","0","0","0","0","0","0","0","0","0","0","0","0","1"
"Department of Defense","Agency Overall","2018","284","58","20","8","10","6","6","1","0","3","6","5","8","415"
"Millennium Challenge Corporation","Agency Overall","2018","0","0","0","0","0","0","0","0","0","0","0","0","0","0"
"American Battle Monuments Commission","Agency Overall","2018","2","0","0","0","0","0","0","0","0","0","0","0","0","2"
"Social Security Advisory Board","Agency Overall","2018","0","0","0","0","0","0","0","0","0","0","0","0","0","0"
"Federal Election Commission","Agency Overall","2018","1","0","0","0","0","0","0","0","0","0","0","0","0","1"
"All agencies","Agency Overall","2018","1157","273","149","91","81","56","64","56","43","43","112","50","120","2295"