"Agency","Component","Fiscal Year","No Records","Records Referred at Initial Request Level","Request Withdrawn","Fee-Related Reason","Records Not Reasonably Described","Improper Request for Other Reason","Not Agency Record","Duplicate Request or Appeal","Request in Litigation","Appeal Based Solely on Denial of Request for Expedited Processing","Other*"
"Commodity Futures Trading Commission","Agency Overall","2018","0","0","0","0","0","0","0","0","0","0","0"
"Merit Systems Protection Board","Agency Overall","2018","1","0","0","0","0","0","0","0","0","0","1"
"United States African Development Foundation","Agency Overall","2018","0","0","0","0","0","0","0","0","0","0","0"
"Securities and Exchange Commission","Agency Overall","2018","0","0","3","0","0","7","0","0","0","0","0"
"Department of Homeland Security","Agency Overall","2018","139","8","32","0","6","416","27","76","14","6","131"
"National Indian Gaming Commission","Agency Overall","2018","0","0","0","0","0","0","0","0","0","0","0"
"Office of Government Ethics","Agency Overall","2018","0","0","0","0","0","0","0","0","0","0","0"
"National Commission on Military, National, and Public Service","Agency Overall","2018","0","0","0","0","0","0","0","0","0","1","0"
"National Mediation Board","Agency Overall","2018","0","0","0","0","0","0","0","0","0","0","0"
"U.S. Agency for Global Media","Agency Overall","2018","0","0","0","0","0","0","0","0","0","0","0"
"Office of Navajo and Hopi Indian Relocation","Agency Overall","2018","0","0","0","0","0","0","0","0","0","0","0"
"Consumer Financial Protection Bureau","Agency Overall","2018","0","0","0","0","0","2","1","0","0","0","0"
"Department of Agriculture","Agency Overall","2018","10","0","33","2","0","2","1","6","9","0","35"
"Court Services and Offender Supervision Agency","Agency Overall","2018","0","0","0","0","0","0","0","0","0","0","0"
"General Services Administration","Agency Overall","2018","11","12","4","2","0","1","0","1","0","0","0"
"Federal Mediation and Conciliation Service","Agency Overall","2018","1","0","0","0","0","0","0","0","0","0","0"
"Harry S. Truman Scholarship Foundation","Agency Overall","2018","0","0","0","0","0","0","0","0","0","0","0"
"Peace Corps","Agency Overall","2018","1","0","0","0","0","0","0","0","0","0","0"
"Department of Education","Agency Overall","2018","2","1","5","0","0","0","0","0","4","0","4"
"Office of National Drug Control Policy","Agency Overall","2018","0","0","0","0","0","0","0","0","0","0","0"
"Department of Housing and Urban Development","Agency Overall","2018","1","0","3","0","0","2","0","0","0","0","0"
"Armed Forces Retirement Home","Agency Overall","2018","0","0","0","0","0","0","0","0","0","0","0"
"National Capital Planning Commission","Agency Overall","2018","0","0","0","0","0","0","0","0","0","0","0"
"Federal Communications Commission","Agency Overall","2018","0","0","16","1","1","9","0","3","0","1","0"
"Legal Services Corporation","Agency Overall","2018","0","0","0","0","0","0","0","0","0","0","0"
"United States International Trade Commission","Agency Overall","2018","0","0","0","0","0","0","0","0","0","0","0"
"Inter-American Foundation","Agency Overall","2018","0","0","0","0","0","0","0","0","0","0","0"
"Federal Retirement Thrift Investment Board","Agency Overall","2018","0","0","0","0","0","0","0","0","0","0","0"
"Department of the Treasury","Agency Overall","2018","30","0","0","1","4","29","4","0","0","0","0"
"Office of Personnel Management","Agency Overall","2018","8","0","1","0","2","6","3","1","0","0","0"
"Gulf Coast Ecosystem Restoration Council","Agency Overall","2018","0","0","0","0","0","0","0","0","0","0","0"
"James Madison Memorial Fellowship Foundation","Agency Overall","2018","0","0","0","0","0","0","0","0","0","0","0"
"Office of the Director of National Intelligence","Agency Overall","2018","0","0","3","0","0","0","0","0","8","0","0"
"United States Trade and Development Agency","Agency Overall","2018","0","0","0","0","0","0","0","0","0","0","0"
"Council of the Inspectors General on Integrity and Efficiency","Agency Overall","2018","0","0","0","0","0","0","0","0","0","0","0"
"Appraisal Subcommittee","Agency Overall","2018","0","0","0","0","0","0","0","0","0","0","0"
"U.S. Railroad Retirement Board","Agency Overall","2018","0","0","0","0","0","0","0","0","0","0","0"
"Committee for Purchase from People Who Are Blind or Severely Disabled","Agency Overall","2018","0","0","0","0","0","0","0","0","0","0","0"
"Federal Deposit Insurance Corporation","Agency Overall","2018","0","0","0","0","0","1","0","0","0","0","0"
"National Railroad Passenger Corporation","Agency Overall","2018","1","0","2","0","0","0","0","0","0","0","0"
"Department of Health and Human Services","Agency Overall","2018","14","23","63","1","0","8","4","19","13","2","85"
"U.S. Department of State","Agency Overall","2018","16","0","11","0","1","4","2","0","0","0","4"
"Occupational Safety and Health Review Commission","Agency Overall","2018","0","0","0","0","0","0","0","0","0","0","1"
"Office of the United States Trade Representative","Agency Overall","2018","1","0","1","0","0","0","1","0","0","0","0"
"Federal Reserve System","Agency Overall","2018","1","0","0","0","0","0","0","0","0","0","1"
"U.S. Agency for International Development","Agency Overall","2018","0","0","1","0","0","1","0","0","0","1","0"
"U.S. Election Assistance Commission","Agency Overall","2018","0","0","0","0","0","0","0","0","0","0","0"
"Small Business Administration","Agency Overall","2018","0","0","6","0","0","0","0","1","0","1","0"
"Corporation for National and Community Service (operating as AmeriCorps)","Agency Overall","2018","0","0","0","0","0","0","0","0","0","0","0"
"Presidio Trust","Agency Overall","2018","0","0","0","0","0","0","0","0","0","0","0"
"Office of Science and Technology Policy","Agency Overall","2018","0","0","2","0","0","0","0","0","0","0","0"
"Farm Credit Administration","Agency Overall","2018","0","0","0","0","0","0","0","0","0","0","0"
"Federal Housing Finance Agency","Agency Overall","2018","1","0","0","0","0","0","0","0","0","0","0"
"Department of Commerce","Agency Overall","2018","7","0","8","3","0","2","0","3","2","3","0"
"United States Institute of Peace","Agency Overall","2018","0","0","0","0","0","0","0","0","0","0","0"
"U.S. Nuclear Waste Technical Review Board","Agency Overall","2018","0","0","0","0","0","0","0","0","0","0","0"
"Nuclear Regulatory Commission","Agency Overall","2018","32","1","0","21","1","15","1","9","1","1","1"
"Overseas Private Investment Corporation","Agency Overall","2018","0","0","0","0","0","0","0","0","0","0","0"
"Selective Service System","Agency Overall","2018","0","0","0","0","0","0","0","0","0","0","0"
"Export-Import Bank of the U.S.","Agency Overall","2018","0","0","0","0","0","0","0","0","0","0","0"
"United States International Boundary and Water Commission","Agency Overall","2018","0","0","0","0","0","0","0","0","0","0","0"
"Department of Justice","Agency Overall","2018","794","27","3","47","218","291","7","153","64","72","1195"
"Morris K. Udall and Stewart L. Udall Foundation","Agency Overall","2018","0","0","0","0","0","0","0","0","0","0","0"
"United States Access Board","Agency Overall","2018","0","0","0","0","0","0","0","0","0","0","0"
"U.S. Interagency Council on Homelessness","Agency Overall","2018","0","0","0","0","0","0","0","0","0","0","0"
"Office of Management and Budget","Agency Overall","2018","0","0","0","0","0","0","0","0","0","0","0"
"Federal Financial Institutions Examination Council","Agency Overall","2018","0","0","0","0","0","0","0","0","0","0","0"
"Privacy and Civil Liberties Oversight Board","Agency Overall","2018","0","0","0","0","0","0","0","0","0","0","0"
"Pension Benefit Guaranty Corporation","Agency Overall","2018","7","0","1","0","1","0","0","1","0","0","2"
"Central Intelligence Agency","Agency Overall","2018","0","4","1","0","0","3","0","1","116","0","3"
"Defense Nuclear Facilities Safety Board","Agency Overall","2018","0","0","0","0","0","0","0","0","0","0","1"
"Advisory Council on Historic Preservation","Agency Overall","2018","0","0","0","0","0","0","0","0","0","0","0"
"National Council on Disability","Agency Overall","2018","0","0","0","0","0","0","0","0","0","0","0"
"Postal Regulatory Commission","Agency Overall","2018","0","0","0","0","0","0","0","0","0","0","0"
"Farm Credit System Insurance Corporation","Agency Overall","2018","0","0","0","0","0","0","0","0","0","0","0"
"Neighborhood Reinvestment Corporation","Agency Overall","2018","0","0","0","0","0","0","0","0","0","0","0"
"Federal Maritime Commission","Agency Overall","2018","0","0","0","0","0","0","0","0","0","0","0"
"National Labor Relations Board","Agency Overall","2018","1","0","3","0","0","0","0","0","0","1","0"
"National Aeronautics and Space Administration","Agency Overall","2018","0","0","1","0","0","2","1","0","0","0","0"
"Department of Veterans Affairs","Agency Overall","2018","41","0","6","12","0","0","0","4","9","0","83"
"Commission of Fine Arts","Agency Overall","2018","0","0","0","0","0","0","0","0","0","0","0"
"Department of Energy","Agency Overall","2018","7","0","14","1","1","10","0","0","0","1","6"
"Environmental Protection Agency","Agency Overall","2018","5","0","24","12","3","0","0","15","11","5","37"
"National Endowment for the Humanities","Agency Overall","2018","1","0","0","0","0","0","0","0","0","0","0"
"U.S. Commission on Civil Rights","Agency Overall","2018","0","0","0","0","0","0","0","0","0","0","0"
"Department of Labor","Agency Overall","2018","11","3","109","4","0","22","1","11","8","0","32"
"Federal Labor Relations Authority","Agency Overall","2018","0","0","0","0","0","0","0","0","0","0","0"
"National Science Foundation","Agency Overall","2018","0","0","0","0","0","0","0","0","0","0","0"
"Federal Energy Regulatory Commission","Agency Overall","2018","0","0","1","0","0","0","0","0","1","0","0"
"Federal Trade Commission","Agency Overall","2018","1","0","0","0","0","0","0","0","0","0","1"
"Office of the Special Inspector General for Afghanistan Reconstruction","Agency Overall","2018","0","0","0","0","0","0","0","0","0","0","0"
"Marine Mammal Commission","Agency Overall","2018","0","0","0","0","0","0","0","0","0","0","0"
"Office of Special Counsel","Agency Overall","2018","1","0","0","0","0","1","0","0","0","0","0"
"United States Postal Service","Agency Overall","2018","9","1","2","1","2","1","0","2","1","1","8"
"Equal Employment Opportunity Commission","Agency Overall","2018","15","2","0","2","0","0","0","0","0","0","131"
"Chemical Safety and Hazard Investigation Board","Agency Overall","2018","0","0","0","0","0","0","0","0","0","0","0"
"Department of the Interior","Agency Overall","2018","9","0","10","1","2","1","1","8","28","2","92"
"Federal Mine Safety and Health Review Commission","Agency Overall","2018","0","0","0","0","0","0","0","0","0","0","0"
"Denali Commission","Agency Overall","2018","0","0","0","0","0","0","0","0","0","0","0"
"National Archives and Records Administration","Agency Overall","2018","19","0","3","4","3","3","1","3","4","2","7"
"United States Copyright Office","Agency Overall","2018","1","0","0","0","0","0","1","0","0","0","0"
"Social Security Administration","Agency Overall","2018","106","5","3","13","3","7","0","47","1","0","5"
"National Transportation Safety Board","Agency Overall","2018","1","0","2","0","0","8","0","0","0","0","0"
"Administrative Conference of the United States","Agency Overall","2018","0","0","0","0","0","0","0","0","0","0","0"
"National Credit Union Administration","Agency Overall","2018","0","0","0","0","0","0","0","0","0","0","0"
"Surface Transportation Board","Agency Overall","2018","0","0","0","0","0","0","1","0","0","0","0"
"Institute of Museum and Library Services","Agency Overall","2018","0","0","0","0","0","0","0","0","0","0","0"
"Tennessee Valley Authority","Agency Overall","2018","0","0","0","0","0","0","0","0","0","0","0"
"Council on Environmental Quality","Agency Overall","2018","0","0","0","0","0","0","0","0","0","0","0"
"Department of Transportation","Agency Overall","2018","7","0","27","0","0","2","0","0","0","1","0"
"National Endowment for the Arts","Agency Overall","2018","0","0","0","0","0","0","0","0","0","0","0"
"Federal Open Market Committee","Agency Overall","2018","0","0","0","0","0","0","0","0","0","0","0"
"Consumer Product Safety Commission","Agency Overall","2018","0","0","0","0","0","0","0","0","0","0","2"
"Department of Defense","Agency Overall","2018","65","4","78","21","2","47","9","11","25","29","122"
"Millennium Challenge Corporation","Agency Overall","2018","0","0","0","0","0","0","0","0","0","0","0"
"American Battle Monuments Commission","Agency Overall","2018","0","0","0","0","0","0","0","0","0","0","0"
"Social Security Advisory Board","Agency Overall","2018","0","0","0","0","0","0","0","0","0","0","0"
"Federal Election Commission","Agency Overall","2018","2","0","0","0","0","0","0","0","0","0","1"
"All agencies","Agency Overall","2018","1380","91","482","149","250","903","66","375","319","130","1991"