"Agency","Component","Fiscal Year","<1-20 Days","21-40 Days","41-60 Days","61-80 Days","81-100 Days","101-120 Days","121-140 Days","141-160 Days","161-180 Days","181-200 Days","201-300 Days","301-400 Days","401+ Days","Total"
"Commodity Futures Trading Commission","Agency Overall","2018","0","9","4","8","5","2","2","3","2","0","0","0","3","38"
"Merit Systems Protection Board","Agency Overall","2018","4","9","1","0","1","3","0","1","1","1","4","8","13","46"
"United States African Development Foundation","Agency Overall","2018","0","1","0","0","0","0","0","0","0","0","0","0","0","1"
"Securities and Exchange Commission","Agency Overall","2018","1","4","0","0","0","0","0","0","0","0","0","0","15","20"
"Department of Homeland Security","Agency Overall","2018","40965","17687","13152","3820","9178","81080","7272","2547","865","518","975","403","818","179280"
"National Indian Gaming Commission","Agency Overall","2018","1","4","2","1","0","0","0","1","1","0","2","2","2","16"
"Office of Government Ethics","Agency Overall","2018","0","0","0","0","0","0","0","0","0","0","0","0","0","0"
"National Commission on Military, National, and Public Service","Agency Overall","2018","0","0","0","0","0","0","0","0","0","0","0","0","0","0"
"National Mediation Board","Agency Overall","2018","0","0","0","0","0","0","0","0","0","0","0","0","0","0"
"U.S. Agency for Global Media","Agency Overall","2018","7","0","2","0","3","0","0","1","0","0","1","0","1","15"
"Office of Navajo and Hopi Indian Relocation","Agency Overall","2018","0","0","0","0","0","0","0","0","0","0","0","0","0","0"
"Consumer Financial Protection Bureau","Agency Overall","2018","2","13","2","2","3","3","1","0","1","0","2","1","0","30"
"Department of Agriculture","Agency Overall","2018","788","241","130","66","40","46","36","33","22","33","101","38","96","1670"
"Court Services and Offender Supervision Agency","Agency Overall","2018","7","6","0","0","0","0","0","0","0","1","0","0","0","14"
"General Services Administration","Agency Overall","2018","17","228","110","44","53","20","13","19","17","8","40","18","0","587"
"Federal Mediation and Conciliation Service","Agency Overall","2018","0","0","0","1","0","0","0","0","0","0","0","0","0","1"
"Harry S. Truman Scholarship Foundation","Agency Overall","2018","0","0","0","0","0","0","0","0","0","0","0","0","0","0"
"Peace Corps","Agency Overall","2018","0","0","0","0","1","0","0","0","0","0","3","1","0","5"
"Department of Education","Agency Overall","2018","4","261","201","128","75","73","52","50","43","32","115","61","36","1131"
"Office of National Drug Control Policy","Agency Overall","2018","0","1","1","1","0","0","0","1","0","0","1","2","1","8"
"Department of Housing and Urban Development","Agency Overall","2018","189","129","53","28","187","19","10","14","11","9","48","21","29","747"
"Armed Forces Retirement Home","Agency Overall","2018","0","0","0","0","0","0","0","0","0","0","0","0","0","0"
"National Capital Planning Commission","Agency Overall","2018","0","0","0","0","0","0","0","0","0","0","0","0","0","0"
"Federal Communications Commission","Agency Overall","2018","3","36","37","21","8","11","4","5","5","7","2","1","1","141"
"Legal Services Corporation","Agency Overall","2018","0","0","0","0","0","0","0","0","0","0","0","0","0","0"
"United States International Trade Commission","Agency Overall","2018","1","11","0","0","0","0","0","0","0","0","0","0","0","12"
"Inter-American Foundation","Agency Overall","2018","0","0","0","0","0","0","0","0","0","0","0","0","0","0"
"Federal Retirement Thrift Investment Board","Agency Overall","2018","0","0","0","0","0","0","0","0","0","0","0","0","0","0"
"Department of the Treasury","Agency Overall","2018","3209","1478","755","334","179","111","69","58","46","26","95","39","152","6551"
"Office of Personnel Management","Agency Overall","2018","1316","1064","80","37","24","15","16","14","6","3","14","6","15","2610"
"Gulf Coast Ecosystem Restoration Council","Agency Overall","2018","0","0","0","0","0","0","0","0","0","0","0","3","0","3"
"James Madison Memorial Fellowship Foundation","Agency Overall","2018","0","0","0","0","0","0","0","0","0","0","0","0","0","0"
"Office of the Director of National Intelligence","Agency Overall","2018","94","20","19","14","14","6","8","8","8","0","6","6","11","214"
"United States Trade and Development Agency","Agency Overall","2018","0","0","0","0","0","0","0","0","0","0","1","0","0","1"
"Council of the Inspectors General on Integrity and Efficiency","Agency Overall","2018","2","1","4","2","2","1","0","1","0","0","1","0","0","14"
"Appraisal Subcommittee","Agency Overall","2018","0","0","0","0","0","0","0","0","0","0","0","0","0","0"
"U.S. Railroad Retirement Board","Agency Overall","2018","0","0","0","0","0","0","0","0","0","0","0","0","0","0"
"Committee for Purchase from People Who Are Blind or Severely Disabled","Agency Overall","2018","0","0","0","0","0","1","1","0","0","2","0","0","0","4"
"Federal Deposit Insurance Corporation","Agency Overall","2018","20","30","7","2","4","0","0","0","0","0","0","0","0","63"
"National Railroad Passenger Corporation","Agency Overall","2018","81","18","15","8","7","4","4","5","4","4","11","3","29","193"
"Department of Health and Human Services","Agency Overall","2018","10961","1834","915","693","658","504","487","403","389","339","1284","386","905","19758"
"U.S. Department of State","Agency Overall","2018","127","502","701","671","371","224","222","273","343","321","461","455","2292","6963"
"Occupational Safety and Health Review Commission","Agency Overall","2018","0","4","0","0","0","0","0","0","0","0","0","0","0","4"
"Office of the United States Trade Representative","Agency Overall","2018","1","2","3","7","3","7","4","3","2","0","3","0","0","35"
"Federal Reserve System","Agency Overall","2018","76","59","31","18","8","10","7","10","3","3","20","5","0","250"
"U.S. Agency for International Development","Agency Overall","2018","57","42","25","14","14","10","6","11","5","6","41","19","79","329"
"U.S. Election Assistance Commission","Agency Overall","2018","9","5","8","4","4","2","3","2","0","1","6","1","0","45"
"Small Business Administration","Agency Overall","2018","0","0","0","0","0","0","0","0","0","0","0","0","0","0"
"Corporation for National and Community Service (operating as AmeriCorps)","Agency Overall","2018","5","2","0","0","0","0","0","0","0","0","0","0","0","7"
"Presidio Trust","Agency Overall","2018","0","0","0","0","0","0","0","0","0","0","0","0","0","0"
"Office of Science and Technology Policy","Agency Overall","2018","0","0","0","0","0","0","0","0","2","0","0","1","1","4"
"Farm Credit Administration","Agency Overall","2018","0","0","0","0","0","0","0","0","0","0","0","0","0","0"
"Federal Housing Finance Agency","Agency Overall","2018","9","8","10","3","3","5","7","2","1","0","1","0","0","49"
"Department of Commerce","Agency Overall","2018","198","100","54","35","25","26","19","19","11","21","43","17","21","589"
"United States Institute of Peace","Agency Overall","2018","0","0","1","0","0","0","0","0","0","0","0","0","0","1"
"U.S. Nuclear Waste Technical Review Board","Agency Overall","2018","0","0","0","0","0","0","0","0","0","0","0","0","0","0"
"Nuclear Regulatory Commission","Agency Overall","2018","22","17","8","4","6","2","5","5","1","3","7","2","3","85"
"Overseas Private Investment Corporation","Agency Overall","2018","5","2","2","0","0","0","0","0","0","0","0","1","2","12"
"Selective Service System","Agency Overall","2018","0","0","0","0","0","0","0","0","0","0","0","0","0","0"
"Export-Import Bank of the U.S.","Agency Overall","2018","1","3","1","2","5","2","1","2","3","1","10","3","4","38"
"United States International Boundary and Water Commission","Agency Overall","2018","0","0","0","0","0","0","0","0","0","0","0","0","0","0"
"Department of Justice","Agency Overall","2018","3165","2133","1251","764","604","538","390","325","277","247","1253","871","1651","13469"
"Morris K. Udall and Stewart L. Udall Foundation","Agency Overall","2018","0","0","0","0","0","0","0","0","0","0","0","0","0","0"
"United States Access Board","Agency Overall","2018","0","0","0","0","0","0","0","0","0","0","0","0","0","0"
"U.S. Interagency Council on Homelessness","Agency Overall","2018","0","3","4","1","0","0","0","0","0","0","0","0","0","8"
"Office of Management and Budget","Agency Overall","2018","0","0","0","0","0","0","0","0","0","0","0","0","22","22"
"Federal Financial Institutions Examination Council","Agency Overall","2018","0","0","0","0","0","0","0","0","0","0","0","0","0","0"
"Privacy and Civil Liberties Oversight Board","Agency Overall","2018","0","0","0","0","0","0","0","0","0","0","0","0","0","0"
"Pension Benefit Guaranty Corporation","Agency Overall","2018","647","408","120","30","5","6","9","1","0","0","0","0","0","1226"
"Central Intelligence Agency","Agency Overall","2018","20","35","35","27","31","16","22","18","16","11","93","116","227","667"
"Defense Nuclear Facilities Safety Board","Agency Overall","2018","0","0","0","0","0","0","0","0","0","0","0","0","0","0"
"Advisory Council on Historic Preservation","Agency Overall","2018","0","0","0","0","1","0","0","0","0","0","0","0","0","1"
"National Council on Disability","Agency Overall","2018","0","0","0","0","0","0","0","0","0","0","0","0","0","0"
"Postal Regulatory Commission","Agency Overall","2018","0","6","2","1","0","0","0","0","0","0","0","0","0","9"
"Farm Credit System Insurance Corporation","Agency Overall","2018","0","0","0","0","0","0","0","0","0","0","0","0","0","0"
"Neighborhood Reinvestment Corporation","Agency Overall","2018","0","0","0","0","0","0","0","0","0","0","0","0","0","0"
"Federal Maritime Commission","Agency Overall","2018","7","5","2","0","3","1","0","0","0","0","0","0","0","18"
"National Labor Relations Board","Agency Overall","2018","0","0","0","0","0","0","0","0","0","0","0","0","0","0"
"National Aeronautics and Space Administration","Agency Overall","2018","154","106","44","28","17","4","5","4","1","2","1","0","0","366"
"Department of Veterans Affairs","Agency Overall","2018","1956","827","398","221","135","94","67","51","51","34","71","31","43","3979"
"Commission of Fine Arts","Agency Overall","2018","0","0","0","1","0","0","0","0","0","0","0","0","0","1"
"Department of Energy","Agency Overall","2018","63","72","69","57","39","15","23","13","8","9","20","16","25","429"
"Environmental Protection Agency","Agency Overall","2018","538","332","138","93","56","61","47","26","19","10","80","55","193","1648"
"National Endowment for the Humanities","Agency Overall","2018","2","2","1","0","0","0","0","0","0","0","0","0","0","5"
"U.S. Commission on Civil Rights","Agency Overall","2018","1","0","0","0","0","0","0","0","0","0","0","0","0","1"
"Department of Labor","Agency Overall","2018","6770","1500","505","239","160","104","94","44","31","22","79","36","57","9641"
"Federal Labor Relations Authority","Agency Overall","2018","0","0","0","0","0","0","0","0","0","0","0","0","0","0"
"National Science Foundation","Agency Overall","2018","57","38","18","10","8","14","15","11","7","6","16","17","39","256"
"Federal Energy Regulatory Commission","Agency Overall","2018","21","32","6","4","3","1","2","0","0","1","4","1","4","79"
"Federal Trade Commission","Agency Overall","2018","156","129","72","35","28","20","13","8","5","0","3","1","0","470"
"Office of the Special Inspector General for Afghanistan Reconstruction","Agency Overall","2018","0","7","0","0","3","1","0","0","0","0","3","1","1","16"
"Marine Mammal Commission","Agency Overall","2018","0","0","1","0","0","0","0","0","0","0","0","0","0","1"
"Office of Special Counsel","Agency Overall","2018","3","4","4","5","1","3","3","5","6","2","24","18","84","162"
"United States Postal Service","Agency Overall","2018","157","100","17","9","6","5","2","1","3","9","3","3","5","320"
"Equal Employment Opportunity Commission","Agency Overall","2018","5","60","10","7","3","6","3","5","6","4","8","1","0","118"
"Chemical Safety and Hazard Investigation Board","Agency Overall","2018","2","5","1","1","3","0","0","0","0","0","0","0","6","18"
"Department of the Interior","Agency Overall","2018","2709","985","492","287","174","150","136","105","103","64","229","81","103","5618"
"Federal Mine Safety and Health Review Commission","Agency Overall","2018","4","2","0","0","0","0","0","0","0","0","0","0","0","6"
"Denali Commission","Agency Overall","2018","0","0","0","0","0","0","0","0","0","0","0","0","0","0"
"National Archives and Records Administration","Agency Overall","2018","155","41","49","8","9","6","8","7","7","6","41","57","391","785"
"United States Copyright Office","Agency Overall","2018","1","1","0","0","0","0","1","0","0","1","2","0","0","6"
"Social Security Administration","Agency Overall","2018","61","64","42","26","25","22","23","16","16","17","27","12","11","362"
"National Transportation Safety Board","Agency Overall","2018","9","1","0","0","1","7","2","1","1","1","7","13","155","198"
"Administrative Conference of the United States","Agency Overall","2018","0","0","0","0","0","0","0","0","0","0","0","0","0","0"
"National Credit Union Administration","Agency Overall","2018","29","31","11","4","4","2","0","0","0","0","0","0","0","81"
"Surface Transportation Board","Agency Overall","2018","0","0","0","0","0","0","0","0","0","0","0","0","0","0"
"Institute of Museum and Library Services","Agency Overall","2018","0","0","1","0","1","1","0","1","0","0","1","0","0","5"
"Tennessee Valley Authority","Agency Overall","2018","0","35","18","14","10","0","3","1","1","2","1","0","0","85"
"Council on Environmental Quality","Agency Overall","2018","7","7","6","1","3","3","2","1","1","0","3","0","1","35"
"Department of Transportation","Agency Overall","2018","518","588","216","145","102","72","55","61","51","48","423","362","358","2999"
"National Endowment for the Arts","Agency Overall","2018","1","5","0","0","0","0","0","0","0","0","1","0","0","7"
"Federal Open Market Committee","Agency Overall","2018","0","0","0","0","0","1","0","0","0","0","0","0","0","1"
"Consumer Product Safety Commission","Agency Overall","2018","57","70","43","22","25","13","16","8","9","9","31","15","15","333"
"Department of Defense","Agency Overall","2018","8579","3979","1521","963","669","538","414","319","262","180","862","427","1589","20302"
"Millennium Challenge Corporation","Agency Overall","2018","0","0","0","0","0","0","0","0","0","0","0","0","0","0"
"American Battle Monuments Commission","Agency Overall","2018","12","2","1","0","0","0","0","1","0","0","0","0","0","16"
"Social Security Advisory Board","Agency Overall","2018","0","0","0","0","0","0","0","0","0","0","0","0","0","0"
"Federal Election Commission","Agency Overall","2018","6","7","10","0","0","0","0","0","0","0","1","1","11","36"
"All agencies","Agency Overall","2018","84054","35453","21442","8971","13010","83891","9604","4524","2673","2024","6585","3638","9520","285389"