﻿<?xml version="1.0"?>
<iepd:FoiaAnnualReport xmlns:iepd="http://leisp.usdoj.gov/niem/FoiaAnnualReport/exchange/1.02" xsi:schemaLocation="http://leisp.usdoj.gov/niem/FoiaAnnualReport/exchange/1.02 ../schema/exchange/FoiaAnnualReport.xsd" xmlns:foia="http://leisp.usdoj.gov/niem/FoiaAnnualReport/extension/1.02" xmlns:i="http://niem.gov/niem/appinfo/2.0" xmlns:j="http://niem.gov/niem/domains/jxdm/4.1" xmlns:nc="http://niem.gov/niem/niem-core/2.0" xmlns:s="http://niem.gov/niem/structures/2.0" xmlns:xsi="http://www.w3.org/2001/XMLSchema-instance"><nc:DocumentApplicationName nc:applicationVersionText="1.0">FOIA Annual Report Workbook</nc:DocumentApplicationName><nc:DocumentCreationDate><nc:Date>2010-11-09</nc:Date></nc:DocumentCreationDate><nc:DocumentDescriptionText>FOIA Annual Report</nc:DocumentDescriptionText><nc:Organization s:id="ORG0"><nc:OrganizationAbbreviationText>USNRC</nc:OrganizationAbbreviationText><nc:OrganizationName>U.S. Nuclear Regulatory Commission</nc:OrganizationName></nc:Organization><foia:DocumentFiscalYear>2010</foia:DocumentFiscalYear><foia:Exemption3StatuteSection><foia:ReliedUponStatute s:id="ES8"><j:StatuteDescriptionText>41 U.S.C.
253b(m)(1)</j:StatuteDescriptionText><foia:ReliedUponStatuteInformationWithheldText>Contractor Proposals</foia:ReliedUponStatuteInformationWithheldText><nc:Case><nc:CaseTitleText>Y</nc:CaseTitleText></nc:Case></foia:ReliedUponStatute><foia:ReliedUponStatute s:id="ES10"><j:StatuteDescriptionText>42 U.S.C.
2167</j:StatuteDescriptionText><foia:ReliedUponStatuteInformationWithheldText>Safeguards Information</foia:ReliedUponStatuteInformationWithheldText><nc:Case><nc:CaseTitleText>Y</nc:CaseTitleText></nc:Case></foia:ReliedUponStatute><foia:ReliedUponStatuteOrganizationAssociation><foia:ComponentDataReference s:ref="ES8"/><nc:OrganizationReference s:ref="ORG0"/><foia:ReliedUponStatuteQuantity>1</foia:ReliedUponStatuteQuantity></foia:ReliedUponStatuteOrganizationAssociation><foia:ReliedUponStatuteOrganizationAssociation><foia:ComponentDataReference s:ref="ES10"/><nc:OrganizationReference s:ref="ORG0"/><foia:ReliedUponStatuteQuantity>1</foia:ReliedUponStatuteQuantity></foia:ReliedUponStatuteOrganizationAssociation><foia:FootnoteText>41 U.S.C.253b(m)(1), Hornbostel v. U.S. Department of Interior, 305 F. Supp. 2d 21 (D.D.C. 2003)</foia:FootnoteText><foia:FootnoteText>42 U.S.C. 2167, Va. Sunshine Alliance v. NRC, 509 F. Supp. 863 (D.D.C. 1981), aff'd, 669 F. 2d 788 (D.C. Cir. 1981)</foia:FootnoteText></foia:Exemption3StatuteSection><foia:ProcessedRequestSection><foia:ProcessingStatistics s:id="PS1"><foia:ProcessingStatisticsPendingAtStartQuantity>23</foia:ProcessingStatisticsPendingAtStartQuantity><foia:ProcessingStatisticsReceivedQuantity>342</foia:ProcessingStatisticsReceivedQuantity><foia:ProcessingStatisticsProcessedQuantity>343</foia:ProcessingStatisticsProcessedQuantity><foia:ProcessingStatisticsPendingAtEndQuantity>22</foia:ProcessingStatisticsPendingAtEndQuantity></foia:ProcessingStatistics><foia:ProcessingStatisticsOrganizationAssociation><foia:ComponentDataReference s:ref="PS1"/><nc:OrganizationReference s:ref="ORG0"/></foia:ProcessingStatisticsOrganizationAssociation><foia:FootnoteText>FOIA/PA-2010-00106 was not a FOIA Request. It was a Discretionary Review.</foia:FootnoteText></foia:ProcessedRequestSection><foia:RequestDispositionSection><foia:RequestDisposition s:id="RD1"><foia:RequestDispositionFullGrantQuantity>105</foia:RequestDispositionFullGrantQuantity><foia:RequestDispositionPartialGrantQuantity>100</foia:RequestDispositionPartialGrantQuantity><foia:RequestDispositionFullExemptionDenialQuantity>20</foia:RequestDispositionFullExemptionDenialQuantity><foia:NonExemptionDenial><foia:NonExemptionDenialReasonCode>NoRecords</foia:NonExemptionDenialReasonCode><foia:NonExemptionDenialQuantity>48</foia:NonExemptionDenialQuantity></foia:NonExemptionDenial><foia:NonExemptionDenial><foia:NonExemptionDenialReasonCode>Withdrawn</foia:NonExemptionDenialReasonCode><foia:NonExemptionDenialQuantity>22</foia:NonExemptionDenialQuantity></foia:NonExemptionDenial><foia:NonExemptionDenial><foia:NonExemptionDenialReasonCode>FeeRelated</foia:NonExemptionDenialReasonCode><foia:NonExemptionDenialQuantity>8</foia:NonExemptionDenialQuantity></foia:NonExemptionDenial><foia:NonExemptionDenial><foia:NonExemptionDenialReasonCode>ImproperRequest</foia:NonExemptionDenialReasonCode><foia:NonExemptionDenialQuantity>5</foia:NonExemptionDenialQuantity></foia:NonExemptionDenial><foia:NonExemptionDenial><foia:NonExemptionDenialReasonCode>NotAgency</foia:NonExemptionDenialReasonCode><foia:NonExemptionDenialQuantity>4</foia:NonExemptionDenialQuantity></foia:NonExemptionDenial><foia:NonExemptionDenial><foia:NonExemptionDenialReasonCode>Duplicate</foia:NonExemptionDenialReasonCode><foia:NonExemptionDenialQuantity>1</foia:NonExemptionDenialQuantity></foia:NonExemptionDenial><foia:NonExemptionDenial><foia:NonExemptionDenialReasonCode>Other</foia:NonExemptionDenialReasonCode><foia:NonExemptionDenialQuantity>30</foia:NonExemptionDenialQuantity></foia:NonExemptionDenial><foia:RequestDispositionTotalQuantity>343</foia:RequestDispositionTotalQuantity></foia:RequestDisposition><foia:RequestDispositionOrganizationAssociation><foia:ComponentDataReference s:ref="RD1"/><nc:OrganizationReference s:ref="ORG0"/></foia:RequestDispositionOrganizationAssociation></foia:RequestDispositionSection><foia:RequestDenialOtherReasonSection><foia:ComponentOtherDenialReason s:id="CODR8"><foia:OtherDenialReason><foia:OtherDenialReasonDescriptionText>Neither Confirm Nor Deny</foia:OtherDenialReasonDescriptionText><foia:OtherDenialReasonQuantity>1</foia:OtherDenialReasonQuantity></foia:OtherDenialReason><foia:OtherDenialReason><foia:OtherDenialReasonDescriptionText>No Response to Fees</foia:OtherDenialReasonDescriptionText><foia:OtherDenialReasonQuantity>26</foia:OtherDenialReasonQuantity></foia:OtherDenialReason><foia:OtherDenialReason><foia:OtherDenialReasonDescriptionText>No Response to Identity Verification</foia:OtherDenialReasonDescriptionText><foia:OtherDenialReasonQuantity>2</foia:OtherDenialReasonQuantity></foia:OtherDenialReason><foia:OtherDenialReason><foia:OtherDenialReasonDescriptionText>Fee Waiver Denial</foia:OtherDenialReasonDescriptionText><foia:OtherDenialReasonQuantity>1</foia:OtherDenialReasonQuantity></foia:OtherDenialReason><foia:ComponentOtherDenialReasonQuantity>30</foia:ComponentOtherDenialReasonQuantity></foia:ComponentOtherDenialReason><foia:OtherDenialReasonOrganizationAssociation><foia:ComponentDataReference s:ref="CODR8"/><nc:OrganizationReference s:ref="ORG0"/></foia:OtherDenialReasonOrganizationAssociation></foia:RequestDenialOtherReasonSection><foia:RequestDispositionAppliedExemptionsSection><foia:ComponentAppliedExemptions s:id="RDE1"><foia:AppliedExemption><foia:AppliedExemptionCode>Ex. 1</foia:AppliedExemptionCode><foia:AppliedExemptionQuantity>1</foia:AppliedExemptionQuantity></foia:AppliedExemption><foia:AppliedExemption><foia:AppliedExemptionCode>Ex. 2</foia:AppliedExemptionCode><foia:AppliedExemptionQuantity>25</foia:AppliedExemptionQuantity></foia:AppliedExemption><foia:AppliedExemption><foia:AppliedExemptionCode>Ex. 3</foia:AppliedExemptionCode><foia:AppliedExemptionQuantity>2</foia:AppliedExemptionQuantity></foia:AppliedExemption><foia:AppliedExemption><foia:AppliedExemptionCode>Ex. 4</foia:AppliedExemptionCode><foia:AppliedExemptionQuantity>47</foia:AppliedExemptionQuantity></foia:AppliedExemption><foia:AppliedExemption><foia:AppliedExemptionCode>Ex. 5</foia:AppliedExemptionCode><foia:AppliedExemptionQuantity>32</foia:AppliedExemptionQuantity></foia:AppliedExemption><foia:AppliedExemption><foia:AppliedExemptionCode>Ex. 6</foia:AppliedExemptionCode><foia:AppliedExemptionQuantity>31</foia:AppliedExemptionQuantity></foia:AppliedExemption><foia:AppliedExemption><foia:AppliedExemptionCode>Ex. 7(A)</foia:AppliedExemptionCode><foia:AppliedExemptionQuantity>21</foia:AppliedExemptionQuantity></foia:AppliedExemption><foia:AppliedExemption><foia:AppliedExemptionCode>Ex. 7(C)</foia:AppliedExemptionCode><foia:AppliedExemptionQuantity>37</foia:AppliedExemptionQuantity></foia:AppliedExemption><foia:AppliedExemption><foia:AppliedExemptionCode>Ex. 7(E)</foia:AppliedExemptionCode><foia:AppliedExemptionQuantity>6</foia:AppliedExemptionQuantity></foia:AppliedExemption><foia:AppliedExemption><foia:AppliedExemptionCode>Ex. 7(F)</foia:AppliedExemptionCode><foia:AppliedExemptionQuantity>3</foia:AppliedExemptionQuantity></foia:AppliedExemption></foia:ComponentAppliedExemptions><foia:ComponentAppliedExemptionsOrganizationAssociation><foia:ComponentDataReference s:ref="RDE1"/><nc:OrganizationReference s:ref="ORG0"/></foia:ComponentAppliedExemptionsOrganizationAssociation></foia:RequestDispositionAppliedExemptionsSection><foia:ProcessedAppealSection><foia:ProcessingStatistics s:id="PA1"><foia:ProcessingStatisticsPendingAtStartQuantity>5</foia:ProcessingStatisticsPendingAtStartQuantity><foia:ProcessingStatisticsReceivedQuantity>24</foia:ProcessingStatisticsReceivedQuantity><foia:ProcessingStatisticsProcessedQuantity>28</foia:ProcessingStatisticsProcessedQuantity><foia:ProcessingStatisticsPendingAtEndQuantity>1</foia:ProcessingStatisticsPendingAtEndQuantity></foia:ProcessingStatistics><foia:ProcessingStatisticsOrganizationAssociation><foia:ComponentDataReference s:ref="PA1"/><nc:OrganizationReference s:ref="ORG0"/></foia:ProcessingStatisticsOrganizationAssociation></foia:ProcessedAppealSection><foia:AppealDispositionSection><foia:AppealDisposition s:id="AD1"><foia:AppealDispositionAffirmedQuantity>8</foia:AppealDispositionAffirmedQuantity><foia:AppealDispositionPartialQuantity>6</foia:AppealDispositionPartialQuantity><foia:AppealDispositionReversedQuantity>2</foia:AppealDispositionReversedQuantity><foia:AppealDispositionOtherQuantity>12</foia:AppealDispositionOtherQuantity><foia:AppealDispositionTotalQuantity>28</foia:AppealDispositionTotalQuantity></foia:AppealDisposition><foia:AppealDispositionOrganizationAssociation><foia:ComponentDataReference s:ref="AD1"/><nc:OrganizationReference s:ref="ORG0"/></foia:AppealDispositionOrganizationAssociation></foia:AppealDispositionSection><foia:AppealDispositionAppliedExemptionsSection><foia:ComponentAppliedExemptions s:id="ADE1"><foia:AppliedExemption><foia:AppliedExemptionCode>Ex. 2</foia:AppliedExemptionCode><foia:AppliedExemptionQuantity>3</foia:AppliedExemptionQuantity></foia:AppliedExemption><foia:AppliedExemption><foia:AppliedExemptionCode>Ex. 3</foia:AppliedExemptionCode><foia:AppliedExemptionQuantity>1</foia:AppliedExemptionQuantity></foia:AppliedExemption><foia:AppliedExemption><foia:AppliedExemptionCode>Ex. 4</foia:AppliedExemptionCode><foia:AppliedExemptionQuantity>3</foia:AppliedExemptionQuantity></foia:AppliedExemption><foia:AppliedExemption><foia:AppliedExemptionCode>Ex. 5</foia:AppliedExemptionCode><foia:AppliedExemptionQuantity>5</foia:AppliedExemptionQuantity></foia:AppliedExemption><foia:AppliedExemption><foia:AppliedExemptionCode>Ex. 6</foia:AppliedExemptionCode><foia:AppliedExemptionQuantity>3</foia:AppliedExemptionQuantity></foia:AppliedExemption><foia:AppliedExemption><foia:AppliedExemptionCode>Ex. 7(A)</foia:AppliedExemptionCode><foia:AppliedExemptionQuantity>3</foia:AppliedExemptionQuantity></foia:AppliedExemption><foia:AppliedExemption><foia:AppliedExemptionCode>Ex. 7(C)</foia:AppliedExemptionCode><foia:AppliedExemptionQuantity>5</foia:AppliedExemptionQuantity></foia:AppliedExemption><foia:AppliedExemption><foia:AppliedExemptionCode>Ex. 7(E)</foia:AppliedExemptionCode><foia:AppliedExemptionQuantity>1</foia:AppliedExemptionQuantity></foia:AppliedExemption></foia:ComponentAppliedExemptions><foia:ComponentAppliedExemptionsOrganizationAssociation><foia:ComponentDataReference s:ref="ADE1"/><nc:OrganizationReference s:ref="ORG0"/></foia:ComponentAppliedExemptionsOrganizationAssociation></foia:AppealDispositionAppliedExemptionsSection><foia:AppealNonExemptionDenialSection><foia:AppealNonExemptionDenial s:id="ANE1"><foia:NonExemptionDenial><foia:NonExemptionDenialReasonCode>NoRecords</foia:NonExemptionDenialReasonCode><foia:NonExemptionDenialQuantity>4</foia:NonExemptionDenialQuantity></foia:NonExemptionDenial><foia:NonExemptionDenial><foia:NonExemptionDenialReasonCode>Withdrawn</foia:NonExemptionDenialReasonCode><foia:NonExemptionDenialQuantity>3</foia:NonExemptionDenialQuantity></foia:NonExemptionDenial><foia:NonExemptionDenial><foia:NonExemptionDenialReasonCode>ImproperRequest</foia:NonExemptionDenialReasonCode><foia:NonExemptionDenialQuantity>1</foia:NonExemptionDenialQuantity></foia:NonExemptionDenial><foia:NonExemptionDenial><foia:NonExemptionDenialReasonCode>ExpeditedDenial</foia:NonExemptionDenialReasonCode><foia:NonExemptionDenialQuantity>1</foia:NonExemptionDenialQuantity></foia:NonExemptionDenial><foia:NonExemptionDenial><foia:NonExemptionDenialReasonCode>Other</foia:NonExemptionDenialReasonCode><foia:NonExemptionDenialQuantity>3</foia:NonExemptionDenialQuantity></foia:NonExemptionDenial></foia:AppealNonExemptionDenial><foia:AppealNonExemptionDenialOrganizationAssociation><foia:ComponentDataReference s:ref="ANE1"/><nc:OrganizationReference s:ref="ORG0"/></foia:AppealNonExemptionDenialOrganizationAssociation></foia:AppealNonExemptionDenialSection><foia:AppealDenialOtherReasonSection><foia:ComponentOtherDenialReason s:id="ADOR8"><foia:OtherDenialReason><foia:OtherDenialReasonDescriptionText>Other (neither confirm nor deny, outside scope, lack of response by requester)</foia:OtherDenialReasonDescriptionText><foia:OtherDenialReasonQuantity>1</foia:OtherDenialReasonQuantity></foia:OtherDenialReason><foia:OtherDenialReason><foia:OtherDenialReasonDescriptionText>Fee Waiver Denial</foia:OtherDenialReasonDescriptionText><foia:OtherDenialReasonQuantity>2</foia:OtherDenialReasonQuantity></foia:OtherDenialReason><foia:ComponentOtherDenialReasonQuantity>3</foia:ComponentOtherDenialReasonQuantity></foia:ComponentOtherDenialReason><foia:OtherDenialReasonOrganizationAssociation><foia:ComponentDataReference s:ref="ADOR8"/><nc:OrganizationReference s:ref="ORG0"/></foia:OtherDenialReasonOrganizationAssociation></foia:AppealDenialOtherReasonSection><foia:AppealResponseTimeSection><foia:ResponseTime s:id="ART0"><foia:ResponseTimeMedianDaysValue>24</foia:ResponseTimeMedianDaysValue><foia:ResponseTimeAverageDaysValue>31</foia:ResponseTimeAverageDaysValue><foia:ResponseTimeLowestDaysCode>LT1</foia:ResponseTimeLowestDaysCode><foia:ResponseTimeHighestDaysValue>133</foia:ResponseTimeHighestDaysValue></foia:ResponseTime><foia:ResponseTimeOrganizationAssociation><foia:ComponentDataReference s:ref="ART0"/><nc:OrganizationReference s:ref="ORG0"/></foia:ResponseTimeOrganizationAssociation></foia:AppealResponseTimeSection><foia:OldestPendingAppealSection><foia:OldestPendingItems s:id="OPA10"><foia:OldItem><foia:OldItemReceiptDate>2010-08-27</foia:OldItemReceiptDate><foia:OldItemPendingDaysQuantity>23</foia:OldItemPendingDaysQuantity></foia:OldItem></foia:OldestPendingItems><foia:OldestPendingItemsOrganizationAssociation><foia:ComponentDataReference s:ref="OPA10"/><nc:OrganizationReference s:ref="ORG0"/></foia:OldestPendingItemsOrganizationAssociation></foia:OldestPendingAppealSection><foia:ProcessedResponseTimeSection><foia:ProcessedResponseTime s:id="PRT0"><foia:SimpleResponseTime><foia:ResponseTimeMedianDaysValue>9</foia:ResponseTimeMedianDaysValue><foia:ResponseTimeAverageDaysValue>11</foia:ResponseTimeAverageDaysValue><foia:ResponseTimeLowestDaysCode>LT1</foia:ResponseTimeLowestDaysCode><foia:ResponseTimeHighestDaysValue>70</foia:ResponseTimeHighestDaysValue></foia:SimpleResponseTime><foia:ComplexResponseTime><foia:ResponseTimeMedianDaysValue>43</foia:ResponseTimeMedianDaysValue><foia:ResponseTimeAverageDaysValue>53</foia:ResponseTimeAverageDaysValue><foia:ResponseTimeLowestDaysCode>LT1</foia:ResponseTimeLowestDaysCode><foia:ResponseTimeHighestDaysValue>219</foia:ResponseTimeHighestDaysValue></foia:ComplexResponseTime><foia:ExpeditedResponseTime><foia:ResponseTimeMedianDaysValue>0</foia:ResponseTimeMedianDaysValue><foia:ResponseTimeAverageDaysValue>0</foia:ResponseTimeAverageDaysValue><foia:ResponseTimeLowestDaysValue>0</foia:ResponseTimeLowestDaysValue><foia:ResponseTimeHighestDaysValue>0</foia:ResponseTimeHighestDaysValue></foia:ExpeditedResponseTime></foia:ProcessedResponseTime><foia:ProcessedResponseTimeOrganizationAssociation><foia:ComponentDataReference s:ref="PRT0"/><nc:OrganizationReference s:ref="ORG0"/></foia:ProcessedResponseTimeOrganizationAssociation></foia:ProcessedResponseTimeSection><foia:InformationGrantedResponseTimeSection><foia:ProcessedResponseTime s:id="IGR0"><foia:SimpleResponseTime><foia:ResponseTimeMedianDaysValue>12</foia:ResponseTimeMedianDaysValue><foia:ResponseTimeAverageDaysValue>15</foia:ResponseTimeAverageDaysValue><foia:ResponseTimeLowestDaysCode>LT1</foia:ResponseTimeLowestDaysCode><foia:ResponseTimeHighestDaysValue>70</foia:ResponseTimeHighestDaysValue></foia:SimpleResponseTime><foia:ComplexResponseTime><foia:ResponseTimeMedianDaysValue>47</foia:ResponseTimeMedianDaysValue><foia:ResponseTimeAverageDaysValue>57</foia:ResponseTimeAverageDaysValue><foia:ResponseTimeLowestDaysValue>5</foia:ResponseTimeLowestDaysValue><foia:ResponseTimeHighestDaysValue>219</foia:ResponseTimeHighestDaysValue></foia:ComplexResponseTime><foia:ExpeditedResponseTime><foia:ResponseTimeMedianDaysValue>0</foia:ResponseTimeMedianDaysValue><foia:ResponseTimeAverageDaysValue>0</foia:ResponseTimeAverageDaysValue><foia:ResponseTimeLowestDaysValue>0</foia:ResponseTimeLowestDaysValue><foia:ResponseTimeHighestDaysValue>0</foia:ResponseTimeHighestDaysValue></foia:ExpeditedResponseTime></foia:ProcessedResponseTime><foia:ProcessedResponseTimeOrganizationAssociation><foia:ComponentDataReference s:ref="IGR0"/><nc:OrganizationReference s:ref="ORG0"/></foia:ProcessedResponseTimeOrganizationAssociation></foia:InformationGrantedResponseTimeSection><foia:SimpleResponseTimeIncrementsSection><foia:ComponentResponseTimeIncrements s:id="SRT1"><foia:TimeIncrement><foia:TimeIncrementCode>1-20</foia:TimeIncrementCode><foia:TimeIncrementProcessedQuantity>245</foia:TimeIncrementProcessedQuantity></foia:TimeIncrement><foia:TimeIncrement><foia:TimeIncrementCode>21-40</foia:TimeIncrementCode><foia:TimeIncrementProcessedQuantity>21</foia:TimeIncrementProcessedQuantity></foia:TimeIncrement><foia:TimeIncrement><foia:TimeIncrementCode>41-60</foia:TimeIncrementCode><foia:TimeIncrementProcessedQuantity>5</foia:TimeIncrementProcessedQuantity></foia:TimeIncrement><foia:TimeIncrement><foia:TimeIncrementCode>61-80</foia:TimeIncrementCode><foia:TimeIncrementProcessedQuantity>2</foia:TimeIncrementProcessedQuantity></foia:TimeIncrement><foia:TimeIncrement><foia:TimeIncrementCode>81-100</foia:TimeIncrementCode><foia:TimeIncrementProcessedQuantity>0</foia:TimeIncrementProcessedQuantity></foia:TimeIncrement><foia:TimeIncrement><foia:TimeIncrementCode>101-120</foia:TimeIncrementCode><foia:TimeIncrementProcessedQuantity>0</foia:TimeIncrementProcessedQuantity></foia:TimeIncrement><foia:TimeIncrement><foia:TimeIncrementCode>121-140</foia:TimeIncrementCode><foia:TimeIncrementProcessedQuantity>0</foia:TimeIncrementProcessedQuantity></foia:TimeIncrement><foia:TimeIncrement><foia:TimeIncrementCode>141-160</foia:TimeIncrementCode><foia:TimeIncrementProcessedQuantity>0</foia:TimeIncrementProcessedQuantity></foia:TimeIncrement><foia:TimeIncrement><foia:TimeIncrementCode>161-180</foia:TimeIncrementCode><foia:TimeIncrementProcessedQuantity>0</foia:TimeIncrementProcessedQuantity></foia:TimeIncrement><foia:TimeIncrement><foia:TimeIncrementCode>181-200</foia:TimeIncrementCode><foia:TimeIncrementProcessedQuantity>0</foia:TimeIncrementProcessedQuantity></foia:TimeIncrement><foia:TimeIncrement><foia:TimeIncrementCode>201-300</foia:TimeIncrementCode><foia:TimeIncrementProcessedQuantity>0</foia:TimeIncrementProcessedQuantity></foia:TimeIncrement><foia:TimeIncrement><foia:TimeIncrementCode>301-400</foia:TimeIncrementCode><foia:TimeIncrementProcessedQuantity>0</foia:TimeIncrementProcessedQuantity></foia:TimeIncrement><foia:TimeIncrement><foia:TimeIncrementCode>401+</foia:TimeIncrementCode><foia:TimeIncrementProcessedQuantity>0</foia:TimeIncrementProcessedQuantity></foia:TimeIncrement><foia:TimeIncrementTotalQuantity>273</foia:TimeIncrementTotalQuantity></foia:ComponentResponseTimeIncrements><foia:ResponseTimeIncrementsOrganizationAssociation><foia:ComponentDataReference s:ref="SRT1"/><nc:OrganizationReference s:ref="ORG0"/></foia:ResponseTimeIncrementsOrganizationAssociation></foia:SimpleResponseTimeIncrementsSection><foia:ComplexResponseTimeIncrementsSection><foia:ComponentResponseTimeIncrements s:id="CRT1"><foia:TimeIncrement><foia:TimeIncrementCode>1-20</foia:TimeIncrementCode><foia:TimeIncrementProcessedQuantity>12</foia:TimeIncrementProcessedQuantity></foia:TimeIncrement><foia:TimeIncrement><foia:TimeIncrementCode>21-40</foia:TimeIncrementCode><foia:TimeIncrementProcessedQuantity>22</foia:TimeIncrementProcessedQuantity></foia:TimeIncrement><foia:TimeIncrement><foia:TimeIncrementCode>41-60</foia:TimeIncrementCode><foia:TimeIncrementProcessedQuantity>13</foia:TimeIncrementProcessedQuantity></foia:TimeIncrement><foia:TimeIncrement><foia:TimeIncrementCode>61-80</foia:TimeIncrementCode><foia:TimeIncrementProcessedQuantity>7</foia:TimeIncrementProcessedQuantity></foia:TimeIncrement><foia:TimeIncrement><foia:TimeIncrementCode>81-100</foia:TimeIncrementCode><foia:TimeIncrementProcessedQuantity>7</foia:TimeIncrementProcessedQuantity></foia:TimeIncrement><foia:TimeIncrement><foia:TimeIncrementCode>101-120</foia:TimeIncrementCode><foia:TimeIncrementProcessedQuantity>4</foia:TimeIncrementProcessedQuantity></foia:TimeIncrement><foia:TimeIncrement><foia:TimeIncrementCode>121-140</foia:TimeIncrementCode><foia:TimeIncrementProcessedQuantity>2</foia:TimeIncrementProcessedQuantity></foia:TimeIncrement><foia:TimeIncrement><foia:TimeIncrementCode>141-160</foia:TimeIncrementCode><foia:TimeIncrementProcessedQuantity>2</foia:TimeIncrementProcessedQuantity></foia:TimeIncrement><foia:TimeIncrement><foia:TimeIncrementCode>161-180</foia:TimeIncrementCode><foia:TimeIncrementProcessedQuantity>0</foia:TimeIncrementProcessedQuantity></foia:TimeIncrement><foia:TimeIncrement><foia:TimeIncrementCode>181-200</foia:TimeIncrementCode><foia:TimeIncrementProcessedQuantity>0</foia:TimeIncrementProcessedQuantity></foia:TimeIncrement><foia:TimeIncrement><foia:TimeIncrementCode>201-300</foia:TimeIncrementCode><foia:TimeIncrementProcessedQuantity>0</foia:TimeIncrementProcessedQuantity></foia:TimeIncrement><foia:TimeIncrement><foia:TimeIncrementCode>301-400</foia:TimeIncrementCode><foia:TimeIncrementProcessedQuantity>1</foia:TimeIncrementProcessedQuantity></foia:TimeIncrement><foia:TimeIncrement><foia:TimeIncrementCode>401+</foia:TimeIncrementCode><foia:TimeIncrementProcessedQuantity>0</foia:TimeIncrementProcessedQuantity></foia:TimeIncrement><foia:TimeIncrementTotalQuantity>70</foia:TimeIncrementTotalQuantity></foia:ComponentResponseTimeIncrements><foia:ResponseTimeIncrementsOrganizationAssociation><foia:ComponentDataReference s:ref="CRT1"/><nc:OrganizationReference s:ref="ORG0"/></foia:ResponseTimeIncrementsOrganizationAssociation></foia:ComplexResponseTimeIncrementsSection><foia:ExpeditedResponseTimeIncrementsSection><foia:ComponentResponseTimeIncrements s:id="ERT1"><foia:TimeIncrement><foia:TimeIncrementCode>1-20</foia:TimeIncrementCode><foia:TimeIncrementProcessedQuantity>0</foia:TimeIncrementProcessedQuantity></foia:TimeIncrement><foia:TimeIncrement><foia:TimeIncrementCode>21-40</foia:TimeIncrementCode><foia:TimeIncrementProcessedQuantity>0</foia:TimeIncrementProcessedQuantity></foia:TimeIncrement><foia:TimeIncrement><foia:TimeIncrementCode>41-60</foia:TimeIncrementCode><foia:TimeIncrementProcessedQuantity>0</foia:TimeIncrementProcessedQuantity></foia:TimeIncrement><foia:TimeIncrement><foia:TimeIncrementCode>61-80</foia:TimeIncrementCode><foia:TimeIncrementProcessedQuantity>0</foia:TimeIncrementProcessedQuantity></foia:TimeIncrement><foia:TimeIncrement><foia:TimeIncrementCode>81-100</foia:TimeIncrementCode><foia:TimeIncrementProcessedQuantity>0</foia:TimeIncrementProcessedQuantity></foia:TimeIncrement><foia:TimeIncrement><foia:TimeIncrementCode>101-120</foia:TimeIncrementCode><foia:TimeIncrementProcessedQuantity>0</foia:TimeIncrementProcessedQuantity></foia:TimeIncrement><foia:TimeIncrement><foia:TimeIncrementCode>121-140</foia:TimeIncrementCode><foia:TimeIncrementProcessedQuantity>0</foia:TimeIncrementProcessedQuantity></foia:TimeIncrement><foia:TimeIncrement><foia:TimeIncrementCode>141-160</foia:TimeIncrementCode><foia:TimeIncrementProcessedQuantity>0</foia:TimeIncrementProcessedQuantity></foia:TimeIncrement><foia:TimeIncrement><foia:TimeIncrementCode>161-180</foia:TimeIncrementCode><foia:TimeIncrementProcessedQuantity>0</foia:TimeIncrementProcessedQuantity></foia:TimeIncrement><foia:TimeIncrement><foia:TimeIncrementCode>181-200</foia:TimeIncrementCode><foia:TimeIncrementProcessedQuantity>0</foia:TimeIncrementProcessedQuantity></foia:TimeIncrement><foia:TimeIncrement><foia:TimeIncrementCode>201-300</foia:TimeIncrementCode><foia:TimeIncrementProcessedQuantity>0</foia:TimeIncrementProcessedQuantity></foia:TimeIncrement><foia:TimeIncrement><foia:TimeIncrementCode>301-400</foia:TimeIncrementCode><foia:TimeIncrementProcessedQuantity>0</foia:TimeIncrementProcessedQuantity></foia:TimeIncrement><foia:TimeIncrement><foia:TimeIncrementCode>401+</foia:TimeIncrementCode><foia:TimeIncrementProcessedQuantity>0</foia:TimeIncrementProcessedQuantity></foia:TimeIncrement><foia:TimeIncrementTotalQuantity>0</foia:TimeIncrementTotalQuantity></foia:ComponentResponseTimeIncrements><foia:ResponseTimeIncrementsOrganizationAssociation><foia:ComponentDataReference s:ref="ERT1"/><nc:OrganizationReference s:ref="ORG0"/></foia:ResponseTimeIncrementsOrganizationAssociation></foia:ExpeditedResponseTimeIncrementsSection><foia:PendingPerfectedRequestsSection><foia:PendingPerfectedRequests s:id="PPR0"><foia:SimplePendingRequestStatistics><foia:PendingRequestQuantity>14</foia:PendingRequestQuantity><foia:PendingRequestMedianDaysValue>5</foia:PendingRequestMedianDaysValue><foia:PendingRequestAverageDaysValue>9</foia:PendingRequestAverageDaysValue></foia:SimplePendingRequestStatistics><foia:ComplexPendingRequestStatistics><foia:PendingRequestQuantity>8</foia:PendingRequestQuantity><foia:PendingRequestMedianDaysValue>37</foia:PendingRequestMedianDaysValue><foia:PendingRequestAverageDaysValue>35</foia:PendingRequestAverageDaysValue></foia:ComplexPendingRequestStatistics><foia:ExpeditedPendingRequestStatistics><foia:PendingRequestQuantity>0</foia:PendingRequestQuantity><foia:PendingRequestMedianDaysValue>0</foia:PendingRequestMedianDaysValue><foia:PendingRequestAverageDaysValue>0</foia:PendingRequestAverageDaysValue></foia:ExpeditedPendingRequestStatistics></foia:PendingPerfectedRequests><foia:PendingPerfectedRequestsOrganizationAssociation><foia:ComponentDataReference s:ref="PPR0"/><nc:OrganizationReference s:ref="ORG0"/></foia:PendingPerfectedRequestsOrganizationAssociation></foia:PendingPerfectedRequestsSection><foia:OldestPendingRequestSection><foia:OldestPendingItems s:id="OPR10"><foia:OldItem><foia:OldItemReceiptDate>2010-07-13</foia:OldItemReceiptDate><foia:OldItemPendingDaysQuantity>56</foia:OldItemPendingDaysQuantity></foia:OldItem><foia:OldItem><foia:OldItemReceiptDate>2010-07-21</foia:OldItemReceiptDate><foia:OldItemPendingDaysQuantity>50</foia:OldItemPendingDaysQuantity></foia:OldItem><foia:OldItem><foia:OldItemReceiptDate>2010-07-30</foia:OldItemReceiptDate><foia:OldItemPendingDaysQuantity>43</foia:OldItemPendingDaysQuantity></foia:OldItem><foia:OldItem><foia:OldItemReceiptDate>2010-08-05</foia:OldItemReceiptDate><foia:OldItemPendingDaysQuantity>39</foia:OldItemPendingDaysQuantity></foia:OldItem><foia:OldItem><foia:OldItemReceiptDate>2010-08-05</foia:OldItemReceiptDate><foia:OldItemPendingDaysQuantity>39</foia:OldItemPendingDaysQuantity></foia:OldItem><foia:OldItem><foia:OldItemReceiptDate>2010-08-27</foia:OldItemReceiptDate><foia:OldItemPendingDaysQuantity>23</foia:OldItemPendingDaysQuantity></foia:OldItem><foia:OldItem><foia:OldItemReceiptDate>2010-08-30</foia:OldItemReceiptDate><foia:OldItemPendingDaysQuantity>22</foia:OldItemPendingDaysQuantity></foia:OldItem><foia:OldItem><foia:OldItemReceiptDate>2010-08-30</foia:OldItemReceiptDate><foia:OldItemPendingDaysQuantity>22</foia:OldItemPendingDaysQuantity></foia:OldItem><foia:OldItem><foia:OldItemReceiptDate>2010-09-02</foia:OldItemReceiptDate><foia:OldItemPendingDaysQuantity>19</foia:OldItemPendingDaysQuantity></foia:OldItem><foia:OldItem><foia:OldItemReceiptDate>2010-09-14</foia:OldItemReceiptDate><foia:OldItemPendingDaysQuantity>12</foia:OldItemPendingDaysQuantity></foia:OldItem></foia:OldestPendingItems><foia:OldestPendingItemsOrganizationAssociation><foia:ComponentDataReference s:ref="OPR10"/><nc:OrganizationReference s:ref="ORG0"/></foia:OldestPendingItemsOrganizationAssociation></foia:OldestPendingRequestSection><foia:ExpeditedProcessingSection><foia:ExpeditedProcessing s:id="EP0"><foia:RequestGrantedQuantity>0</foia:RequestGrantedQuantity><foia:RequestDeniedQuantity>10</foia:RequestDeniedQuantity><foia:AdjudicationMedianDaysValue>0</foia:AdjudicationMedianDaysValue><foia:AdjudicationAverageDaysValue>0</foia:AdjudicationAverageDaysValue><foia:AdjudicationWithinTenDaysQuantity>10</foia:AdjudicationWithinTenDaysQuantity></foia:ExpeditedProcessing><foia:ExpeditedProcessingOrganizationAssociation><foia:ComponentDataReference s:ref="EP0"/><nc:OrganizationReference s:ref="ORG0"/></foia:ExpeditedProcessingOrganizationAssociation></foia:ExpeditedProcessingSection><foia:FeeWaiverSection><foia:FeeWaiver s:id="FW0"><foia:RequestGrantedQuantity>22</foia:RequestGrantedQuantity><foia:RequestDeniedQuantity>11</foia:RequestDeniedQuantity><foia:AdjudicationMedianDaysValue>0</foia:AdjudicationMedianDaysValue><foia:AdjudicationAverageDaysValue>0</foia:AdjudicationAverageDaysValue></foia:FeeWaiver><foia:FeeWaiverOrganizationAssociation><foia:ComponentDataReference s:ref="FW0"/><nc:OrganizationReference s:ref="ORG0"/></foia:FeeWaiverOrganizationAssociation></foia:FeeWaiverSection><foia:PersonnelAndCostSection><foia:PersonnelAndCost s:id="PC1"><foia:FullTimeEmployeeQuantity>7</foia:FullTimeEmployeeQuantity><foia:EquivalentFullTimeEmployeeQuantity>4</foia:EquivalentFullTimeEmployeeQuantity><foia:TotalFullTimeStaffQuantity>11</foia:TotalFullTimeStaffQuantity><foia:ProcessingCostAmount>1494567</foia:ProcessingCostAmount><foia:LitigationCostAmount>0</foia:LitigationCostAmount><foia:TotalCostAmount>1494567</foia:TotalCostAmount></foia:PersonnelAndCost><foia:PersonnelAndCostOrganizationAssociation><foia:ComponentDataReference s:ref="PC1"/><nc:OrganizationReference s:ref="ORG0"/></foia:PersonnelAndCostOrganizationAssociation></foia:PersonnelAndCostSection><foia:FeesCollectedSection><foia:FeesCollected s:id="FC1"><foia:FeesCollectedAmount>9862</foia:FeesCollectedAmount><foia:FeesCollectedCostPercent>0.0066</foia:FeesCollectedCostPercent></foia:FeesCollected><foia:FeesCollectedOrganizationAssociation><foia:ComponentDataReference s:ref="FC1"/><nc:OrganizationReference s:ref="ORG0"/></foia:FeesCollectedOrganizationAssociation></foia:FeesCollectedSection><foia:BacklogSection><foia:Backlog s:id="BK1"><foia:BackloggedRequestQuantity>6</foia:BackloggedRequestQuantity><foia:BackloggedAppealQuantity>1</foia:BackloggedAppealQuantity></foia:Backlog><foia:BacklogOrganizationAssociation><foia:ComponentDataReference s:ref="BK1"/><nc:OrganizationReference s:ref="ORG0"/></foia:BacklogOrganizationAssociation></foia:BacklogSection><foia:ProcessedConsultationSection><foia:ProcessingStatistics s:id="PCN1"><foia:ProcessingStatisticsPendingAtStartQuantity>0</foia:ProcessingStatisticsPendingAtStartQuantity><foia:ProcessingStatisticsReceivedQuantity>6</foia:ProcessingStatisticsReceivedQuantity><foia:ProcessingStatisticsProcessedQuantity>6</foia:ProcessingStatisticsProcessedQuantity><foia:ProcessingStatisticsPendingAtEndQuantity>0</foia:ProcessingStatisticsPendingAtEndQuantity></foia:ProcessingStatistics><foia:ProcessingStatisticsOrganizationAssociation><foia:ComponentDataReference s:ref="PCN1"/><nc:OrganizationReference s:ref="ORG0"/></foia:ProcessingStatisticsOrganizationAssociation></foia:ProcessedConsultationSection><foia:OldestPendingConsultationSection><foia:OldestPendingItems s:id="OPC10"/><foia:OldestPendingItemsOrganizationAssociation><foia:ComponentDataReference s:ref="OPC10"/><nc:OrganizationReference s:ref="ORG0"/></foia:OldestPendingItemsOrganizationAssociation></foia:OldestPendingConsultationSection><foia:ProcessedRequestComparisonSection><foia:ProcessingComparison s:id="RPC1"><foia:ReceivedLastYearQuantity>302</foia:ReceivedLastYearQuantity><foia:ReceivedCurrentYearQuantity>342</foia:ReceivedCurrentYearQuantity><foia:ProcessedLastYearQuantity>297</foia:ProcessedLastYearQuantity><foia:ProcessedCurrentYearQuantity>343</foia:ProcessedCurrentYearQuantity></foia:ProcessingComparison><foia:ProcessingComparisonOrganizationAssociation><foia:ComponentDataReference s:ref="RPC1"/><nc:OrganizationReference s:ref="ORG0"/></foia:ProcessingComparisonOrganizationAssociation></foia:ProcessedRequestComparisonSection><foia:BackloggedRequestComparisonSection><foia:BacklogComparison s:id="RBC1"><foia:BacklogLastYearQuantity>5</foia:BacklogLastYearQuantity><foia:BacklogCurrentYearQuantity>6</foia:BacklogCurrentYearQuantity></foia:BacklogComparison><foia:BacklogComparisonOrganizationAssociation><foia:ComponentDataReference s:ref="RBC1"/><nc:OrganizationReference s:ref="ORG0"/></foia:BacklogComparisonOrganizationAssociation></foia:BackloggedRequestComparisonSection><foia:ProcessedAppealComparisonSection><foia:ProcessingComparison s:id="APC1"><foia:ReceivedLastYearQuantity>25</foia:ReceivedLastYearQuantity><foia:ReceivedCurrentYearQuantity>24</foia:ReceivedCurrentYearQuantity><foia:ProcessedLastYearQuantity>20</foia:ProcessedLastYearQuantity><foia:ProcessedCurrentYearQuantity>28</foia:ProcessedCurrentYearQuantity></foia:ProcessingComparison><foia:ProcessingComparisonOrganizationAssociation><foia:ComponentDataReference s:ref="APC1"/><nc:OrganizationReference s:ref="ORG0"/></foia:ProcessingComparisonOrganizationAssociation></foia:ProcessedAppealComparisonSection><foia:BackloggedAppealComparisonSection><foia:BacklogComparison s:id="ABC1"><foia:BacklogLastYearQuantity>3</foia:BacklogLastYearQuantity><foia:BacklogCurrentYearQuantity>1</foia:BacklogCurrentYearQuantity></foia:BacklogComparison><foia:BacklogComparisonOrganizationAssociation><foia:ComponentDataReference s:ref="ABC1"/><nc:OrganizationReference s:ref="ORG0"/></foia:BacklogComparisonOrganizationAssociation></foia:BackloggedAppealComparisonSection></iepd:FoiaAnnualReport>
