"Agency","Component","Fiscal Year","Processing Costs","Litigation-Related Costs","Total Costs","Total Amount of Fees Collected","Percentage of Total Costs"
"Department of Transportation","Agency Overall","2008","9002231.00","138575.00","9140806.00","228016.00","2.5300"
"National Archives and Records Administration","Agency Overall","2008","2336157.00","0.00","2336157.00","210.00","0.0100"
"National Indian Gaming Commission","Agency Overall","2008","130000.00","0.00","130000.00","2652.05","2.0400"
"National Railroad Passenger Corporation","Agency Overall","2008","120370.00","44648.00","165018.00","3663.00","3.0400"
"Federal Housing Finance Agency","Agency Overall","2008","27575.00","0.00","27575.00","108.00","0.3900"
"United States Copyright Office","Agency Overall","2008","71000.00","0.00","71000.00","1226.00","1.7300"
"Federal Maritime Commission","Agency Overall","2008","3893.00","0.00","3893.00","0.00","0.0000"
"Postal Regulatory Commission","Agency Overall","2008","0.00","0.00","0.00","0.00","0.0000"
"Department of Health and Human Services","Agency Overall","2008","27175478.20","961868.00","28137346.20","967867.60","3.5600"
"Department of Education","Agency Overall","2008","2439773.00","117328.00","2557101.00","15114.00","0.6200"
"Federal Deposit Insurance Corporation","Agency Overall","2008","2080000.00","0.00","2080000.00","12672.16","0.6100"
"Environmental Protection Agency","Agency Overall","2008","9188610.73","509033.24","9697643.97","316698.15","3.4500"
"National Science Foundation","Agency Overall","2008","295339.00","0.00","295339.00","4627.75","1.5700"
"Defense Nuclear Facilities Safety Board","Agency Overall","2008","2763.85","0.00","2763.85","0.00","0.0000"
"Committee for Purchase from People Who Are Blind or Severely Disabled","Agency Overall","2008","10000.00","0.00","10000.00","508.57","5.0900"
"Federal Open Market Committee","Agency Overall","2008","52541.00","0.00","52541.00","0.00","0.0000"
"United States International Trade Commission","Agency Overall","2008","7442.13","0.00","7442.13","224.00","3.0100"
"Chemical Safety and Hazard Investigation Board","Agency Overall","2008","115589.00","0.00","115589.00","9796.00","8.4700"
"Department of Commerce","Agency Overall","2008","1673049.37","120809.74","1793859.11","89970.72","5.3800"
"Securities and Exchange Commission","Agency Overall","2008","4052681.00","238685.00","4291366.00","62466.00","1.5400"
"General Services Administration","Agency Overall","2008","2100000.00","10000.00","2110000.00","59079.00","2.8100"
"Federal Communications Commission","Agency Overall","2008","1837567.00","35946.48","1873513.48","39731.29","2.1600"
"Office of Management and Budget","Agency Overall","2008","162000.00","250000.00","412000.00","0.00","0.0000"
"Overseas Private Investment Corporation","Agency Overall","2008","98586.00","0.00","98586.00","0.00","0.0000"
"Surface Transportation Board","Agency Overall","2008","54226.00","0.00","54226.00","407.00","0.7500"
"Department of Energy","Agency Overall","2008","4461714.83","134014.00","4595728.83","21624.88","0.4800"
"Federal Mediation and Conciliation Service","Agency Overall","2008","61000.00","0.00","61000.00","75.00","0.1200"
"Office of Science and Technology Policy","Agency Overall","2008","30000.00","0.00","30000.00","0.00","0.0000"
"Department of Labor","Agency Overall","2008","12250686.00","226600.00","12477286.00","227678.44","1.8600"
"Export-Import Bank of the U.S.","Agency Overall","2008","479000.00","0.00","479000.00","5780.00","1.2100"
"Institute of Museum and Library Services","Agency Overall","2008","12750.00","0.00","12750.00","0.00","0.0000"
"U.S. Railroad Retirement Board","Agency Overall","2008","48350.00","0.00","48350.00","270.00","0.5600"
"Office of Personnel Management","Agency Overall","2008","2066779.30","18000.00","2084779.30","11961.49","0.5800"
"U.S. Agency for International Development","Agency Overall","2008","893549.00","0.00","893549.00","2518.00","0.2800"
"National Credit Union Administration","Agency Overall","2008","110000.00","0.00","110000.00","2253.05","2.0500"
"Department of Veterans Affairs","Agency Overall","2008","16953369.47","0.00","16953369.47","313006.40","1.8500"
"Department of Housing and Urban Development","Agency Overall","2008","364302.96","11000.66","375303.62","363242.03","99.7100"
"Consumer Product Safety Commission","Agency Overall","2008","1481796.00","16000.00","1497796.00","5701.50","0.3800"
"Council on Environmental Quality","Agency Overall","2008","43000.00","9500.00","52500.00","0.00","0.0000"
"Department of Homeland Security","Agency Overall","2008","23166149.02","919467.66","24085616.68","311826.40","1.3500"
"United States International Boundary and Water Commission","Agency Overall","2008","33270.25","0.00","33270.25","38.25","0.1100"
"Small Business Administration","Agency Overall","2008","1360233.00","16504.00","1376737.00","20677.05","1.5200"
"Social Security Administration","Agency Overall","2008","14814363.00","31455.00","14845818.00","6591000.00","44.4900"
"Peace Corps","Agency Overall","2008","53126.00","0.00","53126.00","318.75","0.6000"
"U.S. Department of State","Agency Overall","2008","12237303.00","356038.00","12593341.00","12443.76","0.1000"
"Federal Reserve System","Agency Overall","2008","1116633.00","0.00","1116633.00","11325.00","1.0100"
"National Endowment for the Humanities","Agency Overall","2008","13000.00","0.00","13000.00","0.00","0.0000"
"National Mediation Board","Agency Overall","2008","103122.00","0.00","103122.00","32.75","0.0300"
"Merit Systems Protection Board","Agency Overall","2008","180000.00","0.00","180000.00","3285.00","1.8300"
"Federal Labor Relations Authority","Agency Overall","2008","12810.18","0.00","12810.18","238.87","1.8600"
"Tennessee Valley Authority","Agency Overall","2008","186425.00","0.00","186425.00","2617.15","1.4000"
"Office of National Drug Control Policy","Agency Overall","2008","0.20","20000.00","20000.20","0.00","0.0000"
"Selective Service System","Agency Overall","2008","2034.00","0.00","2034.00","0.00","0.0000"
"Federal Trade Commission","Agency Overall","2008","385766.21","47539.28","433305.49","29339.60","7.6100"
"Occupational Safety and Health Review Commission","Agency Overall","2008","148699.77","0.00","148699.77","2473.58","1.6600"
"National Aeronautics and Space Administration","Agency Overall","2008","1782835.00","15499.00","1798334.00","12481.15","0.7000"
"Federal Financial Institutions Examination Council","Agency Overall","2008","0.00","0.00","0.00","0.00","0.0000"
"Inter-American Foundation","Agency Overall","2008","5000.00","0.00","5000.00","0.00","0.0000"
"Farm Credit Administration","Agency Overall","2008","23288.00","0.00","23288.00","0.00","0.0000"
"Department of Defense","Agency Overall","2008","67517903.97","3237274.39","70755178.36","617878.09","0.9200"
"Department of Justice","Agency Overall","2008","41067670.11","7184276.41","48251946.52","157243.54","0.3800"
"Federal Energy Regulatory Commission","Agency Overall","2008","666202.00","0.00","666202.00","2637.59","0.4000"
"Commodity Futures Trading Commission","Agency Overall","2008","175326.08","0.00","175326.08","2444.95","1.3900"
"Department of the Interior","Agency Overall","2008","9960195.05","277005.77","10237200.82","137466.81","1.3800"
"Farm Credit System Insurance Corporation","Agency Overall","2008","0.00","0.00","0.00","0.00","0.0000"
"Department of the Treasury","Agency Overall","2008","12686849.21","446088.00","13132937.21","527931.23","4.1600"
"Federal Mine Safety and Health Review Commission","Agency Overall","2008","15000.00","0.00","15000.00","121.95","0.8100"
"Office of Government Ethics","Agency Overall","2008","65000.00","0.00","65000.00","0.00","0.0000"
"Nuclear Regulatory Commission","Agency Overall","2008","1374804.00","0.00","1374804.00","11023.00","0.8000"
"Corporation for National and Community Service (operating as AmeriCorps)","Agency Overall","2008","1034.00","0.00","1034.00","36.20","3.5000"
"Federal Election Commission","Agency Overall","2008","81870.00","0.00","81870.00","0.00","0.0000"
"All agencies","Agency Overall","2008","291529081.89","15393155.63","306922237.52","11224028.75","N/A"