"Agency","Component","Fiscal Year","Simple - Median Number of Days","Simple - Average Number of Days","Simple - Lowest Number of Days","Simple - Highest Number of Days","Complex - Median Number of Days","Complex - Average Number of Days","Complex - Lowest Number of Days","Complex - Highest Number of Days","Expedited Processing - Median Number of Days","Expedited Processing - Average Number of Days","Expedited Processing - Lowest Number of Days","Expedited Processing - Highest Number of Days"
"Surface Transportation Board","Agency Overall","2014","5","5.69","1","20","N/A","N/A","N/A","N/A","N/A","N/A","N/A","N/A"
"Office of National Drug Control Policy","Agency Overall","2014","33","39","1","182","N/A","N/A","N/A","N/A","N/A","N/A","N/A","N/A"
"National Endowment for the Humanities","Agency Overall","2014","14","13.4","<1","30","42","57.1","16","176","N/A","N/A","N/A","N/A"
"Federal Reserve System","Agency Overall","2014","4","9","1","213","28","43","1","480","290","290","58","523"
"Armed Forces Retirement Home","Agency Overall","2014","7","6","3","19","N/A","N/A","N/A","N/A","N/A","N/A","N/A","N/A"
"Recovery Accountability and Transparency Board","Agency Overall","2014","19","17.6","1","27","N/A","N/A","N/A","N/A","N/A","N/A","N/A","N/A"
"Chemical Safety and Hazard Investigation Board","Agency Overall","2014","1","2","1","6","12","16","9","30","1","2","1","9"
"Federal Retirement Thrift Investment Board","Agency Overall","2014","19.5","26.7","1","183","N/A","N/A","N/A","N/A","N/A","N/A","N/A","N/A"
"National Capital Planning Commission","Agency Overall","2014","4","3.71","1","8","9","9","9","9","N/A","N/A","N/A","N/A"
"National Labor Relations Board","Agency Overall","2014","5","7","N/A","N/A","N/A","N/A","N/A","N/A","4","4","N/A","N/A"
"Pension Benefit Guaranty Corporation","Agency Overall","2014","6","7.75","<1","38","13","16.75","<1","230","N/A","N/A","N/A","N/A"
"Department of the Treasury","Agency Overall","2014","7","22.81","<1","771","15","31","<1","2720","21","38.41","<1","322"
"Peace Corps","Agency Overall","2014","38","82","<1","409","51","113","5","552","N/A","N/A","N/A","N/A"
"Department of Energy","Agency Overall","2014","11","32.69","<1","950","58","185.25","<1","1520","22.5","32","9","95"
"United States International Boundary and Water Commission","Agency Overall","2014","19","22.6","1","54","N/A","N/A","N/A","N/A","N/A","N/A","N/A","N/A"
"Department of Commerce","Agency Overall","2014","7","8","1","148","45","89","1","1058","2","26","1","331"
"Federal Mine Safety and Health Review Commission","Agency Overall","2014","1","3.4","1","25","6","9.2","1","36","N/A","N/A","N/A","N/A"
"Office of Navajo and Hopi Indian Relocation","Agency Overall","2014","1","2.39","1","16","N/A","N/A","N/A","N/A","N/A","N/A","N/A","N/A"
"United States African Development Foundation","Agency Overall","2014","14","11","2","15","N/A","N/A","N/A","N/A","N/A","N/A","N/A","N/A"
"Office of Personnel Management","Agency Overall","2014","1","8","N/A","N/A","30","32","N/A","N/A","11","25","N/A","N/A"
"Committee for Purchase from People Who Are Blind or Severely Disabled","Agency Overall","2014","5","5.38","1","9","15","15.33","12","19","N/A","N/A","N/A","N/A"
"Institute of Museum and Library Services","Agency Overall","2014","7","7.9","1","20","24.5","33.4","22","56","N/A","N/A","N/A","N/A"
"Defense Nuclear Facilities Safety Board","Agency Overall","2014","16","30.48","1","256","N/A","N/A","N/A","N/A","18","18","3","35"
"Department of Education","Agency Overall","2014","11","12.82","<1","389","21","40.96","<1","1081","<1","<1","<1","<1"
"Export-Import Bank of the U.S.","Agency Overall","2014","54","84.33","2","339","59","169.85","8","789","N/A","N/A","N/A","N/A"
"National Credit Union Administration","Agency Overall","2014","3","6.75","<1","34","23","35.63","3","128","25","25","20","30"
"Small Business Administration","Agency Overall","2014","7.5","16.5","<1","67","N/A","N/A","N/A","N/A","N/A","N/A","N/A","N/A"
"U.S. Railroad Retirement Board","Agency Overall","2014","24","38.58","1","121","N/A","N/A","N/A","N/A","N/A","N/A","N/A","N/A"
"Federal Labor Relations Authority","Agency Overall","2014","6","8.4","<1","34","N/A","N/A","N/A","N/A","6.5","7","4","11"
"Department of Labor","Agency Overall","2014","6","23.4","1","1426","12","33.6","1","2115","10","26.3","1","550"
"Farm Credit System Insurance Corporation","Agency Overall","2014","8","10.14","5","16","N/A","N/A","N/A","N/A","6.5","8","6","13"
"U.S. Agency for Global Media","Agency Overall","2014","N/A","N/A","N/A","N/A","8","35","3","354","N/A","N/A","N/A","N/A"
"Office of Management and Budget","Agency Overall","2014","39","106","1","514","N/A","N/A","N/A","N/A","N/A","N/A","N/A","N/A"
"United States Postal Service","Agency Overall","2014","7","15.05","1","544","20","39.02","1","673","1","7.6","1","33"
"Federal Maritime Commission","Agency Overall","2014","10","9.8","1","19","19","49","2","421","11.5","14","9","24"
"Farm Credit Administration","Agency Overall","2014","9","10.59","2","20","N/A","N/A","N/A","N/A","14","12.14","5","20"
"Federal Energy Regulatory Commission","Agency Overall","2014","25","25","3","36","25","51","4","652","N/A","N/A","N/A","N/A"
"National Endowment for the Arts","Agency Overall","2014","22","13","2","510","35","192","18","710","N/A","N/A","N/A","N/A"
"Department of Housing and Urban Development","Agency Overall","2014","13","22.88","<1","439","44.5","85.15","<1","577","10","12","1","23"
"Corporation for National and Community Service (operating as AmeriCorps)","Agency Overall","2014","7","9.6","<1","53","22","60.8","<1","497","4","4","4","4"
"Postal Regulatory Commission","Agency Overall","2014","12","9","N/A","21","N/A","N/A","N/A","N/A","19","19","19","19"
"Inter-American Foundation","Agency Overall","2014","31","32.88","12","61","N/A","N/A","N/A","N/A","N/A","N/A","N/A","N/A"
"Department of Homeland Security","Agency Overall","2014","8","20.37","1","550","48","111.59","1","1820","24","103.49","1","855"
"Federal Mediation and Conciliation Service","Agency Overall","2014","2","7.3","<1","59","32","42.9","2","135","N/A","N/A","N/A","N/A"
"United States Copyright Office","Agency Overall","2014","15","34.8","1","542","N/A","N/A","N/A","N/A","N/A","N/A","N/A","N/A"
"Office of Special Counsel","Agency Overall","2014","7","43.48","<1","476","309","330.24","39","885","20","120.67","<1","342"
"United States International Trade Commission","Agency Overall","2014","11","12","1","21","N/A","N/A","N/A","N/A","N/A","N/A","N/A","N/A"
"Environmental Protection Agency","Agency Overall","2014","15","13.16","<1","20","33","79.49","<1","2120","34.5","264.86","<1","1790"
"Federal Open Market Committee","Agency Overall","2014","13","12.4","2","20","61","149","33","552","N/A","N/A","N/A","N/A"
"Securities and Exchange Commission","Agency Overall","2014","4","12.93","<1","754","620","601","23","1220","45","46","43","50"
"Millennium Challenge Corporation","Agency Overall","2014","19","22.8","<1","117","N/A","N/A","N/A","N/A","N/A","N/A","N/A","N/A"
"Legal Services Corporation","Agency Overall","2014","15","14.5","1","34","N/A","N/A","N/A","N/A","12","15.7","11","24"
"Federal Communications Commission","Agency Overall","2014","19","25.04","<1","462","543","359.17","6","626","7.5","21.85","1","128"
"Federal Trade Commission","Agency Overall","2014","4","5.2","<1","51","17","27.35","1","524","N/A","N/A","N/A","N/A"
"Department of the Interior","Agency Overall","2014","1","4","<1","50","17","39","<1","1316","49","165","<1","819"
"National Science Foundation","Agency Overall","2014","22","29","1","185","98","132","1","1058","28","28","28","28"
"Court Services and Offender Supervision Agency","Agency Overall","2014","15","30.3","1","401","N/A","N/A","N/A","N/A","N/A","N/A","N/A","N/A"
"Overseas Private Investment Corporation","Agency Overall","2014","6","14","<1","191","N/A","N/A","N/A","N/A","184","184","184","184"
"Equal Employment Opportunity Commission","Agency Overall","2014","13","16.87","1","316","N/A","N/A","N/A","N/A","14","14.12","1","10"
"Department of Agriculture","Agency Overall","2014","1","16.3","1","1476","21","83.03","1","1055","26","52.09","1","188"
"National Railroad Passenger Corporation","Agency Overall","2014","3","7.69","1","62","19.5","42.15","1","465","41.5","41.5","37","46"
"Consumer Product Safety Commission","Agency Overall","2014","18","32","1","481","50","81","1","729","N/A","N/A","N/A","N/A"
"Commodity Futures Trading Commission","Agency Overall","2014","23","30.92","1","126","55","102.25","2","566","N/A","N/A","N/A","N/A"
"Council of the Inspectors General on Integrity and Efficiency","Agency Overall","2014","14","34","1","228","269","290","113","509","N/A","N/A","N/A","N/A"
"Department of Justice","Agency Overall","2014","16","31.72","<1","689","87","136.78","<1","1243","51","155.47","<1","937"
"Office of the United States Trade Representative","Agency Overall","2014","33","31","1","98","277","225","17","814","N/A","N/A","N/A","N/A"
"U.S. Agency for International Development","Agency Overall","2014","10","28.48","<1","221","84","204.54","<1","1192","71","73.4","56","103"
"Office of the Special Inspector General for Afghanistan Reconstruction","Agency Overall","2014","20","20","1","30","65","38","30","161","N/A","N/A","N/A","N/A"
"U.S. Department of State","Agency Overall","2014","66","90","1","1576","333","534.8","11.4","2237","100.4","385.6","45.6","1482"
"Privacy and Civil Liberties Oversight Board","Agency Overall","2014","12.5","13","12","13","30","30","16","63","N/A","N/A","N/A","N/A"
"National Mediation Board","Agency Overall","2014","4","6","<1","37","N/A","N/A","N/A","N/A","N/A","N/A","N/A","N/A"
"Nuclear Regulatory Commission","Agency Overall","2014","9","13","<1","72","31","102","<1","779","758","709","493","784"
"United States Trade and Development Agency","Agency Overall","2014","N/A","N/A","N/A","N/A","32","45","11","342","N/A","N/A","N/A","N/A"
"Department of Veterans Affairs","Agency Overall","2014","5","15.36","<1","822","15","36.23","<1","998","19.5","36","<1","287"
"National Aeronautics and Space Administration","Agency Overall","2014","3","5.78","<1","48","13","21.9","<1","350","N/A","N/A","N/A","N/A"
"Federal Election Commission","Agency Overall","2014","20","23.5","2","125","29","162.6","23","511","11","11.6","10","14"
"Federal Housing Finance Agency","Agency Overall","2014","10","18.62","<1","215","45","58.41","<1","208","N/A","N/A","N/A","N/A"
"Office of Science and Technology Policy","Agency Overall","2014","N/A","14.4","<1","85","34","71.8","2","162","162","162","162","162"
"Merit Systems Protection Board","Agency Overall","2014","8","10.6","<1","51","39","40.63","17","94","14","14","14","14"
"Federal Deposit Insurance Corporation","Agency Overall","2014","4","6.48","<1","42","18.5","18.33","<1","95","12","10.38","1","24"
"Selective Service System","Agency Overall","2014","6","4.5","1","12","N/A","N/A","N/A","N/A","N/A","N/A","N/A","N/A"
"Social Security Administration","Agency Overall","2014","12","21","1","264","53","75","2","194","N/A","N/A","N/A","N/A"
"U.S. Commission on Civil Rights","Agency Overall","2014","5","5","1","20","6","10","1","20","N/A","N/A","N/A","N/A"
"General Services Administration","Agency Overall","2014","13","15.14","<1","40","53","70.81","1","516","N/A","N/A","N/A","N/A"
"Office of Government Ethics","Agency Overall","2014","16.5","14.7","1","41","N/A","N/A","N/A","N/A","N/A","N/A","N/A","N/A"
"Tennessee Valley Authority","Agency Overall","2014","15","15","1","30","57","103","32","516","29","28","26","30"
"Department of Defense","Agency Overall","2014","N/A","13","<1","1345","N/A","97","<1","4060","N/A","35","<1","630"
"Office of the Director of National Intelligence","Agency Overall","2014","9","20.52","N/A","232","138","301.85","N/A","1949","N/A","N/A","N/A","N/A"
"National Indian Gaming Commission","Agency Overall","2014","45","119","1","730","211.5","302","56","836","N/A","N/A","N/A","N/A"
"Consumer Financial Protection Bureau","Agency Overall","2014","7","9.46","<1","46","20","22.53","5","68","11","11","11","11"
"Administrative Conference of the United States","Agency Overall","2014","1","1","<1","3","N/A","N/A","N/A","N/A","N/A","N/A","N/A","N/A"
"American Battle Monuments Commission","Agency Overall","2014","7","22","2","142","N/A","N/A","N/A","N/A","N/A","N/A","N/A","N/A"
"Occupational Safety and Health Review Commission","Agency Overall","2014","10","10.63","<1","28","32","32","29","35","N/A","N/A","N/A","N/A"
"Department of Transportation","Agency Overall","2014","16","24.575","<1","1969","44","74.305","<1","1380","20.5","108.304","<1","667"
"Central Intelligence Agency","Agency Overall","2014","16","32.87","<1","1361","49","134.24","1","2327","1303","1303","1193","1413"
"Council on Environmental Quality","Agency Overall","2014","11","24.68","1","80","125.5","138.25","54","248","6","9.4","1","21"
"National Archives and Records Administration","Agency Overall","2014","6","13.6","<1","3894","603","965","<1","5223","<1","4","<1","29"
"National Transportation Safety Board","Agency Overall","2014","3","12.46","<1","322","28","141.54","<1","1343","271","268.89","263","272"
"Federal Financial Institutions Examination Council","Agency Overall","2014","7.5","10.61","1","29","N/A","N/A","N/A","N/A","N/A","N/A","N/A","N/A"
"Department of Health and Human Services","Agency Overall","2014","14","24","<1","1167","26","87","<1","1681","90","40","1","871"