"Agency","Component","Fiscal Year","Simple - Number Pending","Simple - Median Number of Days","Simple - Average Number of Days","Complex - Number Pending","Complex - Median Number of Days","Complex - Average Number of Days","Expedited Processing - Number Pending","Expedited Processing - Median Number of Days","Expedited Processing - Average Number of Days"
"Surface Transportation Board","Agency Overall","2014","0","N/A","N/A","0","N/A","N/A","0","N/A","N/A"
"Office of National Drug Control Policy","Agency Overall","2014","7","79","90","0","N/A","N/A","0","N/A","N/A"
"National Endowment for the Humanities","Agency Overall","2014","0","N/A","N/A","0","N/A","N/A","0","N/A","N/A"
"Federal Reserve System","Agency Overall","2014","0","N/A","N/A","34","26","35","0","N/A","N/A"
"Armed Forces Retirement Home","Agency Overall","2014","0","N/A","N/A","0","N/A","N/A","0","N/A","N/A"
"Recovery Accountability and Transparency Board","Agency Overall","2014","1","11","11","0","N/A","N/A","0","N/A","N/A"
"Chemical Safety and Hazard Investigation Board","Agency Overall","2014","0","N/A","N/A","11","34","44","0","N/A","N/A"
"Federal Retirement Thrift Investment Board","Agency Overall","2014","1","44","44","0","N/A","N/A","0","N/A","N/A"
"National Capital Planning Commission","Agency Overall","2014","0","N/A","N/A","0","N/A","N/A","0","N/A","N/A"
"National Labor Relations Board","Agency Overall","2014","145","3","19","0","N/A","N/A","0","N/A","N/A"
"Pension Benefit Guaranty Corporation","Agency Overall","2014","19","4","6.89","65","8","7.57","0","N/A","N/A"
"Department of the Treasury","Agency Overall","2014","136","36","202.25","1361","20","118.1","22","340.5","316.91"
"Peace Corps","Agency Overall","2014","110","193","160","22","267","270","0","N/A","N/A"
"Department of Energy","Agency Overall","2014","153","499","504.64","363","175.5","337.92","2","115","115"
"United States International Boundary and Water Commission","Agency Overall","2014","0","N/A","N/A","3","101","100.7","0","N/A","N/A"
"Department of Commerce","Agency Overall","2014","95","6","9","380","129","216","10","52","132"
"Federal Mine Safety and Health Review Commission","Agency Overall","2014","0","N/A","N/A","1","22","22","0","N/A","N/A"
"Office of Navajo and Hopi Indian Relocation","Agency Overall","2014","0","N/A","N/A","0","N/A","N/A","0","N/A","N/A"
"United States African Development Foundation","Agency Overall","2014","0","N/A","N/A","0","N/A","N/A","0","N/A","N/A"
"Office of Personnel Management","Agency Overall","2014","89","62","87","588","28","30","0","N/A","N/A"
"Committee for Purchase from People Who Are Blind or Severely Disabled","Agency Overall","2014","0","N/A","N/A","0","N/A","N/A","0","N/A","N/A"
"Institute of Museum and Library Services","Agency Overall","2014","2","1","1","0","N/A","N/A","0","N/A","N/A"
"Defense Nuclear Facilities Safety Board","Agency Overall","2014","2","22.5","22.5","0","N/A","N/A","0","N/A","N/A"
"Department of Education","Agency Overall","2014","91","7","73","296","53","125","4","30.5","188"
"Export-Import Bank of the U.S.","Agency Overall","2014","16","74.5","206","22","197","287","0","N/A","N/A"
"National Credit Union Administration","Agency Overall","2014","0","N/A","N/A","1","7","7","0","N/A","N/A"
"Small Business Administration","Agency Overall","2014","24","3","6","0","N/A","N/A","0","N/A","N/A"
"U.S. Railroad Retirement Board","Agency Overall","2014","9","243","217","0","N/A","N/A","0","N/A","N/A"
"Federal Labor Relations Authority","Agency Overall","2014","2","10.5","10.5","0","N/A","N/A","0","N/A","N/A"
"Department of Labor","Agency Overall","2014","104","124","162.8","1055","23","68","4","50","111"
"Farm Credit System Insurance Corporation","Agency Overall","2014","0","N/A","N/A","0","N/A","N/A","0","N/A","N/A"
"U.S. Agency for Global Media","Agency Overall","2014","0","N/A","N/A","10","65","130","0","N/A","N/A"
"Office of Management and Budget","Agency Overall","2014","33","212","181","0","N/A","N/A","0","N/A","N/A"
"United States Postal Service","Agency Overall","2014","183","42","70.75","69","102","218.09","0","N/A","N/A"
"Federal Maritime Commission","Agency Overall","2014","0","N/A","N/A","16","594","492.1","0","N/A","N/A"
"Farm Credit Administration","Agency Overall","2014","0","N/A","N/A","0","N/A","N/A","0","N/A","N/A"
"Federal Energy Regulatory Commission","Agency Overall","2014","16","19","36","7","231","173","0","N/A","N/A"
"National Endowment for the Arts","Agency Overall","2014","0","N/A","N/A","4","355","350","0","N/A","N/A"
"Department of Housing and Urban Development","Agency Overall","2014","216","23.5","54","190","81","98","2","59.5","59"
"Corporation for National and Community Service (operating as AmeriCorps)","Agency Overall","2014","0","N/A","N/A","8","89","121.3","0","N/A","N/A"
"Postal Regulatory Commission","Agency Overall","2014","0","N/A","N/A","0","N/A","N/A","0","N/A","N/A"
"Inter-American Foundation","Agency Overall","2014","0","N/A","N/A","0","N/A","N/A","0","N/A","N/A"
"Department of Homeland Security","Agency Overall","2014","64090","11","28.82","51451","100","155.44","23","43","56.81"
"Federal Mediation and Conciliation Service","Agency Overall","2014","4","77.5","70.3","2","220.5","220.5","0","N/A","N/A"
"United States Copyright Office","Agency Overall","2014","3","91","70","0","N/A","N/A","0","N/A","N/A"
"Office of Special Counsel","Agency Overall","2014","23","134","143","171","314","352","15","198","244"
"United States International Trade Commission","Agency Overall","2014","1","2","2","0","N/A","N/A","0","N/A","N/A"
"Environmental Protection Agency","Agency Overall","2014","219","10","10.08","2148","82.5","155.36","17","173","373.12"
"Federal Open Market Committee","Agency Overall","2014","0","N/A","N/A","8","350","331","0","N/A","N/A"
"Securities and Exchange Commission","Agency Overall","2014","592","11","62","3","907","893","0","N/A","N/A"
"Millennium Challenge Corporation","Agency Overall","2014","23","117","131","0","N/A","N/A","0","N/A","N/A"
"Legal Services Corporation","Agency Overall","2014","0","N/A","N/A","0","N/A","N/A","0","N/A","N/A"
"Federal Communications Commission","Agency Overall","2014","57","15","27.91","6","151","134.33","4","5.5","7.75"
"Federal Trade Commission","Agency Overall","2014","1","4","4","25","13","34.68","0","N/A","N/A"
"Department of the Interior","Agency Overall","2014","6","11","21","862","48","122","4","239","216"
"National Science Foundation","Agency Overall","2014","18","16","28","162","110","108","0","N/A","N/A"
"Court Services and Offender Supervision Agency","Agency Overall","2014","58","8","16","0","N/A","N/A","0","N/A","N/A"
"Overseas Private Investment Corporation","Agency Overall","2014","5","13","38.6","0","N/A","N/A","0","N/A","N/A"
"Equal Employment Opportunity Commission","Agency Overall","2014","971","16","20.971","0","N/A","N/A","0","N/A","N/A"
"Department of Agriculture","Agency Overall","2014","1431","113","183","311","97","234","1","14","14"
"National Railroad Passenger Corporation","Agency Overall","2014","1","6","6","24","94.5","128","0","N/A","N/A"
"Consumer Product Safety Commission","Agency Overall","2014","24","63","105","214","84","161","0","N/A","N/A"
"Commodity Futures Trading Commission","Agency Overall","2014","8","45.5","63","25","115","118","0","N/A","N/A"
"Council of the Inspectors General on Integrity and Efficiency","Agency Overall","2014","3","55","62","2","153","153","0","N/A","N/A"
"Department of Justice","Agency Overall","2014","5075","29","91.45","7074","160","224.57","141","166","267.58"
"Office of the United States Trade Representative","Agency Overall","2014","3","23","73","20","275","384","0","N/A","N/A"
"U.S. Agency for International Development","Agency Overall","2014","2","28","28","288","191.5","265","5","107","95.2"
"Office of the Special Inspector General for Afghanistan Reconstruction","Agency Overall","2014","0","N/A","N/A","2","66","67","0","N/A","N/A"
"U.S. Department of State","Agency Overall","2014","1341","252","370","9220","332.6","510","13","173.8","332.5"
"Privacy and Civil Liberties Oversight Board","Agency Overall","2014","1","161","161","0","N/A","N/A","0","N/A","N/A"
"National Mediation Board","Agency Overall","2014","0","N/A","N/A","0","N/A","N/A","0","N/A","N/A"
"Nuclear Regulatory Commission","Agency Overall","2014","9","7","8","110","21","42","1","8","8"
"United States Trade and Development Agency","Agency Overall","2014","0","N/A","N/A","9","26","31","1","1084","1084"
"Department of Veterans Affairs","Agency Overall","2014","1049","14","46","1350","53","104","8","95","93"
"National Aeronautics and Space Administration","Agency Overall","2014","7","10","8","49","26","43","0","N/A","N/A"
"Federal Election Commission","Agency Overall","2014","16","183.5","167.5","17","95","180.5","0","N/A","N/A"
"Federal Housing Finance Agency","Agency Overall","2014","6","16","15","8","49","132","0","N/A","N/A"
"Office of Science and Technology Policy","Agency Overall","2014","4","14.5","18.75","1","224","224","0","N/A","N/A"
"Merit Systems Protection Board","Agency Overall","2014","13","14","10.4","8","82.5","86","0","N/A","N/A"
"Federal Deposit Insurance Corporation","Agency Overall","2014","10","5","5","5","12","13","0","N/A","N/A"
"Selective Service System","Agency Overall","2014","0","N/A","N/A","0","N/A","N/A","0","N/A","N/A"
"Social Security Administration","Agency Overall","2014","2454","18","34","50","46","51","0","N/A","N/A"
"U.S. Commission on Civil Rights","Agency Overall","2014","0","N/A","N/A","1","41","41","0","N/A","N/A"
"General Services Administration","Agency Overall","2014","9","30","41","167","41","90.86","0","N/A","N/A"
"Office of Government Ethics","Agency Overall","2014","3","16","146","0","N/A","N/A","0","N/A","N/A"
"Tennessee Valley Authority","Agency Overall","2014","7","8","9","9","51","143","0","N/A","N/A"
"Department of Defense","Agency Overall","2014","2631","N/A","111","7038","N/A","408","38","N/A","189"
"Office of the Director of National Intelligence","Agency Overall","2014","188","120","201.14","40","304.5","450.28","0","N/A","N/A"
"National Indian Gaming Commission","Agency Overall","2014","4","109","158.25","6","141","156.33","0","N/A","N/A"
"Consumer Financial Protection Bureau","Agency Overall","2014","16","5.5","6","1","12","12","0","N/A","N/A"
"Administrative Conference of the United States","Agency Overall","2014","0","N/A","N/A","0","N/A","N/A","0","N/A","N/A"
"American Battle Monuments Commission","Agency Overall","2014","0","N/A","N/A","0","N/A","N/A","0","N/A","N/A"
"Occupational Safety and Health Review Commission","Agency Overall","2014","1","20","20","1","30","30","0","N/A","N/A"
"Department of Transportation","Agency Overall","2014","1503","40","94.522","991","71","180.97","30","226","242.47"
"Central Intelligence Agency","Agency Overall","2014","207","19","255.99","763","180","316.41","1","834","834"
"Council on Environmental Quality","Agency Overall","2014","14","332.5","312","10","140","200.1","0","N/A","N/A"
"National Archives and Records Administration","Agency Overall","2014","2859","39","254.05","2907","782","1307.4","0","N/A","N/A"
"National Transportation Safety Board","Agency Overall","2014","6","151","197","512","210","237","2","30.5","30"
"Federal Financial Institutions Examination Council","Agency Overall","2014","0","N/A","N/A","0","N/A","N/A","0","N/A","N/A"
"Department of Health and Human Services","Agency Overall","2014","4967","71","142","4332","148","234","56","52","110"
"All agencies","Agency Overall","2014","91397","N/A","N/A","94909","N/A","N/A","404","N/A","N/A"