"Agency","Component","Fiscal Year","Ex. 1","Ex. 2","Ex. 3","Ex. 4","Ex. 5","Ex. 6","Ex. 7(A)","Ex. 7(B)","Ex. 7(C)","Ex. 7(D)","Ex. 7(E)","Ex. 7(F)","Ex. 8","Ex. 9"
"Surface Transportation Board","Agency Overall","2014","0","4","0","0","0","4","0","0","0","0","0","0","0","0"
"Office of National Drug Control Policy","Agency Overall","2014","1","0","0","0","0","13","1","1","1","0","1","0","0","0"
"National Endowment for the Humanities","Agency Overall","2014","0","0","0","6","4","22","0","0","0","0","0","0","0","0"
"Federal Reserve System","Agency Overall","2014","0","0","0","31","32","38","1","0","6","1","1","0","30","0"
"Armed Forces Retirement Home","Agency Overall","2014","0","0","0","0","0","1","0","0","0","0","0","0","0","0"
"Recovery Accountability and Transparency Board","Agency Overall","2014","0","0","2","0","3","7","3","0","2","0","3","0","0","0"
"Chemical Safety and Hazard Investigation Board","Agency Overall","2014","0","0","0","3","1","1","4","0","1","0","1","1","0","0"
"Federal Retirement Thrift Investment Board","Agency Overall","2014","0","0","0","1","4","10","0","0","0","0","0","0","0","0"
"National Capital Planning Commission","Agency Overall","2014","0","0","0","0","0","0","0","0","0","0","0","0","0","0"
"National Labor Relations Board","Agency Overall","2014","","12","","13","104","275","193","","274","139","5","3","",""
"Pension Benefit Guaranty Corporation","Agency Overall","2014","0","0","6","34","22","346","3","0","1","0","0","0","0","0"
"Department of the Treasury","Agency Overall","2014","19","19","3103","206","810","888","492","2","1156","52","1256","8","67","0"
"Peace Corps","Agency Overall","2014","0","0","0","0","10","30","0","0","8","1","5","0","0","0"
"Department of Energy","Agency Overall","2014","6","16","46","229","155","322","5","0","26","4","6","9","0","0"
"United States International Boundary and Water Commission","Agency Overall","2014","0","1","0","2","0","2","0","0","0","0","0","0","0","0"
"Department of Commerce","Agency Overall","2014","0","9","118","83","98","151","20","0","63","3","20","1","0","0"
"Federal Mine Safety and Health Review Commission","Agency Overall","2014","0","0","0","0","0","0","0","0","0","0","0","0","0","0"
"Office of Navajo and Hopi Indian Relocation","Agency Overall","2014","0","0","0","0","23","14","0","0","0","0","0","0","0","0"
"United States African Development Foundation","Agency Overall","2014","0","0","0","0","0","9","0","0","0","0","0","0","0","0"
"Office of Personnel Management","Agency Overall","2014","","6","1051","14","23","2162","1","","2095","140","277","7","",""
"Committee for Purchase from People Who Are Blind or Severely Disabled","Agency Overall","2014","0","0","0","1","1","0","0","0","0","0","0","0","0","0"
"Institute of Museum and Library Services","Agency Overall","2014","0","0","0","6","0","1","0","0","0","0","0","0","0","0"
"Defense Nuclear Facilities Safety Board","Agency Overall","2014","0","0","0","0","4","14","1","0","0","0","1","0","0","0"
"Department of Education","Agency Overall","2014","0","4","23","177","112","464","215","3","390","4","27","1","0","0"
"Export-Import Bank of the U.S.","Agency Overall","2014","0","0","0","15","9","7","3","0","6","0","3","0","0","0"
"National Credit Union Administration","Agency Overall","2014","0","0","0","17","13","30","1","0","1","0","0","0","21","0"
"Small Business Administration","Agency Overall","2014","0","0","0","94","6","79","1","0","0","0","0","0","0","0"
"U.S. Railroad Retirement Board","Agency Overall","2014","0","0","1","0","0","1","0","0","0","0","0","0","0","0"
"Federal Labor Relations Authority","Agency Overall","2014","0","0","0","0","1","1","0","0","0","0","0","0","0","0"
"Department of Labor","Agency Overall","2014","0","93","11","3781","3158","1777","1754","85","5981","2162","1410","5","0","0"
"Farm Credit System Insurance Corporation","Agency Overall","2014","0","0","0","0","1","0","0","0","0","0","0","0","0","0"
"U.S. Agency for Global Media","Agency Overall","2014","0","0","0","1","8","16","0","0","0","0","2","1","0","0"
"Office of Management and Budget","Agency Overall","2014","0","3","0","4","31","12","0","0","0","0","0","0","0","0"
"United States Postal Service","Agency Overall","2014","0","14","460","84","87","592","30","1","384","86","78","3","0","0"
"Federal Maritime Commission","Agency Overall","2014","0","0","2","6","4","14","1","0","0","0","1","0","0","0"
"Farm Credit Administration","Agency Overall","2014","0","0","0","0","1","3","0","0","1","0","0","0","1","0"
"Federal Energy Regulatory Commission","Agency Overall","2014","0","1","5","19","21","38","2","0","0","0","3","4","0","1"
"National Endowment for the Arts","Agency Overall","2014","0","0","0","27","4","21","0","0","0","0","0","0","0","0"
"Department of Housing and Urban Development","Agency Overall","2014","0","34","30","104","93","214","77","0","84","1","31","0","2","0"
"Corporation for National and Community Service (operating as AmeriCorps)","Agency Overall","2014","0","0","0","2","5","12","0","0","2","0","0","0","0","0"
"Postal Regulatory Commission","Agency Overall","2014","0","0","0","1","0","0","0","0","0","0","0","0","0","0"
"Inter-American Foundation","Agency Overall","2014","0","0","0","0","0","0","0","0","0","0","0","0","0","0"
"Department of Homeland Security","Agency Overall","2014","59","325","5131","396","46293","89953","341","978","108259","248","108398","125","0","0"
"Federal Mediation and Conciliation Service","Agency Overall","2014","0","0","0","4","7","5","0","0","0","0","0","0","0","0"
"United States Copyright Office","Agency Overall","2014","0","0","0","0","0","0","0","0","0","0","0","0","0","0"
"Office of Special Counsel","Agency Overall","2014","0","1","0","0","9","3","0","0","23","0","0","0","0","0"
"United States International Trade Commission","Agency Overall","2014","0","0","5","5","5","4","0","0","0","0","0","0","0","0"
"Environmental Protection Agency","Agency Overall","2014","1","2","32","94","199","180","66","2","46","26","10","0","0","3"
"Federal Open Market Committee","Agency Overall","2014","0","0","0","3","4","2","0","0","0","0","0","0","0","0"
"Securities and Exchange Commission","Agency Overall","2014","0","5","40","155","178","414","869","5","282","32","45","1","54","0"
"Millennium Challenge Corporation","Agency Overall","2014","0","0","0","0","3","3","0","0","0","0","0","0","0","0"
"Legal Services Corporation","Agency Overall","2014","0","0","2","3","4","8","5","0","7","0","0","0","0","0"
"Federal Communications Commission","Agency Overall","2014","1","149","2","49","52","229","22","0","24","5","12","0","0","0"
"Federal Trade Commission","Agency Overall","2014","0","0","150","35","70","513","25","0","17","9","11","0","0","0"
"Department of the Interior","Agency Overall","2014","1","24","76","203","340","973","126","1","329","14","64","25","0","18"
"National Science Foundation","Agency Overall","2014","0","0","4","162","9","182","3","0","9","0","0","0","0","0"
"Court Services and Offender Supervision Agency","Agency Overall","2014","0","55","0","1","28","546","0","0","546","31","33","34","0","0"
"Overseas Private Investment Corporation","Agency Overall","2014","0","6","0","12","10","17","0","0","5","0","0","0","0","0"
"Equal Employment Opportunity Commission","Agency Overall","2014","0","1","5009","20","11723","2549","1515","0","5633","45","8","0","0","0"
"Department of Agriculture","Agency Overall","2014","6","33","382","413","441","1604","120","3","678","43","135","64","0","5"
"National Railroad Passenger Corporation","Agency Overall","2014","0","1","0","11","17","32","6","0","16","0","3","0","0","0"
"Consumer Product Safety Commission","Agency Overall","2014","0","0","220","120","235","164","25","3","4","20","0","0","0","0"
"Commodity Futures Trading Commission","Agency Overall","2014","0","0","10","33","16","28","7","0","15","0","6","0","0","0"
"Council of the Inspectors General on Integrity and Efficiency","Agency Overall","2014","0","0","0","0","7","9","2","0","3","2","2","0","0","0"
"Department of Justice","Agency Overall","2014","487","150","1343","302","1082","6909","862","44","8230","2145","3611","1919","1","0"
"Office of the United States Trade Representative","Agency Overall","2014","0","1","0","0","3","3","0","0","0","0","0","0","0","0"
"U.S. Agency for International Development","Agency Overall","2014","0","1","6","47","10","78","4","1","13","5","3","2","0","0"
"Office of the Special Inspector General for Afghanistan Reconstruction","Agency Overall","2014","1","0","0","2","0","16","3","0","4","0","0","0","0","0"
"U.S. Department of State","Agency Overall","2014","389","27","9227","72","260","2629","45","10","180","21","254","24","0","0"
"Privacy and Civil Liberties Oversight Board","Agency Overall","2014","1","0","1","0","2","2","0","0","1","0","0","0","0","0"
"National Mediation Board","Agency Overall","2014","0","0","0","0","1","0","0","0","0","0","0","0","0","0"
"Nuclear Regulatory Commission","Agency Overall","2014","16","17","5","38","57","83","27","0","105","35","44","49","0","0"
"United States Trade and Development Agency","Agency Overall","2014","0","0","1","1","2","1","0","0","0","0","0","0","0","0"
"Department of Veterans Affairs","Agency Overall","2014","0","6","2634","250","208","10776","104","29","3380","7","31","12","0","0"
"National Aeronautics and Space Administration","Agency Overall","2014","2","3","26","133","28","85","10","0","22","6","7","5","0","0"
"Federal Election Commission","Agency Overall","2014","0","0","5","3","12","13","4","0","4","0","3","0","0","0"
"Federal Housing Finance Agency","Agency Overall","2014","0","4","0","23","27","35","6","0","22","0","11","0","10","0"
"Office of Science and Technology Policy","Agency Overall","2014","3","0","1","1","19","23","0","0","0","0","0","0","0","0"
"Merit Systems Protection Board","Agency Overall","2014","0","0","1","0","6","30","0","1","1","0","0","0","0","0"
"Federal Deposit Insurance Corporation","Agency Overall","2014","0","11","1","97","59","147","4","0","9","2","7","0","55","0"
"Selective Service System","Agency Overall","2014","0","2","0","0","4","0","0","0","0","0","0","0","0","0"
"Social Security Administration","Agency Overall","2014","0","0","47","22","126","850","3","0","38","11","19","5","0","0"
"U.S. Commission on Civil Rights","Agency Overall","2014","0","0","0","0","1","1","0","0","0","0","0","0","0","0"
"General Services Administration","Agency Overall","2014","2","8","10","205","119","281","10","4","17","3","1","68","0","0"
"Office of Government Ethics","Agency Overall","2014","0","0","2","0","5","8","0","0","0","0","0","0","0","0"
"Tennessee Valley Authority","Agency Overall","2014","0","2","3","7","17","53","0","0","6","0","0","3","0","0"
"Department of Defense","Agency Overall","2014","2625","165","3384","1018","3331","11179","753","38","5954","382","2079","108","1","4"
"Office of the Director of National Intelligence","Agency Overall","2014","67","0","186","6","29","69","3","1","5","4","25","1","0","0"
"National Indian Gaming Commission","Agency Overall","2014","0","0","1","18","15","16","1","0","14","0","5","0","0","0"
"Consumer Financial Protection Bureau","Agency Overall","2014","0","1","4","34","48","81","28","0","0","10","21","0","22","0"
"Administrative Conference of the United States","Agency Overall","2014","0","1","0","0","0","0","0","0","0","0","0","0","0","0"
"American Battle Monuments Commission","Agency Overall","2014","0","0","0","0","0","0","0","0","0","0","0","0","0","0"
"Occupational Safety and Health Review Commission","Agency Overall","2014","0","0","0","3","1","9","0","0","0","0","0","0","0","0"
"Department of Transportation","Agency Overall","2014","0","8","176","214","354","1623","85","2","519","99","8","7","0","0"
"Central Intelligence Agency","Agency Overall","2014","1974","2","2224","9","82","176","2","0","9","12","9","3","0","0"
"Council on Environmental Quality","Agency Overall","2014","0","0","0","0","6","6","0","0","0","0","0","0","0","0"
"National Archives and Records Administration","Agency Overall","2014","360","19","254","8","24","254","5","0","111","182","0","1","1","0"
"National Transportation Safety Board","Agency Overall","2014","0","0","10","19","205","37","176","0","0","0","0","0","0","0"
"Federal Financial Institutions Examination Council","Agency Overall","2014","0","0","0","1","1","3","0","0","0","0","0","0","0","0"
"Department of Health and Human Services","Agency Overall","2014","0","11","206","821","363","8000","241","1","941","99","94","18","0","0"
"All agencies","Agency Overall","2014","6021","1257","35679","10034","71005","148485","8316","1215","145963","6091","118090","2517","265","31"