"Agency","Component","Fiscal Year","No Records","Records Referred at Initial Request Level","Request Withdrawn","Fee-Related Reason","Records Not Reasonably Described","Improper Request for Other Reason","Not Agency Record","Duplicate Request or Appeal","Request in Litigation","Appeal Based Solely on Denial of Request for Expedited Processing","Other*"
"Small Business Administration","Agency Overall","2009","7","0","0","1","0","0","2","0","0","0","0"
"Office of Management and Budget","Agency Overall","2009","0","0","0","0","0","0","0","0","0","0","0"
"National Railroad Passenger Corporation","Agency Overall","2009","0","0","0","0","0","0","0","0","0","0","0"
"Federal Mediation and Conciliation Service","Agency Overall","2009","0","0","0","0","0","0","1","0","0","0","1"
"Federal Election Commission","Agency Overall","2009","0","0","0","0","0","0","0","0","0","0","0"
"National Archives and Records Administration","Agency Overall","2009","14","1","3","7","3","1","11","1","0","0","3"
"Chemical Safety and Hazard Investigation Board","Agency Overall","2009","0","0","0","0","0","0","0","0","0","0","0"
"Merit Systems Protection Board","Agency Overall","2009","0","0","0","0","0","0","0","0","0","0","0"
"Federal Trade Commission","Agency Overall","2009","2","0","0","2","0","0","0","0","0","0","1"
"Commodity Futures Trading Commission","Agency Overall","2009","0","0","0","0","0","0","0","0","0","0","0"
"Department of Justice","Agency Overall","2009","766","25","18","47","12","50","20","81","81","34","446"
"Federal Labor Relations Authority","Agency Overall","2009","1","0","0","0","0","0","0","0","0","0","0"
"Special Inspector General for Iraq Reconstruction","Agency Overall","2009","0","0","0","0","0","0","0","0","0","0","0"
"Department of Transportation","Agency Overall","2009","25","0","13","1","2","3","3","1","0","0","25"
"Nuclear Regulatory Commission","Agency Overall","2009","1","0","1","1","0","0","1","0","0","0","0"
"Defense Nuclear Facilities Safety Board","Agency Overall","2009","0","0","0","0","0","0","0","0","0","0","0"
"Department of Veterans Affairs","Agency Overall","2009","9","12","2","3","0","4","2","0","0","0","25"
"Committee for Purchase from People Who Are Blind or Severely Disabled","Agency Overall","2009","0","0","0","0","0","0","0","0","0","0","0"
"Department of Labor","Agency Overall","2009","29","2","27","4","0","22","0","10","0","0","132"
"U.S. Railroad Retirement Board","Agency Overall","2009","3","0","0","0","0","0","0","0","0","0","0"
"Federal Reserve System","Agency Overall","2009","0","0","2","0","0","0","0","0","2","0","2"
"Corporation for National and Community Service (operating as AmeriCorps)","Agency Overall","2009","0","0","0","0","0","0","0","0","0","0","0"
"Peace Corps","Agency Overall","2009","0","0","0","2","0","0","0","5","0","0","0"
"Department of Defense","Agency Overall","2009","78","78","67","24","2","49","10","15","8","11","157"
"Department of Housing and Urban Development","Agency Overall","2009","2","0","0","0","0","0","0","0","0","0","0"
"Office of Government Ethics","Agency Overall","2009","0","0","0","0","0","0","0","0","0","0","0"
"Consumer Product Safety Commission","Agency Overall","2009","0","0","1","0","0","0","0","0","0","0","4"
"Department of Health and Human Services","Agency Overall","2009","4","1","22","2","0","2","0","0","0","5","77"
"Federal Maritime Commission","Agency Overall","2009","0","0","0","0","0","0","0","0","0","0","0"
"U.S. Agency for International Development","Agency Overall","2009","3","0","0","0","0","0","0","0","0","0","2"
"Office of Personnel Management","Agency Overall","2009","0","0","0","0","0","0","0","0","0","0","0"
"Department of the Interior","Agency Overall","2009","18","0","0","10","1","1","2","0","20","0","156"
"United States International Boundary and Water Commission","Agency Overall","2009","0","0","0","0","0","0","0","0","0","0","0"
"National Endowment for the Humanities","Agency Overall","2009","0","0","0","0","0","0","0","0","0","0","0"
"Farm Credit System Insurance Corporation","Agency Overall","2009","0","0","0","0","0","0","0","0","0","0","0"
"Federal Energy Regulatory Commission","Agency Overall","2009","0","0","0","0","0","0","0","0","0","2","0"
"Department of Energy","Agency Overall","2009","7","0","11","2","0","6","0","0","0","1","9"
"Department of the Treasury","Agency Overall","2009","51","1","1","9","2","13","0","1","0","0","49"
"Federal Open Market Committee","Agency Overall","2009","0","0","0","0","0","0","0","0","0","0","0"
"National Indian Gaming Commission","Agency Overall","2009","0","0","0","0","0","0","0","0","0","0","0"
"Overseas Private Investment Corporation","Agency Overall","2009","0","0","0","0","0","0","0","0","0","0","0"
"Occupational Safety and Health Review Commission","Agency Overall","2009","0","0","0","0","0","0","0","0","0","0","0"
"Tennessee Valley Authority","Agency Overall","2009","0","0","0","0","0","0","0","0","0","0","0"
"Postal Regulatory Commission","Agency Overall","2009","0","0","0","0","0","0","0","0","0","0","0"
"National Science Foundation","Agency Overall","2009","0","0","0","1","0","0","0","0","0","0","0"
"Environmental Protection Agency","Agency Overall","2009","9","25","38","6","2","0","0","0","0","3","8"
"National Aeronautics and Space Administration","Agency Overall","2009","9","0","0","0","0","0","0","0","0","0","0"
"National Mediation Board","Agency Overall","2009","0","0","0","0","0","0","0","0","0","0","0"
"Farm Credit Administration","Agency Overall","2009","0","0","0","0","0","0","0","0","0","0","0"
"Securities and Exchange Commission","Agency Overall","2009","8","1","1","0","0","0","0","0","0","0","5"
"General Services Administration","Agency Overall","2009","5","0","0","2","0","0","0","0","0","0","0"
"Surface Transportation Board","Agency Overall","2009","0","0","0","0","0","0","0","0","0","0","0"
"Central Intelligence Agency","Agency Overall","2009","0","0","0","1","0","0","0","0","4","0","16"
"Council on Environmental Quality","Agency Overall","2009","0","0","0","0","0","0","0","0","0","0","0"
"Office of National Drug Control Policy","Agency Overall","2009","0","0","0","0","0","0","0","0","0","0","0"
"Federal Communications Commission","Agency Overall","2009","2","0","6","7","0","2","1","0","1","0","0"
"Social Security Administration","Agency Overall","2009","1","0","0","0","0","1","0","0","0","0","0"
"Federal Financial Institutions Examination Council","Agency Overall","2009","0","0","0","0","0","0","0","0","0","0","0"
"Federal Housing Finance Agency","Agency Overall","2009","2","0","0","0","0","0","0","0","0","0","0"
"National Credit Union Administration","Agency Overall","2009","0","0","0","0","0","0","0","0","0","0","0"
"Institute of Museum and Library Services","Agency Overall","2009","0","0","0","0","0","0","0","0","0","0","0"
"Federal Deposit Insurance Corporation","Agency Overall","2009","2","0","2","0","0","0","0","0","0","0","2"
"Inter-American Foundation","Agency Overall","2009","0","0","0","0","0","0","0","0","0","0","0"
"United States Copyright Office","Agency Overall","2009","0","0","0","0","0","0","0","0","0","0","0"
"Department of Homeland Security","Agency Overall","2009","91","27","77","6","0","114","5","20","12","8","88"
"Export-Import Bank of the U.S.","Agency Overall","2009","0","0","0","0","0","0","0","0","0","0","0"
"Federal Mine Safety and Health Review Commission","Agency Overall","2009","0","0","0","0","0","0","0","0","0","0","0"
"United States International Trade Commission","Agency Overall","2009","0","0","0","0","0","0","0","0","0","0","0"
"Department of Education","Agency Overall","2009","16","5","6","1","0","7","0","0","8","0","0"
"Department of Commerce","Agency Overall","2009","10","1","8","11","0","6","1","3","0","3","0"
"Office of Science and Technology Policy","Agency Overall","2009","0","1","0","0","0","0","0","0","0","0","1"
"U.S. Department of State","Agency Overall","2009","7","1","2","0","0","0","0","2","5","0","16"
"Selective Service System","Agency Overall","2009","0","0","0","0","0","0","0","0","0","0","0"
"All agencies","Agency Overall","2009","1182","181","308","150","24","281","59","139","141","67","1225"