"Agency","Component","Fiscal Year","Statute","Case Citation","Type of Information Withheld","Number of Times Relied Upon"
"Central Intelligence Agency","Agency Overall","2010","CIA Act of 1949","Halperin v. CIA, 639 F.2d 144 (D.C. Cir. 1980); Minier v. CIA, 00 F.3d 796 (9th Cir. 1996)","Please see footnote","1525"
"Department of Justice","Agency Overall","2010","5 U.S.C. app. § 107","Meyerhoff v. EPA, 958 F.2d 1498, 1500-02 (9th Cir. 1992)","Financial disclosure information pertaining to certain government employees","67"
"Department of Justice","Agency Overall","2010","10 U.S.C. § 130b","Hiken v. DOD, 521 F. Supp. 2d 1047, 1062 (N.D. Cal. 2007)","Personally identifiable information pertaining to members of the armed forces assigned to ""routinely deployable unit[s]"" and certain employees of DOD and DHS","2"
"Department of Justice","Agency Overall","2010","15 U.S.C. § 18a(h)","Lieberman v. FTC, 771 F.2d 32 (2d Cir. 1985)","Information submitted in connection with the premerger notification provisions of the Hart-Scott-Rodino Antitrust Improvements Act of 1976","2"
"Department of Justice","Agency Overall","2010","15 U.S.C. § 1314(g)","Motion Picture Ass'n of Am. v. DOJ, No. 80 Civ. 6612, slip op. at 1 (S.D.N.Y. Oct. 6, 1981)","""Any documentary material, answers to written interrogatories, or transcripts of oral testimony"" provided pursuant to certain civil investigative demands pertaining to antitrust investigations","2"
"Department of Justice","Agency Overall","2010","15 U.S.C. § 4305(d)","None","Information submitted under the National Cooperative Research and Production Act of 1993","1"
"Department of Justice","Agency Overall","2010","18 U.S.C. § 1461","None","Obscene materials","1"
"Department of Justice","Agency Overall","2010","18 U.S.C. §§ 2252, 2252A","None","""[M]aterial pertaining to the sexual exploitation of children""; ""material constituting or containing child porngraphy""","1"
"Department of Justice","Agency Overall","2010","18 U.S.C. §§ 2510-20","Mendoza v. DEA, No. 07-5006, 2007 U.S. App. LEXIS 22175 (D.C. Cir. Sept. 14, 2007) (per curiam)","Wiretap requests and the contents of any wire, oral, or electronic communication obtained through wiretaps","111"
"Department of Justice","Agency Overall","2010","18 U.S.C. § 3123(d)","Jennings v. FBI, No 03-1651, slip op. at 11-12 (D.D.C. May 6, 2004)","Certain court ""order[s] authorizing or approving the installation and use of a pen register or a trap and trace device""; information pertaining to ""the existence of the pen register or trap and trace device or the existence of the investigation""","38"
"Department of Justice","Agency Overall","2010","18 U.S.C. § 3153","None","Information regarding pre-trial services","3"
"Department of Justice","Agency Overall","2010","18 U.S.C. § 3521 (b)(1)","Bonadonna v. DOJ, No. 09-40011-RWZ, 2010 WL 745790, at *1 (D. Mass. Feb. 22, 2010)","Witness security information","60"
"Department of Justice","Agency Overall","2010","18 U.S.C. § 5038","None","Juvenile arrest records","10"
"Department of Justice","Agency Overall","2010","22 U.S.C. § 2778(e)","Council for a Livable World v. U.S. Dep't of State, No. 96-1807, slip op. at 11 (D.D.C. Jan. 21, 1998), amended (D.D.C. Nov. 23, 1998)","Certain information pertaining to export license applications","1"
"Department of Justice","Agency Overall","2010","26 U.S.C. §§ 6103, 6105","Church of Scientology v. IRS, 484 U.S. 9, 15 (1987) (26 U.S.C. Sec 6103)","Certain tax return information and certain tax convention information","61"
"Department of Justice","Agency Overall","2010","28 U.S.C. § 651","None","Documents filed under seal and confidential mediation documents","1"
"Department of Justice","Agency Overall","2010","31 U.S.C. § 3730","None","Records pertaining to financial false claims","1"
"Department of Justice","Agency Overall","2010","31 U.S.C. § 5319","Berger v. IRS, 487 F. Supp. 2d 482 (D.N.J. 2007), aff'd on other grounds, 288 F. App'x 829 (3d Cir. 2008), cert. denied, 129 S. Ct. 2789 (U.S. 2009)","Reports pertaining to monetary instrument transactions filed under subchapter II of chapter 53 of title 31 and records of those reports","23"
"Department of Justice","Agency Overall","2010","42 U.S.C. § 3789g","None","Data received by the Bureau of Justice Statistics and used only for statistical or research purposes","2"
"Department of Justice","Agency Overall","2010","50 U.S.C. § 403g","Larson v. Dep't of State, 565 F.3d 857, 865 n.2 (D.C. Cir. 2009)","Intelligence sources and methods; certain information pertaining to Agency employees, specifically: ""the organization, functions, names, official titles, salaries, or numbers of personnel employed by the Agency""","105"
"Department of Justice","Agency Overall","2010","50 U.S.C. § 403-1(i)(1)","CIA v. Sims, 471 U.S. 159, 167 (1985)","Intelligence sources and methods","82"
"Department of Justice","Agency Overall","2010","50 U.S.C. § 431","CIA v. Sims, 471 U.S. 159, 167, 174 n.19 (1985) (dictum)","""[O]perational files of the Central Intelligence Agency""","2"
"Department of Justice","Agency Overall","2010","Fed. R. Crim. P. 6(e), enacted by Act of July 30, 1997, Pub L. No. 95-78, 91 Stat. 391","Sussman v. USMS, 494 F.3d 1106, 1113 (D.C. Cir. 2007)","Certain records pertaining to grand jury proceedings","777"
"Department of Justice","Agency Overall","2010","Pub. L. No. 111-8, 123 Stat. 524","City of Chicago v. U.S. Dep't of the Treasury, 423 F.3d 777 (7th Cir. 2005)","Information required to be maintained by Federal Firearms Licensees and information maintained in the ATF Firearms Tracing Systems","226"
"Department of Housing and Urban Development","Agency Overall","2010","41 USC 253b(m)","Hornbostel v. United States Department of Interior, 305 F. Supp. 2d 21 (DDC, 2003)","Proposals received from unsuccessful offerors and not incorporated into the contract","19"
"Department of Housing and Urban Development","Agency Overall","2010","42 USC 3545","None","Reating factor scores, which prohibits disclosure of covered selected information during the grant selection process","2"
"U.S. Agency for International Development","Agency Overall","2010","Federal Property and Administrative Service Act, 41 U.S.C. 253b(m)","Hornbostel v. United States Dep't of the Interior, 305 F. Supp. 2d 21, 30 (D.D.C. 2003)","Places restrictions on the release of proposal information submitted by a contractor in response to the requirements of a competitive solicitation.","6"
"U.S. Agency for International Development","Agency Overall","2010","United States Internatl Revenue Code, 26 U.S.C. 6103","Church of Scientology v. IRS, 484 U.S. 9 (1987)","Places restrictions on the release of tax return information","48"
"Department of Education","Agency Overall","2010","41 U.S.C. Section 253 b(m)(1)","Hornbostel v. DOI, 305 F. Supp. 2d 21, 30 (D.D.C. 2003) summary affirmance granted, No. 03-5257, 2004 WL 1900562 (D.C.C. Aug. 25, 2004)","Business proposal documents not incorporated in contracts.","3"
"Department of Education","Agency Overall","2010","5 U.S.C. 574 (Alternative Dispute Resolution Act)","n/a","Communications relating to proceedings.","2"
"Environmental Protection Agency","Agency Overall","2010","F.R. Cr. P. 6(e)","Senate of Puerto Rico v. U.S. Department of Justice, 823 F2d 574, (D.D.C. 1987)","Records relating to Grand Jury Investigations or Proceedings","1"
"Environmental Protection Agency","Agency Overall","2010","FIFRA 7 U.S.C. 136h Sect. 10g","N","Analytical, health, environmental effects and efficacy data that prohibits registrants from disclosing information to foreign competitors","2"
"Environmental Protection Agency","Agency Overall","2010","FIFRA 7 U.S.C. 136h Sect. 10","N","Studies from registrants who engage in the distribution of pesticides in countries other than the U.S.","5"
"Environmental Protection Agency","Agency Overall","2010","P.I.A. 41 U.S.C. 253b(m)(1)","Hornbosel v. Dept. of Interior, 305 F. Supp. 2d 21 (D.D.C. 2003) as amended (2004), aff’d on other grounds, 2004 WL1900562 (D.C. Cir. 2004)","Contract Proposal","2"
"Environmental Protection Agency","Agency Overall","2010","42 U.S.C Section 241(d)","N","42 U.S.C Section 241(d)","2"
"Federal Housing Finance Agency","Agency Overall","2010","0","N/A","0","0"
"Defense Nuclear Facilities Safety Board","Agency Overall","2010","N/A","N/A","N/A","0"
"Department of Energy","Agency Overall","2010","41 U.S.C 253","Hornbostel v. United states Dept. of the Interior, 305 F. Supp. 2d 21, 30 (D.D.C. 2003), summary affirmance granted, No. 03-5257, 2004 WL 1900562 (D.C. cir. Aug. 25, 2004).","contractor proposals, technical, management, and cost proposals submitted in response to the requirements of a solicitation for a competitive proposal.","10"
"Department of Energy","Agency Overall","2010","15 U.S.C. 638(k)(4)","","Company commercialization information","1"
"Department of Energy","Agency Overall","2010","42 U.S.C. 2161","Meeropol v. Smith, No. 75-1121, slip op. at 53-55 (D.D.C. Feb. 29, 1984), aff'd in relevant part & remanded in part on other grounds sub nom, Meeropol v. Meese, 790 F.2d 942 (D.C. Cir. 1986).","information that is classified as Restricted Data, Formerly Restricted Data, or Unclassified Controlled Nuclear Information.","21"
"Department of Energy","Agency Overall","2010","5 U.S.C. App. 4 § 105","Meyerhoff v. EPA, 958 F .2d 1498, 1500-02 (9th Cir. 1992); Concepcion v. FBI, 606 F. Supp. 2d 14, 33 (D.D.C. 2009).","Agency withheld financial disclosure reports","1"
"Department of Energy","Agency Overall","2010","35 U.S.C. 181","","Patent Information","1"
"Department of Energy","Agency Overall","2010","41 USC §423(a)(1)","","Contractor performance evaluations","6"
"National Archives and Records Administration","Agency Overall","2010","10 U.S.C. 424","Miller v. DOJ, 562 F. Supp. 2d 82, 112 (D.D.C. 2008); Wickwire Gavin, P.C. v. Def. Intelligence Agency, 330 F. Supp. 2d 592, 602 (E.D. Va 2004).","Organization or any function of, and certain information pertaining to, employees of the Defense Intelligence Agency, the National Reconnaissance Office, and the National Geospatial-Intelligence Agency","1"
"National Archives and Records Administration","Agency Overall","2010","18 U.S.C. 2510-20 (Title III of the Omnibus Crime Control and Safe Streets Act)","Mendoza v. DEA, No. 07-5006, 2007 U.S. App. LEXUS 22175 (D.C. Cir. Sept. 14, 2007)(per curiam); Lam Lek Chong v. DEA, 929 F.2d 729, 733 (D.C. Cir. 1991); Payne v. DOJ, No. 96-30840, slip op. at 5-6 (5th Cir. July 11, 1997).","Wiretap requests and the contents of any wire, oral, or electronic communication obtained through wiretaps","1"
"National Archives and Records Administration","Agency Overall","2010","50 U.S.C. 403g (Central Intelligence Agency Act of 1949)","Larson v. Dep't of State, 565 F.3d 857, 865 n.2 (D.C. Cir. 2009); Berman v. CIA, 501 F.3d 1136, 1137-38, 1140 (9th Cir. 2007); Makky v. Chertoff, 489 F. Supp. 2d 421, 442 (D.N.J. 2007), aff'd on other grounds, 541 F. 3d 205 (3d Cir. 2008)","Intelligence sources and methods; certain information pertaining to Agency employees, specifically: ""the organization, functions, names, official titles, salaries, or numbers of personnel employed by the Agency""","14"
"National Archives and Records Administration","Agency Overall","2010","50 U.S.C. 421 (Intelligence Identies Protection Act of 1982)","None","Identities of US Undercover Intelligence Officers, Agents, Informants and Sources","2"
"National Archives and Records Administration","Agency Overall","2010","10 U.S.C. 128","None","Authority to Withhold Unclassified Special Nuclear Weapons Information","1"
"National Archives and Records Administration","Agency Overall","2010","41 U.S.C. 253(b)(m)(1)","Hornbostel v. US Dep't of the Interior, 305 F. Supp. 2d 21, 30 (D.D.C. 203)","Protects Information under the National Defense Authorization Act.","2"
"National Archives and Records Administration","Agency Overall","2010","42 U.S.C. 2168(a)(1)(c) (FRD)","Meeropol v. Smith, No. 75-1121, slip. At 53-55 (D.D.C. Feb. 29 1984).","Restricted and Formerly Restricted Data (A.E. of 1954)","1"
"Department of Labor","Agency Overall","2010","103 (g) (1) Federal Mine Safety and Health Act of 1977, Section 103(g), [30 USC 813(g)]","None","Complaint Information","5"
"Department of Labor","Agency Overall","2010","312(b) Federal Mine Safety and Health Act of 1997, Section 323(b), 30 USC 872(b)","None","Mine Maps","1"
"Department of Labor","Agency Overall","2010","Fed. R. Crim. P. 6(e), enacted by Act of July 30, 1997, Pub. L. 98-78, 91 Stat. 319","Sussman v. USMC, 494 F. 3d 1106, 1113 (D.C. Cir. 2007); Fund for Constitutional Gov't. v. NARS, 656 F.2d 856, 867-68 (D.C. Cir. 1981)","Grand Jury","1"
"Department of Labor","Agency Overall","2010","Confidential Information Protection and Statistical Efficiency Act of 2002, Title V of Public Law 107-347","None","Confidential Respondent Data to BLS Survey","8"
"Department of Labor","Agency Overall","2010","Occupational Safety and Health Act of 1970, 29 USC 666(f)","None","Advance Notice of Inspection","81"
"Small Business Administration","Agency Overall","2010","26 U.S.C. 6103","Church of Scientology v. IRS, 484 U.S. 9, 15 (1987)","tax return information","4"
"National Endowment for the Arts","Agency Overall","2010","5 U.S.C. 552a","N/A","Grant applications submitted by individuals","2"
"Federal Energy Regulatory Commission","Agency Overall","2010","16 U.S.C. § 470hh(a)](1994)","None","Archaeological survey data and resource reports.","5"
"Surface Transportation Board","Agency Overall","2010","None","0","0","0"
"Federal Mediation and Conciliation Service","Agency Overall","2010","0","N/A","0","0"
"Federal Deposit Insurance Corporation","Agency Overall","2010","0","N/A","0","0"
"Millennium Challenge Corporation","Agency Overall","2010","N/A","N/A","N/A","0"
"Council on Environmental Quality","Agency Overall","2010","0","N/A","0","0"
"Office of Navajo and Hopi Indian Relocation","Agency Overall","2010","0","N/A","0","0"
"Postal Regulatory Commission","Agency Overall","2010","0","N/A","0","0"
"Occupational Safety and Health Review Commission","Agency Overall","2010","26 USC 6103","Church of Scientology v. IRS, 484 U.S. 9, 15 (1987)","Tax Records","1"
"Department of Transportation","Agency Overall","2010","5 U.S.C. app. 107(a)","Meyerhoff v. EPA, 958 F.2d 1498, 1500-02 (9th Cir. 1992); Concepcion v. FBI, 606 F. Supp. 2d 14, 33 (D.D.C. 2009)","Confidential financial disclosure reports","1"
"Department of Transportation","Agency Overall","2010","5 U.S.C. 7301 (note), 503(e), PL 100-71","N/A","Results of drug tests of Federal employees","1"
"Department of Transportation","Agency Overall","2010","Rule 6(e), FRCrP","N/A","Grand jury material","2"
"Department of Transportation","Agency Overall","2010","41 U.S.C. 253b(m)","Hornbostel v. DOI, 305 F. Supp. 2d 21, 30 (D.D.C. 2003), summary affirmance granted, No. 03-5257, 2004 WL 1900562 (D.C. Cir. Aug. 25, 2004)","Contract proposals not incorporated into contracts","8"
"Department of Transportation","Agency Overall","2010","41 U.S.C. 423(b) and (e)(1)","N/A","Procurement integrity information","1"
"Department of Transportation","Agency Overall","2010","49 U.S.C. 31143(b)","N/A","Identity of motor carrier safety complainants","88"
"Department of Transportation","Agency Overall","2010","49 U.S.C. 40110(e)","N/A","Contract proposal not incorporated into contract","5"
"Department of Transportation","Agency Overall","2010","49 U.S.C. 40115","N/A","Information harmful to U.S. international aviation negotiation or to any U.S. international carrier","3"
"Department of Transportation","Agency Overall","2010","49 U.S.C. 40119","Pub. Citizen, Inc. v. FAA, 988 F.2d 186, 194 (D.C. Cir. 1993); Gordon v. FBI, 390 F. Supp. 2d 897, 900 (N.D. Cal. 2004)","Certain information obtained or developed in ensuring transportation security if disclosure of that information would:  constitute an invasion of personal privacy, reveal a trade secret or confidential commercial or financial information, or be detrimental to transportation safety","50"
"Department of Transportation","Agency Overall","2010","49 U.S.C. 40123(a)","N/A","Aviation Safety Action Program voluntarily submitted information","23"
"National Endowment for the Humanities","Agency Overall","2010","0","N/A","0","0"
"Administrative Conference of the United States","Agency Overall","2010","N/A","N/A","N/A","0"
"Department of Commerce","Agency Overall","2010","50 U.S.C. Sec. 2411 (c) Export Adminsitration Act of 1979 Sec. 12(c)","Export Information Twin Coast Newspapers, Inc. v Dept. of Commerce, No. 78-0978 (D.D.C. Nov. 6, 1979)","Information concerning exporting license applications.","26"
"Department of Commerce","Agency Overall","2010","35 U.S.C. § 122","Irons & Sears v Dann, 606 F.2d 1215, 1220 (D.C. Cir.1979)","Information concerning patent applications","8"
"Department of Commerce","Agency Overall","2010","13 U.S.C. § 9","Baldrige v Shapiro, 455 U.S, 355 (1982)","Information collected by the Bureau of the Census","18"
"Department of Commerce","Agency Overall","2010","5 U.S.C. appendix 105, Ethics in Govt. Act of 1978","Meyerhoff v EPA 958 Fed 2 1497 9th Circuit (1992)","Financial Disclosure Information","2"
"Department of Commerce","Agency Overall","2010","15 U.S.C. 7301","No Case","Information received in the course of investigations regarding building failures","5"
"Department of Commerce","Agency Overall","2010","13 U.S.C. § 301(g)","Young Conservative Found v Dept. of Commerce, No. 85-3982 (D.D.C. March 25, 1987)","Shippers’ Export Declarations","3"
"Department of Commerce","Agency Overall","2010","41 U.S.C. § 253 423","Hornbostel v Dept. of Interior, 305 F. Supp. 2d 21 (D.D.C. 2003)","Proposal not set forth or incorporated by reference in a contract","20"
"Department of Commerce","Agency Overall","2010","16 U.S.C. § 1881(a)","No Case","Magnuson-Stevens Fishery Conservation and Management Act – pertains to statistical information contained in fishery management plans.","12"
"Department of Commerce","Agency Overall","2010","26 U.S.C.§ 6103","White v IRS, 707F.2d 897 (6th Cir. 1983)","Prohibits disclosure of tax returns and tax information.","1"
"Farm Credit Administration","Agency Overall","2010","0","N/A","0","0"
"United States Trade and Development Agency","Agency Overall","2010","26 U.S.C. 6103","Aronson v. IRS, 973 F.2d 962, 966-67 (1st Cir. 1992)","Taxpayer Identification Number","1"
"United States International Boundary and Water Commission","Agency Overall","2010","0","N/A","0","0"
"Institute of Museum and Library Services","Agency Overall","2010","0","N/A","0","0"
"Federal Mine Safety and Health Review Commission","Agency Overall","2010","0","N/A","0","0"
"United States Copyright Office","Agency Overall","2010","0","N/A","0","0"
"National Capital Planning Commission","Agency Overall","2010","N/A","N/A","N/A","0"
"Chemical Safety and Hazard Investigation Board","Agency Overall","2010","None","Not Applicable","Not Applicable","0"
"Federal Open Market Committee","Agency Overall","2010","0","N/A","0","0"
"Department of Veterans Affairs","Agency Overall","2010","5 U.S.C. App 3 (IG Act)","","Names or employees who provide information or complaints to the Inspector General.","1"
"Department of Veterans Affairs","Agency Overall","2010","41 U.S.C. 253b(m)","Hornbostel v. United States Department of the Interior, 305 F. Supp. 2d 21, 30 (D.D.C. 2003)","Prohibits the release of contractor proposals submitted to an agency during the course of federal procurements of property or services.","36"
"Department of Veterans Affairs","Agency Overall","2010","38 U.S.C. 5701","Ashton v. VA, 1999 U.S. App. LEXIS 22957 (2d Cir. 1999)","Records pertaining to any claim filed with the Department for names and addresses of present and former members of the Armed Forces and their dependents.","774"
"Department of Veterans Affairs","Agency Overall","2010","38 U.S.C. 5705","Schulte & Sun-Sentinel Co. v. VA, No. 86-6251, slip op. at 3-4, 12 (S.D. Fla. Feb. 2, 1996)","Records created as part of a medical quality assurance program.","51"
"Department of Veterans Affairs","Agency Overall","2010","38 U.S.C. 7332","Palmer v. Derwinski, No. 91-197, slip op. at 3-4 (E.D. Ky, June 10, 1992)","Records of the identity, diagnosis, prognosis, or treatment of any patient or subject which are maintained in connection with the performance of any patient or subject which are maintained in connection with the performance of any program or activity relating to drug abuse, alcoholism, or alcohol abuse, infection with the human immunodeficiency virus (HIV) or sickle cell anemia.","1692"
"Department of Veterans Affairs","Agency Overall","2010","35 U.S.C. 205","","Federal agencies are authorized to withhold from disclosure to the public information disclosing any invention in which the Federal Government owns or may own a right, title, or interest (including a nonexclusive license) for a reasonable time in order for a patent application to be filed.  Furthermore, Federal agencies shall not be required to release copies of any document which is part of an application for patent filed with the United States Patent and Trademark Office or with any foreign patent office.","1"
"Federal Reserve System","Agency Overall","2010","31 U.S.C. Section 5319 Bank Secrecy Act","Berger v. IRS, 487 F. Supp. 2d 482, 496-97 (D. N.J. 2007, aff’d on other grounds, 288 F. App’s 829 (3d Cir. 2008), cert. denied, 129 S. Ct. 2789","Currency Transaction Reports and Suspicious Activity Reports","3"
"Office of the United States Trade Representative","Agency Overall","2010","N/A","N/A","N/A","0"
"Special Inspector General for Iraq Reconstruction","Agency Overall","2010","0","","","0"
"Committee for Purchase from People Who Are Blind or Severely Disabled","Agency Overall","2010","0","N/A","0","0"
"Overseas Private Investment Corporation","Agency Overall","2010","26 U.S.C. s6103(a)","","Tax filing status","1"
"Overseas Private Investment Corporation","Agency Overall","2010","5 U.S.C. s552b(c)(1)","","Closed Board Meeting minutes","1"
"Overseas Private Investment Corporation","Agency Overall","2010","5 C.F.R. s2640.304","","Names & financial details in 18 U.S.C. § 208(b) waivers  where the subjects were confidential disclosure filers.","1"
"Overseas Private Investment Corporation","Agency Overall","2010","4 U.S.C. s453b(m)","","A proposal not incorporated into the final contract","2"
"Department of Homeland Security","Agency Overall","2010","5 U.S.C. app 107(a)","Meyerhoff v. EPA, 958 F.2d 1498, 1500-02 (9th Cir. 1992); Concepcion v. FBI, 606 F. Supp 2d 14, 33 (D.D.C. 2009).","Financial Discolsure information pertaining to certain government employees","1"
"Department of Homeland Security","Agency Overall","2010","6 U.S.C. 133","","Critical Infrastructure Information","2"
"Department of Homeland Security","Agency Overall","2010","10 U.S.C. 130c","Nat'l Inst. Of Military Justice v. DOD, 404 F. Supp. 2d 325, 335-37 (D.D.C. 2005), aff'd on other grounds, 512 F.3d 677 (D.C. Cir. 2008), cert. denied, 129 S. Ct. 775 (U.S. 2008); ACLU v. DOD, 389 F. Supp 2d 547, 554 (S.D.N.Y. 2005).","Certain ""sensitive information of foreign governments"" and certain international organizations","7"
"Department of Homeland Security","Agency Overall","2010","10 U.S.C. 424","Miller v. DOJ, 562 F. Supp. 2d 82, 112 (D.D.C. 2008); Wickwire Gavin, P.C. v. Def. Intelligence Agency, 330 F. Supp 2d 592, 602 (E.D. Va. 2004).","Organization or any function of, and certain information prtaining to, employees of the Defense Intelligence Agency, the National Reconnaissance Office, and the National Geospatial-Intelligence Agency","1"
"Department of Homeland Security","Agency Overall","2010","18 U.S.C. 2510-20","Mendoza v. DEA, No. 07-5006, 2007 U.S. App. LEXIS 22175 (D.C. Cir. Sept. 14, 2007)(per curiam); Lam Lek Chong v. DEA, 929 F.2d, 733 (D.C. Cir. 1991); Payne v. DOJ, No. 96-30840, slip op. at 5-6 (5th Cir. July 11,1997).","Wiretap requests and the content of any wire, oral, or electronic comunication obtained through wiretaps","17"
"Department of Homeland Security","Agency Overall","2010","18 U.S.C. 1461","","Mailing obscene or crime-inciting matter","1"
"Department of Homeland Security","Agency Overall","2010","26 U.S.C. 6103, 6105","Church of Scientology v. IRS, 484 U.S. 9, 15 (1987)(26 U.S.C. 613); Tax Analysts v. IRS, 217 F. Supp. 2d 23, 27-29 (D.D.C. 2002)(26 U.S.C. 6105).","Certain tax return information and certain tax convention information","968"
"Department of Homeland Security","Agency Overall","2010","41 U.S.C. 253b(m)(1)","Hornbostel v. U.S. Dep't of the Interior, 305 F. Supp. 2d 21, 30 (D.D.C. 2003), summary affirmance granted, 2004 WL 1900562 (D.C. Cir. Aug. 25, 2004).","Contractor proposals that are in the possession or control of an executive agency and that have not been set forth or incorporated by reference into contracts","29"
"Department of Homeland Security","Agency Overall","2010","41 U.S.C. 423(a)(1)","Legal & Safety Employer Research, Inc. V. U.S. Dep't of the Army, No. Civ. S001748, 2001 WL 34098652, at *3-4 (E.D. Cal. 2001)(dictum).","Contractor bid or proposal information; source selection information","5"
"Department of Homeland Security","Agency Overall","2010","49 U.S.C. 114 (r)","Tooley v. Bush, No. 06-306, 2006 WL 3783142, at *19 (D.D.C. Dec. 21, 2006), rev'd & remanded in part on other grounds sub nom, Tooley v. Napolitano, 556 F.3d 836 (D.C. Cir. 2009), reh'g granted & judgment vacated, No. 07-5080, 2009 U.S. App. LEXIS 14307  (D.C. Cir. July 1, 2009); Gordon v. FBI, 390 F. Supp. 2d 897, 900 (N.D. Cal. 2004).","Information obtained or developed  in carrying out security  under the authority of the Aviation and Transportation Act or under chapter 449 of this title","632"
"Department of Homeland Security","Agency Overall","2010","50 U.S.C. 403g","Larson v. Dep't of State, 565 F.3d 857, 865 n.2 (D.C. Cir. 2009); Berman v. CIA, 501 F.3d 1136, 1137-38, 1140 (9th Cir. 2007); Makky v. Chertoff, 489 F. Supp. 2d 421, 442 (D.N.J. 2007), aff'd on other grounds, 541 F.3d 205 (3d Cir. 2008).","Intelligence sources and methods; certain information pertaining to Agency employees, specifically: ""the organization, functions, names, official titles, salaries, or numbers of personnel employed by the Agency""","1"
"Department of Homeland Security","Agency Overall","2010","Fed. R. Crim. P. 6(e)","Sussman v. USMS, 494 F.3d 1106, 1113 (D.C. Cir. 2007); Fund for Constitutional Gov't v. Nat'l Archives & Records Serv., 656 F.2d 856, 867-68 (D.C. Cir. 1981); Durham v. U.S. Atty Gen., No. 06-843, 2008 WL 620744, at *2 (E.D. Tex. Mar. 3, 2008); Corzen O'Connor v. U.S. Dep't of Treasury, 570 F. Supp. 2d 749, 776 (E.D. Pa. 2008).","Certain records pertaining to grand jury proceedings","9"
"Commodity Futures Trading Commission","Agency Overall","2010","Section 8(a) of the Commodity Exchange Act, 7 U.S.C. 12(a)","The use of Sections 8(a) has not been challenged in court.","Business transactions or market positions of any person and trade secrets or names of customers, and any data or information concerning or obtained in connection  with any pending investigation of any person.","13"
"Inter-American Foundation","Agency Overall","2010","5 U.S.C. app. 107 (a)(2)","","Confidential financial information provided on an ethics waiver","1"
"Securities and Exchange Commission","Agency Overall","2010","15 U.S.C. § 80b-10(b)","","Investment Advisors examinations or investigations","1"
"Securities and Exchange Commission","Agency Overall","2010","15 U.S.C.§ 78q(h)(5)","","Associated persons of broker-dealers, government securities brokers or dealers, or municipal securities dealers.","1"
"Securities and Exchange Commission","Agency Overall","2010","41 U.S.C. § 253(b)(m)","","Federal Property and Administrative Services Act of 1949","2"
"Securities and Exchange Commission","Agency Overall","2010","41 U.S.C. § 423(d)","","Proprietary or source selecting information about ongoing Federal Procurements","1"
"Securities and Exchange Commission","Agency Overall","2010","42 U.S.C. § 300hh-12","","Public Health Security and Bioterrorism Preparedness and Response Act of 2002","4"
"Securities and Exchange Commission","Agency Overall","2010","15 U.S.C. § 80a-30(c)","","Investment Company Examination","1"
"Securities and Exchange Commission","Agency Overall","2010","15 U.S.C. § 78x(d)","","(Foreign Securities Authorities)","1"
"Department of Agriculture","Agency Overall","2010","Federal Insecticide, Fungicide, and Rodenticide Act (FIFRA) 7 U.S.C. 136","","Disclosure of any information regarding the location and the use of pesticides.","1"
"Department of Agriculture","Agency Overall","2010","41 U.S.C. 253b(m)","Horbostel v. Dept. of the Interior, 305 F. Supp. 2d 21 (D.D.C. 2003)","Proposal not set forth or incorporated by reference in a contract entered into between the agency and the contractor.","5"
"Department of Agriculture","Agency Overall","2010","Agricultural Bioterrorism Protection Act of 2002, Sec. 212, Regulation of Certain Biological Agents and Toxins","","Disclosure of use and locations of biological agents and toxins.","3"
"Department of Agriculture","Agency Overall","2010","7 U.S.C. 2011-2036, The Food Stamp Act (and 7 CFR 272.1 (2) 11 (e)(8)","Roberts v. Austin, 632 F.2d 1202. 1203 (5th Cir. 1980), cert. denied, 454 U.S. 975, 102 S.Ct. 527, 70 L. Ed. 2d 395 (1981).","Names and personal information of SNAP (Food Stamps) recipients; confidential information provided by firms participating in SNAP.","10"
"Department of Agriculture","Agency Overall","2010","Section 1619 of the Food, Conservation, and Energy Act of 2008","Central Platte Natural Resources District v. U.S. Department of Agriculture and Farm Service Agency, No. 4:09CV3198 (WKU) (Dist of NE Sept. 8, 2010)","Information provided by an agricultural producer or owner of agricultural land in order to participate in a USDA program, and concerning agricultural operations, farming or conservation practices or the land itself.","301"
"Department of Agriculture","Agency Overall","2010","41 U.S.C. 253(b)","Hornbostel v. Dept. of the Interior, 305 F. Suppl. 2d 21 (D.D.C. 2003)","Business/financial information","1"
"Department of Agriculture","Agency Overall","2010","7 U.S.C. 2276","None","Respondents' identity and unaggregated survey data","7"
"Department of Agriculture","Agency Overall","2010","42 U.S.C. 2000e-5(b), 2000e-8(e)","Frito-Lay v. EEOC, 964 F. Supp. 236, 240-43 (W.D. Ky. 1997)","Information obtained by the EEOC in investigating charges of unlawful employment practices.","1"
"Department of Agriculture","Agency Overall","2010","26 U.S.C. 6103 (b)(2)(A)","Linsteadt v. IRS, 729 F.2d 998, 1000 (5th Cir. 1984)","Financial Information","1"
"Department of Agriculture","Agency Overall","2010","Exemption 3 Section 1619 of the Food, Conservation, and Energy Act of 2008","None","Information provided by an agricultural producer or owner of agricultural land in order to participate in a USDA program, and concerning agricultural operations, farming or conservation practices or the land itself.","43"
"Department of Agriculture","Agency Overall","2010","Agricultural Marketing Agreement Act of 1937, as amended (AMAA) (d)(3)  (7 U.S.C. 601 et seq), 9 CFR Part 900 and 9 CFR Part 929","","Confidential","1"
"Department of Agriculture","Agency Overall","2010","The National Defense Authorization Act of 1977","None","Technical proposal submitted by unsuccessful contractors","9"
"Department of Agriculture","Agency Overall","2010","7 U.S.C. 1502(c) FCIC Crop Insurance Act Section 502","None","Personal information provided by the producer (policy information, yield data, etc.)","8"
"Department of Agriculture","Agency Overall","2010","16 USC 470hh","None","Archaeological Resources Protection Act of 1979 - Archaeological, site maps, cultural resources and historic sites","3"
"Department of Agriculture","Agency Overall","2010","16 USC 470w-3","None","National Historic Preservation Act of 1966 - Location, character, or ownership of historic resources","11"
"Consumer Product Safety Commission","Agency Overall","2010","Section 6(a)(2) of the CPSA","Mulloy v. Consumer Product Safety Commission, No. C-2-85-645, 1985 U.S. District LEXIS 17194, at **2-5 (S.D. Ohio Aug. 2, 1985)","Trade Secret and other confidential business information","194"
"Consumer Product Safety Commission","Agency Overall","2010","Section 6(b)(1) of the CPSA","Consumer Product Safety Commission v. GTE Sylvania, Inc., 447 U.S. 102, 122 (1980); and Krugler v. U.S. Consumer Product Safety Commission, 1:03-CV-1905-JTC (N.D.GA. June 22, 2004), and Reliance Electric Co. v. Consumer Product Safety Commission, 924 F.2d 274 (D.C. Cir. 1991)","Information that identifies a particular brand-name of consumer product","177"
"Consumer Product Safety Commission","Agency Overall","2010","Section 6(b)(5) of the CPSA","Reliance Electric Co. v. Consumer Product Safety Commission, 924 F.2d 274 (D.C. Cir. 1991)","Information submitted under statutory reporting requirement for certain potentially unsafe consumer products","6"
"Consumer Product Safety Commission","Agency Overall","2010","Section 6(e)(1) of the CPSA","None","Information submitted under statutory reporting requirement for certain consumer products involved in product liability actions","6"
"Consumer Product Safety Commission","Agency Overall","2010","Section 25 (c) of the CPSA","None","Information that identifies injured persons or those treating injured persons, absent consent","183"
"Corporation for National and Community Service (operating as AmeriCorps)","Agency Overall","2010","0","N/A","0","0"
"U.S. Commission on Civil Rights","Agency Overall","2010","0","N/A","0","0"
"Social Security Administration","Agency Overall","2010","26 U.S.C, 6103","Church of Scientology v. IRS,  484 U.S. 9, 15 (1987)(finding that IRS lawfully exercised discretion to withhold street addresses pursuant to 26 U.S.C. section 6103(m)(1));","Tax information, such as third- party addresses""and employer’s names and addresses""","91"
"Department of the Treasury","Agency Overall","2010","26 U.S.C. 6103","Church of Scientology Int’l v. United Stats Dep’t of Justice, 30 F.3d 224, 235 (1st Cir. 1994).","Taxpayer Information","2076"
"Department of the Treasury","Agency Overall","2010","31 U.S.C. 5319","Small v. IRS, 820 F. Supp. 163 (D.N.J. 1992)","BSA Records","144"
"Department of the Treasury","Agency Overall","2010","26 U.S.C. 6105","Tax Analysts v. IRS, 217 F. Supp. 2d 23 (D.D.C. 2002)","Confidential information arising under treaty obligations","15"
"Department of the Treasury","Agency Overall","2010","Rule 6(e) of the Federal Rules of Criminal Procedure","Fund for Constitutional Gov’t v. National Archives & Records Service, 656 F. 2nd 856, 867 (D.C. Cir. 1981); Walston v. U.S. Department of Justice, 799 F. Supp. 193, 195 (D.D.C. 1992).","Part of the Federal Rules of Criminal Procedure – Grand Jury Secrecy: regulates matters occurring before the Grand Jury.  Used to withhold records used in Grand Jury proceedings","20"
"Department of the Treasury","Agency Overall","2010","18 U.S.C. 701","Not litigated","Official Badges, identification cards. Prohibits the reproduction of official identification media. Used to withhold copies of IRS employee identification badges and pocket commissions.","20"
"Department of the Treasury","Agency Overall","2010","41 U.S.C. 253 (b)","Hornbostel v. Dept of Interior, No.02-0523, 2003 WL 23303294 (D.D.C., 2003)","Protects the solicitations of unsuccessful bidders in a competitive proposal. This provision is used to withhold the unsuccessful bidder’s contract proposal as well as information in the winning solicitation that was not incorporated into the contract.","3"
"Department of the Treasury","Agency Overall","2010","5 U.S.C. 7114","Dublin v. Dept. of the Treasury, 555 F. Supp. 408, 412 (N.D. Ga. 1981), aff’d, 697 F.2d 1093 (unpublished table decision): NTEU v. OPM, No. 76-695, slip op at 49 D.D.C. July 9, 1979).","Delineates the rights and duties of a labor organization which is the exclusive representative of the employees in the unit it represents.","2"
"National Science Foundation","Agency Overall","2010","35 U.S.C. §122 (Patent Act)","Irons & Sears v. Dann, 606 F.2d 1215,
121921 (D.C. Cir. 1979).","Patent pending
applications","22"
"National Science Foundation","Agency Overall","2010","41 U.S.C.§253b(m)(1) (National Defense Authorization Act for Fiscal Year 1997)","Hornbostel v. U.S. Dep't of the Interior, 305
F. Supp. 2d 21, 30 (D.D.C. 2003), summary
affirmance granted, No. 03-5257, 2004
WL 1900562 (D.C. Cir. Aug. 25, 2004).","Proposal documents
not incorporated into
contracts","6"
"Office of Management and Budget","Agency Overall","2010","0","N/A","0","0"
"Merit Systems Protection Board","Agency Overall","2010","Not Applicable","Not Applicable","Not Applicable","0"
"National Aeronautics and Space Administration","Agency Overall","2010","5 USC 638(j)(2)","None cited","Contracts withheld data generated by contractors who elected to retain their data rights in accordance with the retention period agreed to under the contract.","1"
"National Aeronautics and Space Administration","Agency Overall","2010","10 USC 2305(g)","None cited","Procurement, unsuccessful proposals for competitive procurements and those portions of successful proposals that were not incorporated into the contracts.","17"
"National Aeronautics and Space Administration","Agency Overall","2010","22 USC 2751","None cited","Technical data withheld according to regulations establishing lists or categories of technical data that may not be exported, under the Arms Export Control Act.","2"
"National Aeronautics and Space Administration","Agency Overall","2010","41 USC 423","None cited","Performance evaluations compiled by the Procurement Office are used in source selection activities covered by the Procurement Integrity Act and are considered sensitive.","2"
"Export-Import Bank of the U.S.","Agency Overall","2010","0","N/A","0","0"
"Department of the Interior","Agency Overall","2010","Federal Property and Administrative Services Act (41 U.S.C. § 253b(m))","Hornbostel v. U.S. Department of the Interior, 305 F. Supp. 2d 21 (D.D.C. 2003)","Certain information in contractor proposals.","20"
"Department of the Interior","Agency Overall","2010","National Parks Omnibus Management Act (16 U.S.C. § 5937)","Southwest Center for Biological Diversity v. USDA, 314 F.3d 1060, 1062 (9th Cir. 2002)","Information about the nature and location of a resource that is endangered, threatened, rare or commercially valuable.","5"
"Department of the Interior","Agency Overall","2010","Archaeological Resources Protection Act (16 U.S.C. § 470hh(a))","Starkey v. U.S. Department of the Interior, 238 F. Supp. 2d 1188 (S.D. Cal. 2002)","Descriptions and/or locations of archaeological resources.","33"
"Department of the Interior","Agency Overall","2010","National Historic Preservation Act Amendments (16 U.S.C. § 470w-3)","None","Information concerning the location, character or ownership of  historic resources.","9"
"Department of the Interior","Agency Overall","2010","Outer Continental Shelf Lands Act (43 U.S.C. § 1350-1352)","None","Conservation information documents.","1"
"Department of the Interior","Agency Overall","2010","Right to Financial Privacy Act of 1978 (12 U.S.C. 3413(h)(4))","None","Information related to individual applicants for loan guarantees.","1"
"Department of the Interior","Agency Overall","2010","Rule 6(e), Federal Rules of Criminal Procedure (Grand Jury) (18 U.S.C. § 385)","McQueen v. United States, 179 F.R.D. 522, 528-30 (S.D. Tex. May 6, 1998)","Information that would reveal identities of witnesses or jurors; testimony, strategy or direction of investigations; or juror deliberations/questions.","6"
"Department of the Interior","Agency Overall","2010","Procurement Integrity Act (41 U.S.C. § 423)","None","Procurement information prior to the award of a contract.","7"
"Nuclear Regulatory Commission","Agency Overall","2010","41 U.S.C. 253b(m)(1)","Y","Contractor Proposals","1"
"Nuclear Regulatory Commission","Agency Overall","2010","42 U.S.C. 2167","Y","Safeguards Information","1"
"Farm Credit System Insurance Corporation","Agency Overall","2010","0","N/A","0","0"
"Office of Special Counsel","Agency Overall","2010","18 U.S.C. 208(d)(1)","n/a","Ethics waiver","1"
"Selective Service System","Agency Overall","2010","0","0","0","0"
"Federal Labor Relations Authority","Agency Overall","2010","NONE","NONE","NONE","0"
"Legal Services Corporation","Agency Overall","2010","0","N/A","0","0"
"Federal Retirement Thrift Investment Board","Agency Overall","2010","0","N/A","0","0"
"National Railroad Passenger Corporation","Agency Overall","2010","49 U.S.C.  Section 24301 Note","None","Bid proposals not incorporated in contracts","4"
"Department of Defense","Agency Overall","2010","5 USC Sec 5749(j)","No","Dispute Resolution Communications between a Neutral and a Party to the Dispute","4"
"Department of Defense","Agency Overall","2010","5 USC App 4 § 105(b)(2)","No","Protecting Financial Disclosure Reports of Special Government Employees","1"
"Department of Defense","Agency Overall","2010","10 USC Sec 128","No","Unclassified Special Nuclear Weapons Information","11"
"Department of Defense","Agency Overall","2010","10 USC Sec 130","Chenkin v. Department of the Army, No. 93-494, 1994 U.S. Dist. LEXIS 20907 at *8 (E.D. Pa. Jan 14, 1994), aff'd 61 F.3d 894 (3rd Cir. 1995)unpublished table decision); Colonial Trading Corp. v. Department of the Navy, 735 F. Supp. 429 431 (D.D.C 1990).","Unclassified Technical Data with Military or Space Application","69"
"Department of Defense","Agency Overall","2010","10 USC Sec 130b","Hiken v. Dep't of Defense, 521 F. Supp. 2d 1047, 1062(N.D. Cal. 2007).","Personally Identifying Information of Personnel in Oversees, Sensetive or Routinely Deployable Units","615"
"Department of Defense","Agency Overall","2010","10 USC Sec 130c","Nat'l Inst. Of Military Justice v. DoD 404 F. Supp 2d 325, 335-337 (D.D.C. 2005), affd on other grounds, 512 f.3D 677(D.C. Cir 208), cert. denied, 129 S. Ct.(U.S. 2008; ACLU v Dep't of Defense, 389 F. Supp. 2d 547, 554 (S.D. N.Y. 2005).","Certain Sensetive Information of Foreign Governments and International Organizations","63"
"Department of Defense","Agency Overall","2010","10 USC Sec 424","Miller v. DoJ 562 D. Supp. 2d 82 112 (D.D.C. 2008). Wickerwire Gavin, P.C. v Def. Intelligence Agency, 330 F. Supp. 2d 592, 602 (E.D. Va. 2004).","Organizational and Personnel Information for DIA, NRO and NGA","411"
"Department of Defense","Agency Overall","2010","10 USC Sec 455","No","Maps, Charts, and Geodetic Data","2"
"Department of Defense","Agency Overall","2010","10 USC Sec 457","No","Operational files of former National Photographic Interpretation Agency","5"
"Department of Defense","Agency Overall","2010","10 USC Sec 613a(a)","No","Proceedings of Promotion Selection Boards","7"
"Department of Defense","Agency Overall","2010","10 USC Sec 1102","Goodrich v Dept of Airforce, 404 F. Supp. 2d 48 50-51 (D.D.C. 2005); Dayton Newspapers, Inc. v Dep't of the Airforce, 107 F Supp. 2d 912 917 (S.D. Ohio 1999).","Medical Quality Assurance Records","16"
"Department of Defense","Agency Overall","2010","10 USC Sec 2305(g)","Chesterfield Assocs. Inc. v U.S. Coast Guard, No 08-CV-4674, 2009 WL 1406994 at *1-2 (E.D.N.Y. May 19, 2009).","DoD Contractor Proposals","340"
"Department of Defense","Agency Overall","2010","10 USC Sec 2485(h)","No","Food Donation Program","2"
"Department of Defense","Agency Overall","2010","10 USC 2640(h)","No","Charter air transportation for members of armed forces","1"
"Department of Defense","Agency Overall","2010","12 USC Sec 3403","No","Confidentiality of Financial Records","7"
"Department of Defense","Agency Overall","2010","16 USC Sec 470w-3","Hornbostel v U.S. Dep't of Interior, 305 F. Supp. 2d 21, 30 (D.D.C 2003), summary affirmance granted, No 03-5257, 2004 WL 1900562 (D.D.Cir Aug. 25, 2004","National Historic Preservation Information","43"
"Department of Defense","Agency Overall","2010","18 USC Sec 798(a)","Larson v. Dept of State, 565 F 3d 857, 868-869 (D.C. Cir. 2009); N.Y. Times Co. v. DoD 499 F Supp. 2d 501, 512 (S.D.N.Y. 2007); Adejumobi v. NSA, No. 07-1237, 2007 WL 4247878 at *3 (M.D. Fla Dec 3, 2007), aff'd per curiam, 287 F A [[770 (11th Cir. 208).","Communications Intelligence and Cytological Devices","383"
"Department of Defense","Agency Overall","2010","18 USC Sec 3509","No","Child Victims' and Child Witnesses' Rights","1"
"Department of Defense","Agency Overall","2010","22 USC Sec 2778(e) Sec 38 (e) of the Arms Export Control Act","Council for a Livable World v. U.S. Dept. of State, No 96-1807, slip op. at 11 (D.D.C Jan 21, 1998) amended (D.D.C. Nov 23, 1998).","Information Subject to Arms Exports Controls","14"
"Department of Defense","Agency Overall","2010","26 USC Sec 6103","Church of Scientology v. IRS, 484 U.S. 9, 15 (1987) (26 U.S.C. Sec 6103); Tax Analysts vs. IRS 217 F. Supp. 2d 23, 27-29 (D.D/C 2002) (26 U.S.C 6105).","Confidentiality and Disclosure of Returns and Returns and Return Information","1"
"Department of Defense","Agency Overall","2010","35 USC Sec 181-188","No","Secrecy of Certain Inventions and Withholding of Patents","2"
"Department of Defense","Agency Overall","2010","35 USC 205","No","Confidentiality of Inventions","1"
"Department of Defense","Agency Overall","2010","41 USC Sec 253b(m)(1)","Hornsbostel v. U.S. Dept. of Interior, 305 F. Supp. 2d, 21, 30 (D.D.C. 203), summary affirmance granted, No. 03-5257, 2004 WL 1900562 (D.C. Cir. Aug 25, 2004).","Certain Contractor Proposals not yet in a Contract","24"
"Department of Defense","Agency Overall","2010","42 USC Sec 290dd-2","No","Confidentiality of Patent Records","2"
"Department of Defense","Agency Overall","2010","41 USC Sec 423","Legal & Safety Employer Research, Inc. v U.S. Dept. of Army. No Civ. S001748, 2001 WL 34098652 at *3-4 (E.D. Cal. May 4, 2001)(dictum).","Contract Source Selection","1"
"Department of Defense","Agency Overall","2010","42 USC Sec 2162(a) (Restricted Data) 42 USC Sec 2168(a)(1)©(Formerly Restricted Data)","Meeropol v. Smith, No. 75-1121, slip op. at 53-55 (D.D.C. Feb 29 1984), aff'd in relevant part & remanded in part on other grounds sub nom, Meeropol v. Meese, 790 F.2d 942 (D.C. Cir. 1986).","Information Regarding Atomic Energy: Restricted and Formerly Restricted Data (A.E. Act of 1954 (specific applicable sections must be invoked)","43"
"Department of Defense","Agency Overall","2010","50 USC Sec 402 Note Sec 6 P.L. 86-36","Larson v. Dept. of Stat, 565 F. 3d 857, 868-869 (D.C. Cir. 2009); Founding Church of Scientology v. NSA, 620 F.2d 824, 827-28 (D.C. Cir. 1979); Roman v. NSA, No. 07-CV-4502, 2009 WL 303686, at #5-6 (E.D.N.Y Feb 9, 2009).","NSA Functions and Information","583"
"Department of Defense","Agency Overall","2010","50 USC 403g","Larson v. Dept of State, 565 F. 3d 857, 868-869 (D.C. Cir. 2009); Berman v. CIA, 501 F.3d 1136 1137-38, 1140 (9th Cir., 2007); Makky v Chertoff, 489 F.Supp. 2d 421, 442 (D.N.J 2007), aff'd on other grounds, 541 F. 3d 205 (3d Cir 2008).","CIA Functions & Information","4"
"Department of Defense","Agency Overall","2010","50 USC Sec 403-1(i)1)","CIA c. Sims 471 U.S. 159, 167 (1985); see also Minier v CIA, 88 F.3d 796, 801 99th Cir. 1996)(finding that agancy properly refused to confirm or deny existence of records concerning deceased person's alleged employment relationship with CIA); Maynard v. CIA, 986 F.2nd 547, 554 (1st Cir. 1993) (stating that under Sec 403(d)(3) it is the responsibility of the Director of CIA to determine whether sources or methods should be disclosed); Hunt v. CIA, 981 F.2d 1116, 1118 (9th Cir. 1992)(upholding agency's ""Glomar"" response to request on foreign national, because ackgnowledgment of any records would reveal sources and methods); Blzy v Tenet, 979 F. Supp. 10 23-24 (D.D.C. 1997)(protecting intelligence sources and methods located in requester's personnel file), summary affirmance granted, No. 97-5330 (D.C. Cir. May 12, 1998); Andrade v. CIA, No. 95-1215, 1997 WL 527347, at **3-5 (D.D.C. Aug. 18, 1997) (holding intelligence methods used in assessing employee fitness protectable).","Intelligence Sources and Methods","433"
"Department of Defense","Agency Overall","2010","50 USC Sec 421","No","Identities of US Undercover Intelligence Officers, Agents, Informants and Sources","2"
"Department of Defense","Agency Overall","2010","50 USC Sec 435 Note Sec 1082, P.L. 102-190","No","Information Concerning US Personnel Classified as POW/MIA During the Vietnam and Korean Conflicts (""McCain Bill"")","5"
"Department of Defense","Agency Overall","2010","50 USC Appx Sec 2170 ©","No","Authority to Review Certain Mergers, Acquisitions, and Takeovers","2"
"Department of Defense","Agency Overall","2010","P.L. 100-180, Sec 276(a)","No","Protection of Sematech Information","1"
"Department of Defense","Agency Overall","2010","IG Act of 1978, Sec 7(b). P.L. 95-452","No","Confidentiality of Employee Complaints to the IG","8"
"United States International Trade Commission","Agency Overall","2010","19 USC 1677(g)","None","Privilege or Confidential Information","3"
"United States International Trade Commission","Agency Overall","2010","19 USC 1332(g)","None","Confidential Business Information","1"
"United States International Trade Commission","Agency Overall","2010","41 USC 253b (m)","None","Prohibition on Release of Contract Proposals","1"
"Office of National Drug Control Policy","Agency Overall","2010","0","N/A","0","0"
"United States Postal Service","Agency Overall","2010","39 U.S.C. 410 (c)(1)","None","Records relating to names and addresses of postal customers","57"
"United States Postal Service","Agency Overall","2010","39 U.S.C. 410(c)(2)","Wickwire Gavin v. USPS, 356 F.3d 588 (4th Cir. 2004); Airline Pilots Assn, Intl v. USPS & FedEx, '04 US Dist LEXIS 26067 (DDC 6/24/04)","Records relating to commercial information that is proprietary to the Postal Service","122"
"United States Postal Service","Agency Overall","2010","39 U.S.C. 410(c)(3)","None","Records relating to information prepared for use in negotiating collective bargaining agreements","11"
"United States Postal Service","Agency Overall","2010","39 U.S.C. 410(c)(4)","None","Records prepared for proceedings under 39 U.S.C. Chapter 36, relating to rates, classification, and service changes","2"
"United States Postal Service","Agency Overall","2010","39 U.S.C. 410(c)(5)","None","Reports & memoranda of consultants or indep. contractors, except to extent they would be reqd to be disclosed if prepared within USPS","1"
"United States Postal Service","Agency Overall","2010","39 U.S.C. 412","None","Records containing lists of postal customers","7"
"United States Postal Service","Agency Overall","2010","18 U.S.C. 1461","None","Records concerning non-mailable matter","1"
"United States Postal Service","Agency Overall","2010","18 U.S.C. 2510","Lam Lek Chong v. DEA, 929 F.2d 729 (D.C. Cir. 1991)","Records relating to wiretap requests and information","1"
"United States Postal Service","Agency Overall","2010","18 U.S.C. 2517","Lam Lek Chong v. DEA, 929 F.2d 729 (D.C. Cir. 1991)","Records relating to wiretap requests and information","1"
"United States Postal Service","Agency Overall","2010","Federal Rules of Criminal Procedure-Rule 6(e)","Senate of P.R. v. United States Dep't of Justice, 823 F.2d 574 (D.C. Cir. 1987)","Grand jury information","9"
"United States Postal Service","Agency Overall","2010","5 U.S.C. 107, 5 CFR 2634-35","Meyerhoff v. EPA, 958 F.2d 1498, 1502-03 (9th Cir. 1992); Church of Scientology of Texas v. IRS, 816 F. Supp. 1138, 1152 (W.D. Tex. 1993); Judicial Watch v. Rossotti, 285 F. Supp. 2d 17, 30 (D.D.C. 2008).","Financial disclosure reports","3"
"United States Postal Service","Agency Overall","2010","Inspector General Act of 1978, Section 7(b)","United Am. Fin. v. Potter, 531 F. Supp. 2d 29, 45-46 (D.D.C. 2008)","Employee Complaint Information","7"
"General Services Administration","Agency Overall","2010","41 U.S.C. 253(b)","Hornbostel v. U.S.  Department of Interior  305 F Supp. 2d 2","Proposals of unsuccessful bidders","53"
"Federal Maritime Commission","Agency Overall","2010","46 U.S.C. 40306","N/A","Information and documents, other than agreements, filed with the Commission under 46 U.S.C. Chapter 403 regarding agreements","1"
"Federal Maritime Commission","Agency Overall","2010","5 U.S.C. 574","N/A","Administrative Dispute Resolution Act","1"
"National Credit Union Administration","Agency Overall","2010","31 U.S.C. 5319","None","Suspicious Activity Reports","1"
"Office of the Director of National Intelligence","Agency Overall","2010","Section 102A(i) of the National Security Act of 1947, as amended, codified at 50 U.S.C.§ 403-1(i).","CIA v. Sims, 471 U.S. 159 (1985), National Security Act of 1947.","Information that would reveal intelligence sources and methods was withheld pursuant to the National Security Act of 1947.","31"
"Court Services and Offender Supervision Agency","Agency Overall","2010","0","N/A","0","0"
"Department of Health and Human Services","Agency Overall","2010","41 U.S.C. 253b(m)","Hornbostel v. U.S. Dep't. of Interior, 305 F.Supp.2d 21 (D.D.C. 2003)","Technical proposal not incorporated into a final contract","50"
"Department of Health and Human Services","Agency Overall","2010","42 U.S.C. 242m(d) (Public Health Service Act 308(d))","","Identifiable information for certain research and statistical activities.","2"
"Department of Health and Human Services","Agency Overall","2010","42 U.S.C. 300aa-12(d)(4)(A)","Diane and Craig Arpino on behalf of Joseph Craig Arpino, Somers Point, New Jersey, HRSA - Fed. Cl. Number 040005V","Medical records presented to a Special Master in National Vaccine Injury Compensation Program court proceedings","3"
"Department of Health and Human Services","Agency Overall","2010","42 U.S.C. 11137 (b)","","Adverse reports of a health practitioner's conduct","1"
"Department of Health and Human Services","Agency Overall","2010","21 U.S.C. 331(j)","Anderson v. Department of Health & human Servs., 907 F.2d 936 (10th Cir. 1990)","Trade Secrets","41"
"Department of Health and Human Services","Agency Overall","2010","21 U.S.C. 350d(a)(4)","","Food Registration Documents","1"
"Department of Health and Human Services","Agency Overall","2010","5 U.S.C. app. 107(a) (Ethics in Government Act of 1978)","Meyerhoff v. U.S. EPA, 958 F.2d 1498 (9th Cir. 1992)","Financial disclosure information pertaining to certain government employees","5"
"Department of Health and Human Services","Agency Overall","2010","42 U.S.C. 262a(h)(1)(C)","","Bioterrorism-related information","4"
"Department of Health and Human Services","Agency Overall","2010","18 U.S.C. 208","","Financial disclosure forms/personal financial interest.","4"
"Department of Health and Human Services","Agency Overall","2010","41 U.S.C. 423","Legal & Safety Employer Research, Inc. v. U.S. Dep't of the Army, No. Civ. S001748, 2001 WL 34098652, at *3-4 (E.D. Cal. May 4, 2001) (dictum)","Information that would identify organizations who have submitted proposals prior to the issuance of an award and the disclosure of unfunded grant applications","5"
"Department of Health and Human Services","Agency Overall","2010","5 U.S.C. 7114(b)(4), 7132 (Civil Service Reform Act)","Dubin v. Dep't of Treasury, 555 F. Supp. 408, 412 (N.D. Ga. 1981) (5 U.S.C. 7114(b)(4)), aff'd, 697 F.2d 1093 (11th Cir. 1983) (unpublished table decision)","Pen Register Information","1"
"Department of Health and Human Services","Agency Overall","2010","15 U.S.C. 3710a(c) (Federal Technology Transfer Act)","Pub. Citizen Health Research Group v. NIH, 209 F.Supp. 2d 37, 43, 51 (DDC 2002); DeLorme Pub. Co., Inc. v. NOAA, 917 F.Supp. 867, 871-72 (D.ME. 19960, appeal dismissed per stipulation, No. 96-1601 (1st Cir. July 8, 1996).","Trade secrets or commercial or financial information that is privileged or confidential, under the meaning of section 552(b)(4) of Title 5, which is obtained in the conduct of research or as a result of activities under this chapter,” which pertains to cooperative research and development agreements for the purpose of technological and industrial innovation.","1"
"Department of Health and Human Services","Agency Overall","2010","42 U.S.C. 299c-3(c) and (d) (Public Health Service Act)","None","Raw research data in HCUP database","2"
"National Transportation Safety Board","Agency Overall","2010","49 U.S.C. § 1114(c)(1)","N/A","Any portion of cockpit voice recording (CVR) or the portions of a transcript of a CVR that the Board did not find relevant to an investigation.","6"
"National Transportation Safety Board","Agency Overall","2010","49 U.S.C. § 1114(f)","N/A","Any information relating to Board participation in foreign aircraft accidents, where the country conducting the investigation has not issued its report or 2 years have not elapsed from the date of the accident.","10"
"U.S. Railroad Retirement Board","Agency Overall","2010","45 U.S.C 362(d) and (n)","Association of Retired Railroad Workers v. U.S. Railroad Retirement Board, 830 F.2d 331, 334 (D.C. Cir. 1987)","Names, Addresses, and Medical Records of Claimants under the Railroad Retirement and Unemployment Insurance Acts","10"
"U.S. Agency for Global Media","Agency Overall","2010","22 U.S.C. 1461-1a","","Information produced by VOA for audiences outside the U.S.","1"
"Federal Election Commission","Agency Overall","2010",".","N/A","Pursuant to the Agency's implementing statute, the Commission is prohibited from disclosing ""any notification or investigation made under this section"" of ""any person without the written consent of the person receiving such notification or the person with respect to whom such investigation is made.""  In addition, ""no action by the Commission or any person, and no information derived, in connection with any conciliation attempt made by the Commission"" may be made public ""without the written consent of"" all parties.","6"
"National Mediation Board","Agency Overall","2010","0","N/A","0","0"
"National Indian Gaming Commission","Agency Overall","2010","0","N/A","0","0"
"U.S. Department of State","Agency Overall","2010","8 U.S.C § 1202(f)","Medina-Hincapie v. DOS 700 F.2d 737 (D.C. Cir. 1983)","Records pertaining to the issuance or refusal of visas to enter the US","5494"
"U.S. Department of State","Agency Overall","2010","50 U.S.C.  § 403g","Larson v.DOS 565 F.3d 857 (D.C. Cir. 2009)","CIA sources and methods; functions and personnel","22"
"U.S. Department of State","Agency Overall","2010","10 U.S.C.  § 424","Miller v. DOJ 562 F. Supp. 82 (D.D.C. 2008)","Organizational and personnel information for DIA, NRO and NIMA Information concerning arms export licensing cases","5"
"U.S. Department of State","Agency Overall","2010","22 U.S.C.  § 2778(e)","Council for a Livable World Education Fund v. DOS Docket #96-1807 (D.D.C.  Nov. 23, 1998)","Information concerning arms export licensing cases","8"
"U.S. Department of State","Agency Overall","2010","50 U.S.C. § 402 note","Larson v.DOS 565 F.3d 857 (D.C. Cir. 2009)","Information regarding National Security Agency activities and personnel","6"
"U.S. Department of State","Agency Overall","2010","42 U.S.C. § 2162","Meeropol v. Smith, No. 75-1121, slip op. at 53-55 (D.D.C. Feb. 29, 1984), aff’d in relevant part & remanded in part on other grounds sub nom, Meeropol v. Meese, 790 F.2d 942 (D.C. Cir. 1986).","Atomic Energy Act “Restricted Data” pertaining to atomic weapons and special nuclear material","1"
"U.S. Department of State","Agency Overall","2010","5 U.S.C. App3 § 7(b)","No","Protects employees who file complaints or provide information to the Inspector General","1"
"U.S. Department of State","Agency Overall","2010","22 U.S.C. § 4004","No","Foreign Service Act","1"
"U.S. Department of State","Agency Overall","2010","41 U.S.C.  § 253b(m)(1)","Hornbostel v. DOI 305 F. Supp. 2d 21 (D.D.C. 2003)","Protects contractor proposal solicited by and made to executive agency","1"
"U.S. Department of State","Agency Overall","2010","50 U.S.C.  § 2411(c)","Wis. Project on Nuclear Arms Control v. Dept. of Commerce 317 F.3d 275 (D.C. Cir. 2003)","Information concerning export license applications","2"
"U.S. Department of State","Agency Overall","2010","50 USC 1701 Note (PL#99-93 Sec 505)","No","Protects records on arbitration of claims before the Iran-United States Claims Tribunal","2"
"Office of the Special Inspector General for Afghanistan Reconstruction","Agency Overall","2010","n/a","0","0","0"
"Equal Employment Opportunity Commission","Agency Overall","2010","Title VII of the Civil Rights Act of 1964, 42 U.S.C. Sections 2000e-5 and 2000e-8.","EEOC v. Associated Dry Good Corp., 449 U.S. 590 (1981)","Title VII charges conciliation materials, required and case file information","2497"
"Equal Employment Opportunity Commission","Agency Overall","2010","Title I of the Americans with Disabilities Act Amendments Act of 1990, 42 U.S.C. Section 12117.","EEOC v. Associated Dry Good Corp., 449 U.S. 590 (1981)","ADA charges conciliation materials, required reports and case file information","3987"
"United States African Development Foundation","Agency Overall","2010","N/A","N/A","N/A","0"
"American Battle Monuments Commission","Agency Overall","2010","N/A","N/A","N/A","0"
"Office of Science and Technology Policy","Agency Overall","2010","0","N/A","0","0"
"Council of the Inspectors General on Integrity and Efficiency","Agency Overall","2010","0","N/A","0","0"
"Federal Financial Institutions Examination Council","Agency Overall","2010","o","o","0","0"
"Pension Benefit Guaranty Corporation","Agency Overall","2010","0","N/A","0","0"
"Federal Communications Commission","Agency Overall","2010","5 U.S.C. app. Section 107(a) (Ethics in Government Act of 1978)","Meyerhoff v. EPA, 958 F.2d 1498, 1500-02 (9th Cir. 1992); Concepcion v. FBI, 606 F. Supp. 2d 14, 33 (D.D.C. 2009).","Financial disclosure information pertaining to certain government employees.","1"
"Federal Communications Commission","Agency Overall","2010","41 U.S.C. Section 253b(m)(1) (National Defense Authorization Act for Fiscal Year 1997)","Hornbostel v. U.S. Dep't of the Interior, 305 F. Supp. 2d 21, 30 (D.D.C. 2003), summary affirmance granted, No. 03-5257, 2004 WL 1900562 (D.C. Cir. Aug. 25, 20054).","Contractor proposals that are in the possession or control of an executive agency and that have not been set forth or incorporated by reference into contracts.","1"
"Tennessee Valley Authority","Agency Overall","2010","Federal Property and Administrative Services Act of 1949, as amended at 41 U.S.C. 253b(m)","Hornbostel v. United States Dep't of the Interior, 305 F.Supp 2d 21 (D.D.C. 2003)","Proposals submitted in response to competitive procurements.","2"
"Office of Government Ethics","Agency Overall","2010","0","N/A","0","0"
"Federal Trade Commission","Agency Overall","2010","FTC Act Section 6f, 15 U.S.C. §46(f)","Its use was upheld in Doherty v. FTC, 1981-1 Trade Cas. (CCH) § 64,117 (D.D.C. June 24, 1981).","“Any trade secrets or any commercial or financial information which is obtained from any person and which is privileged or confidential.”","43"
"Federal Trade Commission","Agency Overall","2010","FTC Act Section 21b, 15 U.S.C. §57b-2(b)","Its use was upheld in Dairymen, Inc. v. FTC, 1980-2 Trade Cas. (CCH) ¶ 63,479 (D.D.C. July 9, 1980).","Materials received pursuant to compulsory process in a law enforcement investigation","3"
"Federal Trade Commission","Agency Overall","2010","FTC Act Section 21f, 15 U.S.C. §57b-2(f)","Its use was upheld in A. Michael’s Piano v. FTC, 18 F.3d 138 (2d Cir. 1994).","Material obtained pursuant to process or voluntarily in lieu of process in a law enforcement investigation.","84"
"Federal Trade Commission","Agency Overall","2010","Clayton Act (Hart-Scott-Rodino Provisions), Section 7A(h), 15 U.S.C. §18a(h)","Its use was upheld in Lieberman v. FTC, 771 F.2d 32 (2nd Cir. 1985).","Material filed pursuant to the premerger (HSR) provisions of the Act","10"
"Federal Trade Commission","Agency Overall","2010","Section 1114 of the Medicare Prescription Drug, Improvement, and Modernization Act of 2003, 21 U.S.C. § 355","None","Any information or documentary material that may have been filed pursuant to the pharmaceutical agreement notification","2"
"Federal Trade Commission","Agency Overall","2010","Section 821(b) of the National Defense Authorization Act (41 U.S.C. 253b(m);","None","A. Confidential Financial Disclosure B. Reports Contractor Proposal","1"